"Authors","Author full names","Author(s) ID","Title","Year","Source title","Volume","Issue","Art. No.","Page start","Page end","Cited by","DOI","Link","Abstract","Author Keywords","Index Keywords","Document Type","Publication Stage","Open Access","Source","EID"
"Ledbetter H.M.","Ledbetter, H.M. (7005466056)","7005466056","Elastic constants of polycrystalline copper at low temperatures: Relationship to single-crystal elastic constants","2022","Physica status solidi (a)","","","","477","484","0","","https://www.scopus.com/pages/publications/85192936998?origin=resultslist","Elastic constants of polycrystalline copper are determined between 4 and 295 K by measuring ultrasonic velocities, longitudinal and transverse. Five elastic constants are given: longitudinal modulus, shear modulus, Young's modulus, bulk modulus (reciprocal compressibility), and Poisson's ratio. Considering eight theories of single-crystal :polycrystal elastic constants, the Hershey-Kröner-Eshelby theory agrees best with observation, within 1% for the shear modulus, G. (Voigt and Reuss first-order bounds on G differ by 29%.) A problem exists concerning the calculation of the Debye temperature of polycrystalline aggregates. © 1981 by Akademie-Verlag Berlin. All rights reserved.","","Copper; Elastic moduli; Shear strain; Single crystals; Eshelby theory; First order; Longitudinal modulus; Lows-temperatures; Polycrystalline aggregates; Polycrystalline copper; Single crystal elastic constants; Young modulus; Elastic constants","Book chapter","Final","","Scopus","2-s2.0-85192936998"
"Choudhury S.F.; Ladani L.","Choudhury, Soud Farhan (55885817800); Ladani, Leila (12787903000)","55885817800; 12787903000","Single Crystal Plasticity Finite Element Analysis of Cu6Sn5 Intermetallic","2015","Metallurgical and Materials Transactions A: Physical Metallurgy and Materials Science","46","3","","1108","1118","13","10.1007/s11661-014-2696-0","https://www.scopus.com/pages/publications/84925507158?origin=resultslist","Due to the miniaturization of the solder joints in micro/nanoelectronic devices, the volume ratio of intermetallic (IMCs) materials has substantially increased. This increased ratio could affect the reliability of solder joints depending on the regime and the rate of the loading. Cu6Sn5 is the primary IMC layer in the solder joint, and the primary crack initiation is observed in Cu6Sn5 site in the literature. As the size of the joints becomes closer to the grain size, joints may only contain a few numbers of grains of Cu6Sn5. This manifests itself in statistical grain size effects, as well as anisotropy. Modeling these joints using bulk properties of Cu6Sn5 does not capture the actual behavior of these joints especially when plastic deformation is involved. Plastic deformation, starting at yield point, happens to be associated with the activation of slip systems. Deformation of a slip system of single crystal largely rests on the slip parameters such as critical resolved shear stress (CRSS), initial hardening modulus, and saturation stress (Stage I stress when large plastic flow occurs). However, no efforts have been made to capture the slip parameters of Cu6Sn5 experimentally or analytically because of the difficulties of using conventional mechanical tests to measure the slip parameters of HCP single crystals. Due to wide range of CRSS values, it becomes difficult to isolate a specific slip system in testing without activating the other slip systems. The crystal plasticity finite-element (CPFE) method takes into account the effect of anisotropy and slip system behavior in modeling materials. This work uses a combined strategy based upon experiments, modeling, and a comparative analysis to obtain slip system parameters that could predict the slip process of Cu6Sn5. Nanoindentation tests were performed on Cu6Sn5 single crystal to extract the load–displacement curves, and a CPFE nanoindentation model analysis along with custom user material was utilized to obtain set of crystal plasticity material parameters which can represent the plastic behavior of Cu6Sn5 IMC. These parameters were then used to predict shear yield strength and shear modulus of Cu6Sn5, and the findings were compared with the previously published values in the literature. © 2014, The Minerals, Metals & Materials Society and ASM International.","","Anisotropy; Binary alloys; Chemical activation; Chromium alloys; Finite element method; Grain size and shape; Intermetallics; Lead-free solders; Nanoindentation; Plastic deformation; Plasticity; Shear flow; Shear stress; Single crystals; Tin alloys; Comparative analysis; Critical resolved shear stress; Crystal plasticity; Crystal plasticity finite element; Displacement curve; Nanoindentation tests; Shear yield strength; Single crystal plasticity; Copper alloys","Article","Final","","Scopus","2-s2.0-84925507158"
"Ledbetter H.","Ledbetter, Hassel (7005466056)","7005466056","MONOCRYSTAL-POLYCRYSTAL ELASTIC-CONSTANT MODELS","1990","ASTM Special Technical Publication","STP 1045","","","135","148","6","10.1520/STP24621S","https://www.scopus.com/pages/publications/85167809704?origin=resultslist","Considering only cubic syuunetry (three independent monocrystal elastic-stiffness coefficients, Cij, we review various models for converting the Cij to the effective macroscopic quasiisotropic and homogeneous elastic constants, usually taken as B, the bulk modulus, and G, the shear modulus. To test the models, we consider a typical metal: copper, which possesses a moderate Zener elastic-anisotropy ratio, 3.19, and which was measured by pulse-echo dynamic (MHz) methods. We find that the Hershey-Kroner-Eshelby, and equivalent, models work best. We ignore models that lack a physical bas is. Using the H-K-E model, we calculate the effective polycrystalline elastic constants of twenty-five cubic elements. © 1990 ASTM International. All rights reserved.","bulk modulus; elastic constants; monocrystal- polycrystal relationships; physical properties; Poisson ratio; shear modulus; Young modulus","Elastic constants; Polycrystals; Shear strain; Anisotropy ratio; Elastic anisotropy; Elastic stiffness coefficients; Eshelby model; Metal copper; Mono-crystals; Monocrystal- polycrystal relationship; Pulse echoes; Quasi-isotropic; Young modulus; Elastic moduli","Conference paper","Final","","Scopus","2-s2.0-85167809704"
"Zhao Z.; Li Z.; Lv L.","Zhao, Zhen (55726167100); Li, Zhi (58406130400); Lv, Linlin (56982452900)","55726167100; 58406130400; 56982452900","Quantum chemical calculations of thermodynamic and mechanical properties of the intermetallic phases in copper-scandium alloy","2017","Journal of Theoretical and Computational Chemistry","16","7","1750056","","","7","10.1142/S0219633617500560","https://www.scopus.com/pages/publications/85027188378?origin=resultslist","To understand how the intermetallic phases of Cu-Sc influence the thermal stability and mechanical strength of Cu-Sc alloys, thermodynamic and mechanical characters of the Cu-Sc alloy have been calculated by first-principles. The lattice parameters of Cu4Sc phase are obtained by calculated and the CuSc phase is found to be the most stable phase based on formation energies. In the binary Cu-Sc alloy, the shear moduli of Cu4Sc and Cu2Sc phases along the [100](001) crystal orientation are easier than those along the [100](010) crystal orientation, respectively. Pure Cu phase acts as the most stiffness phase while αSc phase has the lowest stiffness. Cu4Sc phase possesses the best plasticity while CuSc phase possesses the worst plasticity. Cu4Sc phase is the most ductile phase while αSc phase is the most brittle phase. From the partial density of states, the valence bands of binary Cu-Sc phases are dominated by the Sc-d states. © 2017 World Scientific Publishing Company.","Cu-Sc alloy; electronic properties; first-principles; mechanical properties; thermodynamic properties","","Article","Final","","Scopus","2-s2.0-85027188378"
"Huang C.-W.; Chang M.-P.; Fang T.-H.","Huang, Chia-Wei (57272944700); Chang, Man-Ping (57273193400); Fang, Te-Hua (7201676469)","57272944700; 57273193400; 7201676469","Effects of temperature and repeat layer spacing on mechanical properties of graphene/polycrystalline copper nanolaminated composites under shear loading","2021","Beilstein Journal of Nanotechnology","12","","","863","877","2","10.3762/bjnano.12.65","https://www.scopus.com/pages/publications/85115793366?origin=resultslist","In the present study, the characteristics of graphene/polycrystalline copper nanolaminated (GPCuNL) composites under shear loading are investigated by molecular dynamics simulations. The effects of different temperatures, graphene chirality, repeat layer spacing, and grain size on the mechanical properties, such as failure mechanism, dislocation, and shear modulus, are observed. The results indicate that as the temperature increases, the content of Shockley dislocations will increase and the maximum shear stress of the zigzag and armchair directions also decreases. The mechanical strength of the zigzag direction is more dependent on the temperature than that of the armchair direction. Moreover, self-healing occurs in the armchair direction, which causes the shear stress to increase after failure. Furthermore, the maximum shear stress and the shear strength of the composites decrease with an increase of the repeat layer spacing. Also, the shear modulus increases by increasing the grain size of copper. © 2021. Huang et al.; licensee Beilstein-Institut. License and terms: see end of document.","dislocation; graphene/Cu; molecular dynamics; self-healing; shear","Copper; Elastic moduli; Failure (mechanical); Grain size and shape; Molecular dynamics; Self-healing materials; Shear flow; Shear strain; Shear stress; Temperature; Dislocation; Effects of temperature; Grainsize; Graphene-Cu; Layer-spacing; Maximum shear stress; Polycrystalline copper; Self-healing; Shear; Shear loadings; Graphene","Article","Final","All Open Access; Gold Open Access; Green Open Access","Scopus","2-s2.0-85115793366"
"Yuhua Jin; Luo P.; Wang H.; Hu B.; Lu X.; Ren J.","Yuhua Jin (59670470200); Luo, Peng (59670733500); Wang, Helai (59670470300); Hu, Bairui (59670997800); Lu, Xuefeng (55619293369); Ren, Junqiang (36769274700)","59670470200; 59670733500; 59670470300; 59670997800; 55619293369; 36769274700","First-Principles Investigation of the Properties of Copper–Aluminum Intermetallic Compounds","2024","Physics of Metals and Metallography","125","Suppl 1","","S121","S132","2","10.1134/S0031918X24601446","https://www.scopus.com/pages/publications/86000070533?origin=resultslist","Abstract: After copper and aluminum are connected friction stir welding(FSW), the primary intermetallic compounds formed in the joint are Al4Cu9, Al2Cu, and AlCu. To further analyze the influence of intermetallic compounds on the properties of Cu/Al joints, the mechanical, electronic, and thermodynamic properties of Al4Cu9, Al2Cu, and AlCu in Cu/Al joints were calculated using first-principles methods. Based on the calculated cohesive energy and formation enthalpy, the stability order of the compounds is Al4Cu9 > Al2Cu > AlCu. The energy band structure and density of states indicate that these compounds predominantly form covalent bonds while exhibiting conductive properties. The single-crystal elastic constants and polycrystalline elastic moduli, including bulk modulus, Young’s modulus, and shear modulus were calculated, and the melting points were predicted to understand their respective thermal expansion coefficients. © Pleiades Publishing, Ltd. 2024.","first-principles calculations; intermetallic compounds; property of intermetallic compound; thermodynamic properties","Aluminum compounds; Copper alloys; Copper compounds; Indium phosphide; Organometallics; Al-4%Cu; First principle calculations; First-principles investigations; Friction-stir-welding; Intermetallics compounds; Mechanical; Property; Property of intermetallic compound; Thermodynamics property; Shear strain","Article","Final","","Scopus","2-s2.0-86000070533"
"Manghnani M.H.; Brower W.S.; Parker H.S.","Manghnani, M.H. (7004591395); Brower, W.S. (7003922514); Parker, H.S. (7101697698)","7004591395; 7003922514; 7101697698","Anomalous elastic behavior in Cu2O under pressure","1974","physica status solidi (a)","25","1","","69","76","54","10.1002/pssa.2210250103","https://www.scopus.com/pages/publications/0016103452?origin=resultslist","The elastic constants Cij of single‐crystal Cu2O measured to 3 kbar show linear variation with pressure. The best‐fit values of the Cij and dCij/dP are: C11 = 1228.8, C44 = 121.0, C′ = (C11–C12)/2 = 81.9 kbar, dC11/dP = 3.62, dC44/dP = −0.69, and dC′/dP = −0.63, respectively. The elastic behavior of Cu2O is found to be anomalous in that dC44/dP and dC′/dP are both negative, and dμ/dP, where μ is the isotropic shear modulus, is significantly negative (−0.67). This anomalous behavior suggests an instability of crystal structure. The high‐ and low‐temperature limiting values of Grüneisen γ, γH and γL, computed from the dCij/dP are −1.98 and −3.59, respectively. The value of γH is in fairly good agreement with the reported Grüneisen γ value based on the nuclear quadrupole relaxation data. The negative Grüneisen γ values are consistent with the observed negative thermal expansion. The implication of γL being appreciable more negative than γH is that the coefficient of thermal expansion of Cu2O should become more negative at low temperatures. Copyright © 1974 WILEY‐VCH Verlag GmbH & Co. KGaA","","COPPER METALLOGRAPHY","Article","Final","","Scopus","2-s2.0-0016103452"
"Wu Y.D.; Cai Y.H.; Chen X.H.; Wang T.; Si J.J.; Wang L.; Wang Y.D.; Hui X.D.","Wu, Y.D. (57216625902); Cai, Y.H. (23476483100); Chen, X.H. (57204978343); Wang, T. (59873098500); Si, J.J. (55968308000); Wang, L. (59874550000); Wang, Y.D. (8352824900); Hui, X.D. (25925133500)","57216625902; 23476483100; 57204978343; 59873098500; 55968308000; 59874550000; 8352824900; 25925133500","Phase composition and solid solution strengthening effect in TiZrNbMoV high-entropy alloys","2015","Materials and Design","83","","","651","660","286","10.1016/j.matdes.2015.06.072","https://www.scopus.com/pages/publications/84941265733?origin=resultslist","TiZrNbMoxVy high-entropy alloys (HEAs) with x=0-2, y=1 and y=0.3, respectively, were designed and prepared by copper mold casting technology. The phase composition and stability of these HEAs were investigated. It is shown that the HEAs with low content of V are composed of only one type of bcc solid solution phase (SSP), and demonstrate excellent phase stability at 1273K. The high content of V and Mo results in the formation of two types of bcc SSPs and the decrease of phase stability in the HEAs. Based on the previously proposed criteria, the formation ability of solid solution phase for this kind of HEAs was comprehensively evaluated. The compressive mechanical properties of the as-cast and annealed HEAs were measured. It has been found that Mo plays a strong solid solution strengthening effect on this kind of HEAs. Especially, TiZrNbMo0.3V0.3 has the yield strength and plastic strain of 1312MPa and >50%, respectively, and still maintains the excellent plastic deformation ability even after annealed at 1273K for 72h. The strengthening effect in this kind of HEAs is considered to be due to the shear modulus mismatch. The solubility limit of HEAs is correspondent to shear modulus mismatch of 29. © 2015 Elsevier Ltd.","Compressive properties; High-entropy alloys; Phase composition; Solid solution phase; TiZrNbMoV","Elastic moduli; Entropy; Phase composition; Phase stability; Plastic deformation; Shear flow; Shear strain; Compressive mechanical properties; Compressive properties; High entropy alloys; Plastic deformation abilities; Solid solution phase; Solid solution strengthening; Strengthening effect; TiZrNbMoV; Solid solutions","Article","Final","","Scopus","2-s2.0-84941265733"
"De Jonghe L.C.; Greenfield I.G.","De Jonghe, L.C (8573051400); Greenfield, I.G (6603924170)","8573051400; 6603924170","Surface hardening by diffusion in copper single crystals","1969","Acta Metallurgica","17","12","","1411","1420","13","10.1016/0001-6160(69)90003-0","https://www.scopus.com/pages/publications/0014627275?origin=resultslist","The effect of composition changes below the surface of copper single crystals on the critical-resolved-shear stress and on dislocation configuration near the surface was studied. Various gradients with a solute concentration decreasing from the surface were developed by diffusing platinum from an electroplated layer into copper crystals. Concomitant with the resulting concentration gradients are gradients of elastic constants and lattice parameters. For all surface treatments used in these experiments the critical-resolved-shear stress was increased; the highest value was found to be 360 g/mm2, which is about four times that measured for pure untreated crystals. The steeper the composition gradient near the surface the greater was the measured critical-resolved-shear stress. For most treatments the structural changes that accompanied the strengthening were identified as networks of accommodation dislocations in the subsurface region. The mesh size of these networks increased when the composition gradient was decreased. In evaluating the surface strengthening mechanism the effects of shear modulus, orientation of the crystal, and ordering were considered. From these experiments the prominent strengthening mechanism appears to be due to the impedance of glide dislocation movement by the acaommodation-dislocation network in the subsurface layer. © 1969.","","COPPER AND ALLOYS; COPPER METALLOGRAPHY, DIFFUSIO","Article","Final","","Scopus","2-s2.0-0014627275"
"Huang W.; Pan K.; Zhang J.; Gong Y.","Huang, Wei (56988048800); Pan, Kailin (7102713615); Zhang, Jian (55955846000); Gong, Yubing (56315485000)","56988048800; 7102713615; 55955846000; 56315485000","Effect of In-Doping on Mechanical Properties of Cu6Sn5-Based Intermetallic Compounds: A First-Principles Study","2021","Journal of Electronic Materials","50","7","","4164","4171","22","10.1007/s11664-021-08929-1","https://www.scopus.com/pages/publications/85105519658?origin=resultslist","Cu6(Sn, In)5 phase intermetallic compounds (IMCs) were generated by In doping in Sn-Ag-Cu(SAC) solders. First, the optimum site of the In atom replacing the Sn atom was determined. Subsequently, the elastic constants of the IMCs were calculated based on the determined structure. All calculations were performed using first-principles calculations. The results show that Cu24Sn19In1 is a new IMC, and its structural stability is better than that of Cu6Sn5. Moreover, the anisotropy of Cu24Sn19In1 is stronger than that of Cu6Sn5. Based on first-principles calculations and VRH methods, the bulk modulus, shear modulus, Young’s modulus, and Poisson's ratio of polycrystalline Cu6Sn5 are 78.31 GPa, 39.00 GPa, 100.35 GPa, and 0.2864 GPa, respectively, and 88.08 GPa, 41.42 GPa, 107.43 GPa, and 0.2967 GPa of Cu24Sn19In1, respectively. All elastic moduli of the latter are larger than those of the former. The formation of a Cu24Sn19In1 IMC can improve the mechanical properties of the IMC layer. © 2021, The Minerals, Metals & Materials Society.","First-principles; IMC; In-doping; mechanical properties","Binary alloys; Calculations; Copper alloys; Elastic moduli; Indium alloys; Intermetallics; Stability; Ternary alloys; Effect of In; First-principles calculation; First-principles study; IMC layer; Polycrystalline; Sn-Ag-Cu; Structural stabilities; Tin alloys","Article","Final","","Scopus","2-s2.0-85105519658"
"Fang Q.; Sansoz F.","Fang, Qiongjiali (55350490800); Sansoz, Frederic (6507214476)","55350490800; 6507214476","Columnar grain-driven plasticity and cracking in nanotwinned FCC metals","2021","Acta Materialia","212","","116925","","","42","10.1016/j.actamat.2021.116925","https://www.scopus.com/pages/publications/85105459426?origin=resultslist","The mechanisms of strengthening and plasticity in columnar-grained metals with preferentially oriented nano-sized twins have been examined traditionally by considering dislocation processes, but rarely from the perspective of grain boundary (GB) deformation. Here, the effects of GB strain accommodation on plastic deformation in four different columnar-grained nanocrystalline nanotwinned (nt) face-centered-cubic metals (Cu, Ag, Al, and Ni) were studied by large-scale molecular dynamics simulations. It is observed that in tensile deformation parallel to coherent twin boundaries (CTBs), the dislocation mechanisms in each metal are identical and associated with GB emissions of jog and threading dislocations at small and large CTB spacings, respectively. However, CTB strengthening effects are increasingly more pronounced in columnar-grained nt metals as their shear modulus increases, which is rationalized by the dependence of GB stress concentrations on twin size, metal type and strain rate. Also, while flow stresses in nt-Cu, nt-Ag, and nt-Al metals increase linearly with decreasing CTB spacing, a maximum strength limit is reached in nt-Ni below a critical CTB spacing of 6 nm. The strength limit in nt-Ni results from columnar GB cracking induced by prominent GB sliding. For columnar-grained microstructures, GB sliding is equivalent in nt-Ag and nt-Al and slightly lower in nt-Cu but markedly higher in nt-Ni. These findings underscore the importance of new GB deformation mechanisms on plasticity and fracture in columnar-grained nt metals and enrich our understanding of CTB strengthening in fcc metals synthesized in the literature. © 2021","Coherent twin boundary; Columnar grain; Grain boundary plasticity; Molecular dynamics simulations; Nanotwinned metals","Cracks; Fluid catalytic cracking; Grain boundaries; Metals; Molecular dynamics; Nanocrystals; Plasticity; Shear flow; Strain rate; Deformation mechanism; Dislocation mechanisms; Face-centered cubic metals; Large-scale molecular dynamics; Strain accommodations; Strengthening effect; Tensile deformation; Threading dislocation; Strengthening (metal)","Article","Final","All Open Access; Green Open Access","Scopus","2-s2.0-85105459426"
"de Morton M.E.; Leak G.M.","de Morton, M.E. (6602088040); Leak, G.M. (22997840800)","6602088040; 22997840800","Zener Relaxations in the Copper-Gold System","1967","Metal Science Journal","1","1","","182","186","12","10.1179/msc.1967.1.1.182","https://www.scopus.com/pages/publications/84996199631?origin=resultslist","Zener relaxation peaks have been observed by low-frequency internal-friction measurements in seven polycrystalline copper-gold alloys. Measurements of associated activation energies and relaxation strengths show maxima at the equiatomic composition of 50.5 kcal/mole and 0.4 (at 400° C), respectively. The activation energies for the relatively dilute alloys were slightly less than or equal to those reported for tracer-diffusion studies. A large variation in τ0 with composition correlates roughly with entropy changes estimated from the temperature-dependence of the shear modulus. The maximum relaxation strength at equiatomic composition is in qualitative agreement with the predictions of Zener (“Elasticity and Anelasticity of Metals”, p. 106. 1948: Chicago (University Press)) and Shmatov (Physics Metals Metallography, 1960, 9, 98). Estimation of the ordering temperatures for Cu3Au and two off-stoichiometric alloys from the temperature-dependence of the relaxation strength has yielded results that compare reasonably well with the phase diagram. © 1967, Maney Publishing. All rights reserved.","","","Article","Final","","Scopus","2-s2.0-84996199631"
"Gairola B.K.D.; Kröner E.","Gairola, B.K.D. (6505804444); Kröner, E. (6602605855)","6505804444; 6602605855","A simple formula for calculating the bounds and the self-consistent value of the shear modulus of a polycrystalline aggregate of cubic crystals","1981","International Journal of Engineering Science","19","6","","865","869","46","10.1016/0020-7225(81)90120-8","https://www.scopus.com/pages/publications/0019681268?origin=resultslist","Starting from the general case a simple formula (see eqn 19) is derived for calculating the bounds of all orders as well as the self-consistent value of the shear modulus for the special case of a macroscopically isotropic disordered polycrystalline aggregate of cubic crystals. As an example calculations are performed for copper. © 1981.","","STRUCTURAL ANALYSIS - Mathematical Models; CRYSTALS","Article","Final","","Scopus","2-s2.0-0019681268"
"Weertman J.; Salkovitz E.I.","Weertman, J. (59851514900); Salkovitz, E.I. (6507584638)","59851514900; 6507584638","The internal friction of dilute alloys of lead","1955","Acta Metallurgica","3","1","","1","9","18","10.1016/0001-6160(55)90002-X","https://www.scopus.com/pages/publications/0040050459?origin=resultslist","The internal friction and Young's modulus were measured for a series of single crystals of lead containing approximately. 01 to 1 atomic per cent of either Bi, Sn, or Cd. It was discovered that the internal friction was independent of strain amplitude up to a critical strain amplitude, at which point the internal friction increased and the modulus decreased with further increase in strain amplitude. At room temperature the resolved shear stress for this critical strain amplitude is approximately equal to .15 με{lunate}c where μ is the shear modulus, ε{lunate} is the fractional difference in size between the solute and solvent atoms, and c is the fraction of the total number of atoms which are solute atoms. The data also agree well with results on the change in the critical shear stress with alloying content in copper crystals reported by Linde, Lindell, and Stade. © 1955.","","","Article","Final","","Scopus","2-s2.0-0040050459"
"Thilly L.; Lecouturier F.; Coffe G.; Askénazy S.","Thilly, L. (6603791955); Lecouturier, F. (55897734500); Coffe, G. (6701339658); Askénazy, S. (7005392082)","6603791955; 55897734500; 6701339658; 7005392082","Recent progress in the development of ultra high strength ""continuous"" Cu/Nb and Cu/Ta conductors for non-destructive pulsed fields higher than 80 T","2002","IEEE Transactions on Applied Superconductivity","12","1","","1181","1184","13","10.1109/TASC.2002.1018612","https://www.scopus.com/pages/publications/0036510107?origin=resultslist","High strength and high conductivity Cu/Nb nanofilamentary wires are elaborated for the winding of resistive coils that produce pulsed high magnetic fields. The structure of the ""continuous"" Cu/Nb nanocomposites is a Cu matrix containing continuous parallel Nb filaments with a diameter in the nanometer range. The be first generation conductors possessed at 77 K an Ultimate Tensile strength of 2 GPa and a resistivity of 0.6 μΩ.cm for a 0.04 mm2 section. The aim of this work was to link the macroscopic properties to the structure at the nanometer scale in order to define an optimized geometry. Structural studies and in-situ tensile tests in a Transmission Electron Microscope revealed the effect of confinement on the plasticity of the finest Cu channels and of the Nb nanowires. The effect of the nanometer size was modeled to predict the mechanical and the electrical properties. The good agreement between the simulations and the experimental data allowed the definition of the optimization parameters that were used to elaborate the new generation continuous Cu/Nb nanocomposites: the best result was achieved for a Cu/28% vol. Nb conductor with a 5 mm2 section, containing 52.2 × 106 Nb nanofilaments with a diameter of 140 nm; at 77 K, the UTS is 1.9 GPa and the resistivity is 0.58 μΩcm. These optimized reinforced conductors can be used to build a pulsed oil generating fields higher than 80 T in a coilin-coilex system. The continuous nanocomposites are further improved by the following two ways: i) increasing the number of Nb nanowhiskers to 855 = 4.4 × 109; ii) using other b.c.c. reinforcing metals with higher shear modulus (tantalum). An innovating and promising structure is also under development: the ""co-cylindrical"" Cu/Nb/Cu nanocomposites, where the Cu matrix contains 85n Nb nanotubes filled with Cu nanowhiskers.","High strength and high conductivity conductors; Nanocomposites; Nondestructive pulsed high field magnets; Whiskers","Copper compounds; Electric coils; Electric conductivity; Electric windings; Geometry; Magnetic fields; Nanostructured materials; Nondestructive examination; Optimization; Superconducting wire; Tensile strength; Tensile testing; Nanofilamentary wires; Nondestructive pulsed field magnets; Superconducting materials","Conference paper","Final","","Scopus","2-s2.0-0036510107"
"Kwok W.K.; Fendrich J.A.; Vinokur V.M.; Koshelev A.E.; Crabtree G.W.","Kwok, W.K. (56425283600); Fendrich, J.A. (7003518992); Vinokur, V.M. (7005560410); Koshelev, A.E. (7006836494); Crabtree, G.W. (7101695109)","56425283600; 7003518992; 7005560410; 7006836494; 7101695109","Vortex shear modulus and lattice melting in twin boundary channels of YBa2Cu3O7-δ","1996","Physical Review Letters","76","24","","4596","4599","70","10.1103/PhysRevLett.76.4596","https://www.scopus.com/pages/publications/0030168660?origin=resultslist","Melting of the vortex lattice is probed directly by investigating the flow of vortices in channels created by twin boundaries. The angular-dependent resistivity ρT, H\(θ\) has a maximum above the melting temperature Tm and crosses over to a minimum below, corresponding to the onset of a shear modulus which reduces vortex flow in the channels. A peak effect in the critical current below Tm is accompanied by a sharp increase in the twin boundary pinning accommodation angle. We calculate the effective twin boundary pinning energy by relating the accommodation angle to a thermal depinning angle. © 1996 The American Physical Society.","","Calculations; Channel flow; Critical currents; Crystal lattices; Freezing; Grain boundaries; Magnetic fields; Magnetoresistance; Melting; Single crystals; Vortex flow; Thermal energy; Twin boundary pinning energy; Vortex lattice; Vortex shear modulus; Yttrium barium copper oxide; Yttrium compounds","Article","Final","","Scopus","2-s2.0-0030168660"
"Ledbetter H.M.; Kim S.A.","Ledbetter, H.M. (7005466056); Kim, S.A. (7601577698)","7005466056; 7601577698","Low temperature elastic constants of deformed polycrystalline copper","1988","Materials Science and Engineering A","101","C","","87","92","31","10.1016/0921-5093(88)90053-6","https://www.scopus.com/pages/publications/0024014964?origin=resultslist","By ultrasonic methods, we studied copper's elastic constants between 295 and 4 K. The specimens consisted of polycrystals deformed by rolling. At ambient temperature, compared with annealed texture-free copper, the deformed specimens usually showed lower elastic stiffness: up to 11% in Young's modulus and 19% in shear modulus. The Poisson ratio increased up to 14%. These softenings reflect three internal-structure changes: texture, non-pinned dislocation density and anisotropic dislocation array. Cooling to 4 K showed regular behavior, nearly the same as for annealed texture-free copper. After plastic deformation, at ambient temperatures, the elastic constants showed time-dependent recovery. © 1988.","","COPPER METALLOGRAPHY - Microstructures; CRYSTALS - Dislocations; METALS TESTING - Elasticity; CDA 104 ALLOY; DEFORMED POLYCRYSTALLINE COPPER; LOW TEMPERATURE ELASTIC CONSTANTS; PLASTIC DEFORMATION; COPPER AND ALLOYS","Article","Final","","Scopus","2-s2.0-0024014964"
"Kettunen P.O.","Kettunen, Pentti O. (7006399132)","7006399132","Comparison of fatigue properties of single crystals and polycrystals","1967","Philosophical Magazine","16","140","","253","259","15","10.1080/14786436708229738","https://www.scopus.com/pages/publications/84996255141?origin=resultslist","A comparison is made between fatigue strength properties of single crystals and polycrystais determined by the method of constant stress amplitude. When the S-N curve is expressed as shear stress amplitude versus number of cycles, the results with polycrystais are found to coincide with those on single crystals in both iron and copper. When the shear stress amplitude is normalized by the shear modulus, the resulting S-N curves of iron and copper are of the same order of magnitude. The few existing results suggest for aluminium a corresponding value of about half of that above. This is in accordance with the idea that there is correlation between fatigue and stage III of unidirectional work-hardening. © 1967 Taylor & Francis Group, LLC.","","","Article","Final","","Scopus","2-s2.0-84996255141"
"Mandai D.; Baker I.","Mandai, D. (35334762000); Baker, I. (7102890126)","35334762000; 7102890126","The influence of grain boundaries on the stored energy of cold-work and recrystallization kinetics","1996","Materials Science Forum","207-209","PART 2","","521","524","4","","https://www.scopus.com/pages/publications/0029725049?origin=resultslist","Deformation results in an increase in the stored energy in a material due to the generation of two types of dislocations, viz., geometrically-necessary dislocations and statistically-stored dislocations. The increase in energy due to the geometrically-necessary dislocation is found to increase rapidly with strain until a cell structure forms and then remains fairly constant. The stored energy due to statistically-stored dislocations increases linearly with increasing strain in two stages. The recrystallization temperature of the material decreases as the stored energy increases but even at high strain levels the recrystallization kinetics are found to be influenced by the grain boundary area.","Geometrically-Necessary Dislocations; Grain-Boundary Dislocations; Recrystallization Temperature; Stored Energy","Annealing; Cold working; Copper; Crystal structure; Dislocations (crystals); Polycrystalline materials; Recrystallization (metallurgy); Strain; Cell structure; Geometrically necessary dislocations; Grain boundary dislocation; Recrystallization temperature; Shear modulus; Stacking fault energy; Stored energy; Grain boundaries","Article","Final","","Scopus","2-s2.0-0029725049"
"Ledbetter H.M.; Kim S.A.; Goldfarb R.B.; Togano K.","Ledbetter, H.M. (7005466056); Kim, S.A. (7601577698); Goldfarb, R.B. (22961487600); Togano, K. (7101792254)","7005466056; 7601577698; 22961487600; 7101792254","Elastic constants of the polycrystalline Bi-Pb-Sr-Ca-Cu-O superconductor","1989","Physical Review B","39","13","","9689","9692","47","10.1103/PhysRevB.39.9689","https://www.scopus.com/pages/publications/0000332402?origin=resultslist","For polycrystalline For polycrystalline (Bi-Pb)2@Sr2Ca2Cu3O10, we report the 5295-K elastic constants: shear modulus (G), Young modulus (E), bulk modulus (B), and Poisson ratio . Both G and E show nearly normal temperature variation. During cooling, B softens between 215 and 65 K. The Poisson ratio decreases abruptly at 215 K and decreases almost five percent in the 2955-K region. In its temperature dependence, this compound resembles YBa2Cu3O7. However, it shows much lower elastic stiffness. Corrected to the void-free state, we calculate a Debye temperature of 312 K, versus 436 K for YBa2Cu3O7. The Poisson ratio, 0.20, agrees well with that of YBa2Cu2O7, 0.21. We use Kresins model to interrelate Debye temperature, critical temprature, and electron-phonon interaction parameter for four classes of copper-oxide superconductors. © 1989 The American Physical Society.","","","Article","Final","","Scopus","2-s2.0-0000332402"
"Li X.; Ma Y.; Zhou W.; Wu P.","Li, Xuezheng (57189217755); Ma, Yong (57189222071); Zhou, Wei (58798246800); Wu, Ping (57204362352)","57189217755; 57189222071; 58798246800; 57204362352","Ab Initio Investigation on Structural, Elastic and Electronic Properties of η-Phase Cu4.5Ni1Au0.5Sn5and Cu5Ni1Sn4.5In0.5 Intermetallic Compounds","2017","Journal of Electronic Materials","46","10","","5684","5692","4","10.1007/s11664-017-5617-3","https://www.scopus.com/pages/publications/85020272204?origin=resultslist","The structural, elastic and electronic properties of quaternary intermetallic compounds η-Cu4.5Ni1Au0.5Sn5 and η-Cu5Ni1Sn4.5In0.5 are investigated by an ab initio method. The calculated heat of formation determines preferential occupancy sites for Ni, Au and In atoms which lead to thermodynamically stable compounds. Variation of lattice constants reveals that the change of atomic bonding has a directional discrepancy in η-Cu4.5Ni1Au0.5Sn5; the polycrystalline moduli obtained from single-crystal elastic stiffness show an increase after both Ni/Au and Ni/In additions. Also, the anisotropy of Young’s modulus and shear modulus is significantly weakened in η-Cu4.5Ni1Au0.5Sn5. The density of states and maps of charge density distribution suggest that the atomic bonding in the quaternary intermetallic compounds is strengthened by the addition of Ni and Au but weakened by the addition of In. © 2017, The Minerals, Metals & Materials Society.","ab initio method; elastic properties; electronic structure; Intermetallic compounds; phase stability","Atoms; Electronic properties; Electronic structure; Intermetallics; Lattice constants; Nickel; Phase stability; Single crystals; Tin; Ab initio investigation; Ab initio method; Charge density distributions; Elastic and electronic properties; Elastic properties; Elastic stiffness; Heat of formation; Thermodynamically stable; Copper compounds","Article","Final","","Scopus","2-s2.0-85020272204"
"Zhuo X.R.; Beom H.G.","Zhuo, X.R. (55541644500); Beom, H.G. (7004738489)","55541644500; 7004738489","Molecular statics simulations of the size-dependent mechanical properties of copper nanofilms under shear loading","2015","Computational Materials Science","99","","","390","395","10","10.1016/j.commatsci.2015.01.002","https://www.scopus.com/pages/publications/84921899659?origin=resultslist","Molecular statics simulations are conducted on single-crystal copper nanofilms subjected to shear loading to examine the effect of thickness on the mechanical properties of nanofilms. Simulation results show that not only the yield strength but also the shear modulus increases with decreasing film thickness. In order to better relate the yield strength of a copper nanofilm to its thickness, a Hall-Petch-like fitting function is proposed to predict the variation of yield strength with film thickness. The initial yield is found to be associated with the nucleation of dislocations. The energy required for the first nucleation of dislocations is calculated and plotted as a function of film thickness to elucidate the origin of the thickness effect on yield strength. In addition, the production of vacancy clusters is also found to depend on film thickness and three new patterns of vacancy clusters are observed in our simulations. © 2015 Elsevier B.V. All rights reserved.","Copper nanofilm; Molecular statics; Shear modulus; Thickness effect; Vacancy cluster; Yield strength","Copper; Dislocations (crystals); Elastic moduli; Film thickness; Mechanical properties; Nucleation; Radiation damage; Shear flow; Shear strain; Single crystals; Yield stress; Fitting functions; Molecular statics; Nano films; Shear loadings; Single crystal copper; Size dependent; Thickness effect; Vacancy cluster; Loading","Article","Final","","Scopus","2-s2.0-84921899659"
"Zhao Y.F.; Liu Z.M.; Li D.C.","Zhao, Yi Fen (55974237100); Liu, Zu Ming (55643895200); Li, De Cong (38661450200)","55974237100; 55643895200; 38661450200","Theoretical study of structural, elastic properties and phase transitions of Cu2ZnSnS4","2014","Advanced Materials Research","1058","","","113","117","3","10.4028/www.scientific.net/AMR.1058.113","https://www.scopus.com/pages/publications/84912005876?origin=resultslist","To the best of our knowledge, mechanical properties and theoretical study of relationship between enthalpy and pressure for three structures of CZTS have been few reported in the previous literature. It is significant for further comprehensive investigation. In the paper, the total energy, electronic properties, phase transitions, and elastic properties of three structures for Cu2ZnSnS4 (CZTS) are investigated by first-principles calculations based on density functional theory. Relationships between enthalpy and pressure of the KS, ST and PMCA structure of CZTS are also investigated at 0 K. Results show that KS structure is always the most stable; phase transitions of three structures could not occur under 0-30 GPa. The high ratios of shear modulus to bulk modulus (G/B) and Poisson ratios of 0.27-0.31 indicate that three types of CZTS compounds have ductile behaviors and better plasticity. The results can increase more hints about further research directions, and these effects can play an important role in future experimental preparation technology and theoretical work of CZTS materials. © (2014) Trans Tech Publications, Switzerland.","CZTS; Elastic constants; Enthalpy-pressure change; First-principles calculations; Phase transition","Calculations; Copper compounds; Density functional theory; Elastic constants; Elastic moduli; Elasticity; Electronic properties; Enthalpy; Phase transitions; Tin compounds; Zinc compounds; CZTS; Ductile behavior; Elastic properties; First-principles calculation; Preparation technology; Pressure change; Theoretical study; Total energy; Structural properties","Conference paper","Final","All Open Access; Hybrid Gold Open Access","Scopus","2-s2.0-84912005876"
"Nakamura A.; Kamimura Y.; Edagawa K.; Takeuchi S.","Nakamura, Akiho (57201864847); Kamimura, Yasushi (7004955218); Edagawa, Keiichi (7006671103); Takeuchi, Shin (57205675359)","57201864847; 7004955218; 7006671103; 57205675359","Elastic and plastic characteristics of a model Cu-Zr amorphous alloy","2014","Materials Science and Engineering: A","614","","","16","26","5","10.1016/j.msea.2014.07.010","https://www.scopus.com/pages/publications/84904858700?origin=resultslist","Athermal quasistatic simulation of shear deformation has been conducted for a realistic model Cu-Zr amorphous alloy to investigate characteristic features of elasticity and plasticity of the material. Significant reduction of the shear modulus by nonaffine atomic displacements and appreciable nonlinearity of elasticity have been observed. The fourth-order elastic constant in shear deformation and the ideal shear strength have been evaluated. Plastic deformation has been observed to start with isolated local shear transformations (LSTs) followed by collective LSTs leading to the formation of a shear band. Participation-ratio analysis (PRA) has demonstrated how the nonaffine displacement field converges as the system approaches the critical point of losing structural stability. PRA has also evaluated quantitatively the numbers of atoms participating in LSTs - the average number is about 30. Spatially anisotropic development of nascent shear band on a plane has been shown, attributable to anisotropic internal stress field induced by an LST. The evaluated stresses for the shear-band nucleation and for its propagation have indicated that the yielding in real materials is controlled by the shear-band propagation, as previously pointed out. © 2014 Elsevier B.V.","Amorphous alloy; Computer simulation; Elasticity; Metallic glass; Plastic deformation","Amorphous alloys; Anisotropy; Binary alloys; Copper alloys; Elasticity; Plastic deformation; Shear bands; Stability; Zirconium alloys; % reductions; (metallic) glass; Atomic displacement; Elastic and plastic characteristics; Fourth-order; Local shear transformations; Participation ratios; Quasistatic simulations; Ratio analysis; Realistic model; Metallic glass","Article","Final","","Scopus","2-s2.0-84904858700"
"Wadley H.N.G.; Hsiung L.M.; Lankey R.L.","Wadley, H.N.G. (7006930711); Hsiung, L.M. (7006480040); Lankey, R.L. (36833584000)","7006930711; 7006480040; 36833584000","Artificially layered nanocomposites fabricated by jet vapor deposition","1995","Composites Engineering","5","7","","935","945,947","17","10.1016/0961-9526(95)00034-K","https://www.scopus.com/pages/publications/0029230850?origin=resultslist","Novel jet vapor deposition (JVD) processes offer considerable promise for the inexpensive synthesis of functionally graded (composite) materials (FGMs). Here, we explore microstructure-mechanical property relationships for a model Al/Cu metal-metal system and an Al/Al203 metal-metal oxide multilayered nanocomposite system fabricated by the JVD process. The 10μm thick Al Cu multilayers were deposited on silicon wafers at a substrate temperature of ∼140°C. The A1 and Cu layers were of approximately equal thickness and were systematically varied from ∼20 to ∼1000 nm. The 20μm thick rmAl Al2O3 multilayers were deposited on glass slides at ∼250°C. The oxide layer thickness was held constant in the ∼2-6 nm range, whilst the Al layer thickness was systematically varied from ∼3 to ∼50 nm. The structure of the Al/Cu multilayers was polycrystalline and had a strong [111] texture, whereas the Al/Al2O3 multilayers consisted of amorphous aluminum oxide layers and polycrystalline metal layers with randomly oriented grains. The yield strength of the Al/Cu multilayers exhibited an inverse dependence upon layer thickness when the layer spacing exceeded ∼50 nm. When the Al Cu layer spacing was thinner than ∼50 nm, the strength was better predicted by a Koehler image force model. A similar phenomenon was also found in the Al/Al2O3 multilayers. In this case the critical metal layer thickness for the transition from an Orowan to a Koehler type behavior was approximately 25 nm. This is consistent with theoretical predictions which indicate that the critical layer thickness of the low modulus consistuent decreases as the difference in shear moduli between the two constituent layers increases. © 1995.","","Aluminum; Copper; Fabrication; Mechanical properties; Microstructure; Models; Multilayers; Nanostructured materials; Silicon wafers; Synthesis (chemical); Textures; Vapor deposition; Aluminum/alumina multilayered nanocomposite system; Aluminum/copper system; Artificially layered nanocomposite; Functionally graded composite material; Jet vapor deposition; Koehler image force model; Microstructure mechanical property relationship; Composite materials","Article","Final","","Scopus","2-s2.0-0029230850"
"Shewfelt R.S.W.; Brown L.M.","Shewfelt, R.S.W. (7007001127); Brown, L.M. (56323044200)","7007001127; 56323044200","HIGH TEMPERATURE STRENGTH OF DISPERSION - HARDENED COPPER SINGLE CRYSTALS.","1973","Inst Met (London) Monogr Rep Ser","1","3","","311","315","2","","https://www.scopus.com/pages/publications/0015774531?origin=resultslist","Single crystals of Cu-Si, orientated for single slip were internally oxidized to produce Cu crystals containing a dispersion of spherical particles of SiO//2. These crystals were deformed in an inert atmosphere of argon, at temperatures up to 1050 degree C. The modulus-corrected yield stresses, sigma //t. G//2//5/G//T for crystals deformed at a shear strain rate of 1. 3 multiplied by 10** minus **4 sec, are given as a function of temperature for these crystals, where G//2//5 is the shear modulus at 25 degree C, G//T is the shear modulus at temperature T, and sigma //T is the yield stress at temperature T. Ashby and Ebeling found that the yield stress of similar crystals at 25 degree C was equal to the Orowan stress. Thus it is seen that the modulus-corrected yield stress at 1050 degree C is between 0. 5 and 0. 6 of the Orowan stress for all the crystals tested. The yield stress of crystal F was measured as a function of strain rate at constant temperature, by measuring the time for the crystal to deform to a shear strain of 0. 001 under a constant load. These results are given. It is seen that the yield stress varies logarithmically with the shear strain rate, at constant temperature. This agrees with the results of Humphreys et al.","","COPPER AND ALLOYS","Conference paper","Final","","Scopus","2-s2.0-0015774531"
"Liu X.; Metcalf T.H.; Robinson J.T.; Perkins F.K.; Houston B.H.","Liu, Xiao (26643574600); Metcalf, Thomas H. (7006277469); Robinson, Jeremy T. (8328923400); Perkins, F. Keith (7102478593); Houston, Brian H. (7005440446)","26643574600; 7006277469; 8328923400; 7102478593; 7005440446","Internal friction and shear modulus of graphene films","2012","Solid State Phenomena","184","","","319","324","7","10.4028/www.scientific.net/SSP.184.319","https://www.scopus.com/pages/publications/84862919723?origin=resultslist","We report internal friction and shear modulus measurements of several types of synthesized graphene films. They include reduced graphene oxide, chemical-vapor deposited (CVD) graphene films on thin nickel films and on copper foils. These films were transferred from their host substrate into a water bath, and re-deposited onto to a high-Q single crystal silicon mechanical double-paddle oscillator. A minimal thickness dependence of both internal friction and shear modulus was found for reduced graphene oxide films varying thickness from 4 to 90 nm and CVD graphene films on nickel from 6 to 8 nm. The shear modulus of these multilayered films averages 53 GPa. Their internal friction exhibits a temperature independent plateau below 10K. The values of the plateaus are similar for both the reduced graphene oxide films and CVD graphene films on nickel, and they are as high as the universal ""glassy range"" where the tunneling states dominated internal friction of amorphous solids lies. In contrast, CVD graphene films on copper foils are 90∼95% single layer. The shear modulus of these single layer graphene films are about five times higher, averaging 280 GPa. Their low temperature internal friction is too small to measure within the uncertainty of our experiments. Our results demonstrate the dramatic difference in the elastic properties of multilayer and single layer graphene films. © (2012) Trans Tech Publications, Switzerland.","Double-paddle oscillator; Graphene; Internal friction; Shear modulus","Amorphous films; Chemical vapor deposition; Copper; Elastic moduli; Graphene; Internal friction; Multilayer films; Nickel; Shear strain; Silicon wafers; Single crystals; Tribology; Amorphous materials; Chemical vapor deposition; Copper; Elastic moduli; Graphene; Internal friction; Multilayer films; Nickel; Oscillators (mechanical); Shear strain; Silicon wafers; Single crystals; Temperature; Amorphous solids; Copper foils; Elastic properties; Low temperatures; Minimal thickness; Multi-layered films; Nickel film; Single crystal silicon; Single layer; Tunneling state; Varying thickness; Water baths; Chemical vapor deposited; Double-paddle oscillators; Reduced graphene oxides; Shear modulus measurements; Temperature independents; Oxide films; Oxide films","Conference paper","Final","","Scopus","2-s2.0-84862919723"
"Qu T.; Jackson I.; Faul U.H.; David E.C.","Qu, Tongzhang (57316025500); Jackson, Ian (35601563500); Faul, Ulrich H. (6603178194); David, Emmanuel C. (25645681200)","57316025500; 35601563500; 6603178194; 25645681200","The onset of anelastic behavior in fine-grained synthetic dunite","2024","Physics of the Earth and Planetary Interiors","350","","107160","","","5","10.1016/j.pepi.2024.107160","https://www.scopus.com/pages/publications/85188031866?origin=resultslist","Micromechanical models suggest that the onset of anelastic relaxation in polycrystalline olivine, critical to interpretation of the seismic wave attenuation and dispersion in the upper mantle, should be a mild dissipation peak caused by elastically accommodated grain-boundary sliding. Such behavior has been tentatively invoked to explain both a short-period shear modulus deficit and a dissipation plateau poorly resolved at 900–700 °C in previous forced-oscillation experiments on fine-grained dunite tested within mild-steel jackets. However, these observations may have been complicated by the austenite to ferrite plus cementite phase transition in the jacket material, compliance associated with interfacial Ni70Fe30 foils, and modeling of the mechanical properties of polycrystalline alumina as control specimen. To investigate the influence of these complications within the experimental setup and provide forced-oscillation data of better quality especially at moderate temperatures, we have conducted further forced-oscillation tests for which we removed the interfacial foils, employed single-crystal sapphire as reference sample, and used alternative jacket materials (stainless steel or copper) which experience no phase transition during the staged cooling. The newly acquired forced-oscillation data, although broadly consistent with the previous results, differ significantly especially in temperature sensitivity, and allow refinement of an appropriate Burgers creep-function model. A mild dissipation peak superimposed on monotonic dissipation background during the onset of anelastic relaxation in dry, melt-free and fine-grained dunite has now been consistently observed at temperatures of ∼950–1050 °C and seismic periods of 1–1000 s. Such a dissipation peak with relaxation strength 0.02 ± 0.01 is attributed to elastically accommodated grain-boundary sliding. The high activation energy (> 600 kJ/mol) of viscoelastic behavior involving both dissipation and related dispersion suggests that grain-boundary diffusion may be limited by interfacial reaction within grain boundaries. The reduced relaxation strength makes it difficult to attribute the oceanic lithosphere-asthenosphere boundary to water-mediated elastically accommodated grain-boundary sliding. © 2024 The Authors","A mild dissipation peak superimposed on monotonic background is newly and consistently observed at the onset of anelasticity; Improved forced-oscillation methods allow more precise examination of the onset of anelasticity in dry fine-grained dunite; The newly observed dissipation peak is plausibly attributed to elastically accommodated grain-boundary sliding (EAGBS); Water-mediated EAGBS in pure dunite is unable to explain seismological observations of the lithosphere-asthenosphere boundary","Activation energy; Alumina; Aluminum oxide; Anelastic relaxation; Binary alloys; Carbides; Creep; Iron alloys; Sapphire; Silicate minerals; Single crystals; 'Dry' [; A mild dissipation peak superimposed on monotonic background be newly and consistently observed at the onset of anelasticity; Anelasticity; Fine grained; Forced oscillations; Grain boundaries sliding; Improved forced-oscillation method allow more precise examination of the onset of anelasticity in dry fine-grained dunite; Lithosphere-asthenosphere boundary; Monotonics; Oscillations-methods; The newly observed dissipation peak be plausibly attributed to elastically accommodated grain-boundary sliding; Water-mediated elastically accommodated grain-boundary sliding in pure dunite be unable to explain seismological observation of the lithosphere-asthenosphere boundary; activation energy; anelasticity; dunite; experimental study; fine grained sediment; sapphire; viscoelasticity; Grain boundary sliding","Article","Final","All Open Access; Green Open Access; Hybrid Gold Open Access","Scopus","2-s2.0-85188031866"
"Usov V.V.; Bryukhanov A.A.; Shkatulyak N.M.; Manzhikov A.V.","Usov, V.V. (57194002340); Bryukhanov, A.A. (7004100768); Shkatulyak, N.M. (8898392500); Manzhikov, A.V. (6507752484)","57194002340; 7004100768; 8898392500; 6507752484","Influence of cold rolling on the anisotropy of the shear modulus and the poisson coefficient of polycrystalline copper and silicon steel","1993","Russian Physics Journal","36","2","","121","124","0","10.1007/BF00574090","https://www.scopus.com/pages/publications/51649143505?origin=resultslist","We consider a method for calculating the anisotropy of the shear modulus and the Poisson coefficient in the rolling plane for textured polycrystalline materials with a cubic lattice, which makes use of the integrated texture characteristics for averaging over the single-crystal properties, which are a certain combination of direction cosines in the sample coordinates, averaged with respect to orientation. The integrated texture characteristics are determined from two experimentally opposite polar figures of the plates. We study the influence of the amount of deformation during cold rolling on the anisotropy of the plate properties listed above for copper and silicon steel. The accuracy in the calculations is better than 5%. The results are compared with data from other authors. © 1993 Plenum Publishing Corporation.","","","Article","Final","","Scopus","2-s2.0-51649143505"
"Kuper A.B.; Lazarus D.; Manning J.R.; Tomizuka C.T.","Kuper, A.B. (7003936627); Lazarus, D. (7006200290); Manning, J.R. (22976272200); Tomizuka, C.T. (6503966437)","7003936627; 7006200290; 22976272200; 6503966437","Diffusion in ordered and disordered copper-zinc","1956","Physical Review","104","6","","1536","1541","139","10.1103/PhysRev.104.1536","https://www.scopus.com/pages/publications/0000379843?origin=resultslist","The diffusivities of Cu64, Zn65, and Sb124 in single crystals of 47-48 atomic percent zinc copper-zinc (beta brass) have been measured over the temperature range 265-817°C, by using sectioning techniques. The diffusion coefficients show a striking dependence on the degree of long-range order at temperatures below the critical temperature (468°C). A slight dependence of the diffusion coefficient on short-range order is noted above the critical temperature. The diffusion coefficients obey an Arrhenius equation only in the fully disordered phase, with temperature dependences given by DCu=0.011exp(-22 000RT) cm2/sec, DZn=0.0035exp(-18 800RT) cm2/sec; DSb=0.08exp(-23 500RT) cm2/sec. The variation of the diffusion coefficients with temperature in the ordered phase is considered in terms of a simple elastic model. Excellent agreement is obtained by using the measured elastic constants and assuming that the energy for motion of the imperfection is simply related to the smallest (110) shear modulus. In the disordered phase Sb diffuses faster than Zn or Cu, while in the ordered phase Sb diffuses at the same rate as Zn, which is faster than Cu. This result is shown to be inconsistent with an interchange, interstitial, or nearest-neighbor vacancy mechanism for diffusion. The result is consistent with an interstitialy mechanism. © 1956 The American Physical Society.","","","Article","Final","","Scopus","2-s2.0-0000379843"
"Ledbetter H.M.","Ledbetter, H.M. (7005466056)","7005466056","Monocrystal elastic constants in the ultrasonic study of welds","1985","Ultrasonics","23","1","","9","13","21","10.1016/0041-624X(85)90005-8","https://www.scopus.com/pages/publications/0021834158?origin=resultslist","For studying welds ultrasonically, the importance of knowing the material's single-crystal elastic constants, the Cijs, is explained. Where these constants are not known, some guidelines are given for estimating them from polycrystalline elastic constants such as Young's modulus and the shear modulus. The important case of [001] fibre texture is considered. Being transversely isotropic, this case exhibits five macroscopic elastic constants, which are related to the three cubic elastic constants: C11, C12, C44. From these five constants the angular variations of Young's modulus, the torsional modulus, and the sound velocities can be computed. For the same [001] fibre texture, results are given for a standard well-characterized material - copper, where the Cijs are well known. © 1985.","elastic constants; ultrasonic testing; welds","CRYSTALS - Elasticity; CUBIC MONOCRYSTAL; MONOCRYSTAL ELASTIC CONSTANTS; POLYCRYSTALLINE; SINGLE-CRYSTAL; WELDS","Article","Final","","Scopus","2-s2.0-0021834158"
"Borbély A.; Blum W.; Ungár T.","Borbély, A. (7102196053); Blum, W. (7201601290); Ungár, T. (7005853927)","7102196053; 7201601290; 7005853927","On the relaxation of the long-range internal stresses of deformed copper upon unloading","2000","Materials Science and Engineering: A","276","1-2","","186","194","31","10.1016/s0921-5093(99)00271-3","https://www.scopus.com/pages/publications/0033908297?origin=resultslist","Single and polycrystalline samples of Cu were deformed at a constant shear stress of 1.43×10-3 G (G, shear modulus). At room temperature deformation ceases owing to work hardening after formation of a cell structure; at 527 K a steady state of deformation is reached with formation of a subgrain structure which is frozen in by cooling to room temperature at constant load. The dislocation density and the internal stresses were determined by analyzing the 200 Bragg peaks measured with high resolution. Measurements under load show broadening of the peaks by deformation owing to an increase of dislocation density and a build-up of long-range internal stresses. Subsequent removal of the load causes the dislocation density to decrease by 17-30%, and the internal forward stress in the hard regions of concentrated stress to decrease by one-third. It is concluded that the factor of average stress concentration in hard regions is about 2 in the work hardened state at room temperature as well as in the steady-state deformation at 527 K. © 2000 Elsevier Science S.A.","Dislocation cell structure; Dislocation density; Long-range internal stress; Subgrain; X-ray Bragg peak","Deformation; Dislocations (crystals); Polycrystalline materials; Residual stresses; Shear stress; Stress concentration; Stress relaxation; Dislocation cell structures; X-ray Bragg peaks; Copper","Article","Final","","Scopus","2-s2.0-0033908297"
"Zhang Y.; Ding S.; Zhou H.","Zhang, Yuhang (57226032646); Ding, Suhang (57223926659); Zhou, Hongjian (57191442088)","57226032646; 57223926659; 57191442088","Atomistic Study on the Mechanical Behaviors of Nanoporous Glassy Alloys under Shear Loading: Effects of Porosity and Specific Surface Area","2025","Physica Status Solidi (A) Applications and Materials Science","222","8","2400813","","","0","10.1002/pssa.202400813","https://www.scopus.com/pages/publications/105002967647?origin=resultslist","Nanoporous glassy alloys (NPGAs) have recently garnered considerable interest across various disciplines due to their exceptional and tailored functional properties. The practical applications of NPGAs necessitate a deep understanding of their mechanical behaviors under various types of loads, yet research on their mechanical responses under shear loading remains insufficient. Herein, the mechanical properties and deformation mechanisms of representative Cu50Zr50 NPGA under shear loading are investigated through molecular dynamics simulations. The results demonstrate that the relationship between the shear modulus and the solid fraction of NPGA can be well described by a modified Gibson–Ashby scaling law (Formula presented.). The shear yield strength is linearly proportional to the solid fraction. During shear deformation, two major cracks are triggered from the two free surfaces due to the drastic strain concentration. The two cracks then propagate along the loading direction with some deflections. Eventually, the NPGA sample fractures once one crack penetrates the sample entirely. The sensitivity of shear strength to strain rate is significantly lower than the sensitivity of tensile strength to strain rate. As the temperature increases, the shear modulus, shear yield strength, and ultimate shear strength decrease monotonically. © 2024 Wiley-VCH GmbH.","complex loads; deformation behaviors; glassy alloys; mechanical properties; nanoporous materials","Copper alloys; Cracks; Nanopores; Shear deformation; Shear flow; Shear strain; Shear strength; Shear stress; Tensile strain; Tensile strength; Yield stress; Zinc alloys; Zirconium alloys; Complex loads; Deformation behavior; Glassy alloys; Mechanical; Mechanical behavior; Nano-porous; Nanoporous Materials; Property; Shear loadings; Solids fraction; Strain rate","Article","Final","","Scopus","2-s2.0-105002967647"
"Wang H.; Fu Z.; Wang J.","Wang, Haozhou (59008614200); Fu, Zhao (59007792800); Wang, Jun (55893957400)","59008614200; 59007792800; 55893957400","The prediction of orthotropic material properties for RDL based on effective modeling and CNN","2023","2023 24th International Conference on Electronic Packaging Technology, ICEPT 2023","","","","","","2","10.1109/ICEPT59018.2023.10491978","https://www.scopus.com/pages/publications/85190619245?origin=resultslist","The Redistribution Layer (RDL) is an essential component in modern integrated circuits (ICs) which mainly conducts electrical signals from the I/O to the internal circuits on chips. The cause of RDLs' fracture is high stress during packaging. To estimate the stresses in packaging, Finite Element Analysis (FEA) is frequently used. However, the structure of RDL, especially the complex Cu lines, is hard to model. The mostly-used effective approach is to simplify the layer to a homogeneous one by volume percentage method. This approach greatly reduces the complexity of modeling the internal geometry. However, the volume average algorithm ignores the endowed directionality by converting the layer to be isotropic, meaning that it is constrained to simple symmetric patterns. Since Cu wiring patterns cannot guarantee directional uniformity in massive production, layers have differences in orthogonal mechanical performance. Although simulation-based methods can accurately obtain the orthotropic properties, it is relatively time-costly and the cost will increase significantly with the decrease of line width and the increase of wiring quantity.This paper proposes convolutional neural networks (CNNs) for calculating the orthotropic material properties of the equivalent layer based on effective modeling. Material properties, including Young's modulus, tangent modulus, yield stress, Poisson's ratio, shear modulus, and CTE along each principal axis can be obtained by analyzing the wiring pattern using an asymmetrically-kernelized CNN. The major steps are constructed as follows. Firstly, the properties concerned are obtained through simulation by effective modeling. Patterned models are built and the simulation of uniaxial tensile and free thermal expansion tests are carried out by FEM. The required parameters can be afterward obtained in the virtual testing. Secondly, the obtained data are divided into training sets and validation sets at a ratio of 9 to 1. Finally, CNNs are established for training. The Mean Absolute Percentage Error (MAPE) is adopted as the custom loss. CNN training results show that the network can greatly reduce the time and RAM cost required for simulation while ensuring good prediction accuracy (MAPE<10%).Based on the method, the warpage of multi-layer was investigated. A 5-layer model exhibits asymmetric warpage during the reflow process, caused by the RDL's orthotropy. Compared to the refined model of the multi-layer structure using 3D solid elements, the present method only needs to designate the mechanical properties (output of trained CNN with patterns as input) of each layer to 2D simplified shell elements, greatly reducing computation time. The deviation between the predicted warpage by CNN and the FEM simulation of the 5-layer wafer is within 10%. © 2023 IEEE.","CNN; Effective model; Finite element analysis; Orthotropy; RDL pattern","Complex networks; Convolutional neural networks; Copper; Elastic moduli; Forecasting; Geometry; Integrated circuits; Thermal expansion; Virtual reality; Yield stress; Convolutional neural network; Effective model; Finite element analyse; Layer patterns; Orthotropic material properties; Orthotropy; Redistribution layer pattern; Redistribution layers; Warpages; Wiring patterns; Finite element method","Conference paper","Final","","Scopus","2-s2.0-85190619245"
"Gottestein G.; von Basel H.B.","Gottestein, G. (24404306700); von Basel, H.B. (57213908355)","24404306700; 57213908355","Dynamic recrystallization in CuP and CuGe single crystals","1987","Materials Science and Engineering","92","C","","81","90","3","10.1016/0025-5416(87)90158-3","https://www.scopus.com/pages/publications/0023400124?origin=resultslist","The dynamic recrystallization behavior of CuP (containing 0.1, 0.5 or 1.0 wt.%P) and CuGe (containing 0.5, 4.0 or 9.0 wt.% Ge) single crystals was investigated at a deformation temperature of 850°C. With increasing solute concentration the dynamic recrystallization kinetics slow down, growth selection rapidly decreases, especially for the CuP system, and multiple twinning proceeds to high orders. The recrystallization stress apparently decreases with increasing solute concentration but behaves reasonably when normalized with the appropriate shear modulus, compared at the homologous temperature, and under the assumption that the stacking fault energy decreases with increasing solute content. © 1987.","","COPPER METALLOGRAPHY - Microstructures; CRYSTALS - Growing; METALS TESTING - Tensile Tests; STRESSES - Analysis; DYNAMIC RECRYSTALLIZATION; SINGLE CRYSTALS; STACKING FAULT ENERGY; TWINNING; COPPER AND ALLOYS","Article","Final","","Scopus","2-s2.0-0023400124"
"Wang N.; Zhang W.-B.; Tang B.-Y.; Gao H.-T.; He E.-J.; Wang L.","Wang, Na (59602619100); Zhang, Wei-bing (55706424200); Tang, Bi-yu (55430116500); Gao, Hai-Tao (55364020200); He, En-jie (24474769200); Wang, Lei (57077657000)","59602619100; 55706424200; 55430116500; 55364020200; 24474769200; 57077657000","Structural, elastic and electronic properties of typical NdMgT4 (T = Co, Ni, Cu) alloys from ab initio calculation","2018","Physica B: Condensed Matter","540","","","38","42","3","10.1016/j.physb.2018.04.024","https://www.scopus.com/pages/publications/85046009175?origin=resultslist","The crystal structure, elastic and magnetic properties of important ternary Mg-based alloys NdMgT4 (T = Co, Ni, Cu) have been studied using reliable ab initio calculations. Both cohesive energy and charge density difference suggest that three alloys have good structural stability with the order: NdMgCo4 > NdMgNi4 > NdMgCu4. It shows that NdMgCo4 alloy has magnetic moments with the Co atoms being the main contribution, which is also in agreement with the calculated electronic structures. We find that NdMgT4 (T = Co, Ni, Cu) alloys are all ductile materials with bulk-to-shear modulus (B/G) values higher than 1.75. The trends of calculated values for the shear moduli Cs and C44 are consistent with that of shear modulus G and young's modulus E, proving that NdMgT4 (T = Co, Ni, Cu) alloys exhibit good plasticity with the trend: NdMgNi4 > NdMgCu4 > NdMgCo4. These calculated results give the basis guidance for the design of rare earth-magnesium-transition metal (R-Mg-T) alloys with improved mechanical properties. © 2018 Elsevier B.V.","Ab initio calculation; Electrical and magnetic properties; Magnesium alloy; Mechanical property","Calculations; Copper alloys; Crystal atomic structure; Elastic moduli; Electronic properties; Electronic structure; Magnetic moments; Magnetic properties; Mechanical properties; Neodymium alloys; Nickel alloys; Rare earths; Shear strain; Stability; Structural properties; Ternary alloys; Transition metals; Ab initio calculations; Calculated values; Charge density difference; Cohesive energies; Ductile materials; Elastic and electronic properties; Electrical and magnetic property; Structural stabilities; Magnesium alloys","Article","Final","","Scopus","2-s2.0-85046009175"
"McCoy C.A.; Knudson M.D.; Desjarlais M.P.","McCoy, Chad A. (56366307000); Knudson, Marcus D. (7005457110); Desjarlais, Michael P. (6701665704)","56366307000; 7005457110; 6701665704","Sound velocity, shear modulus, and shock melting of beryllium along the Hugoniot","2019","Physical Review B","100","5","054107","","","27","10.1103/PhysRevB.100.054107","https://www.scopus.com/pages/publications/85072014941?origin=resultslist","Magnetically launched flyer plates were used to investigate the shock response of beryllium between 90 and 300 GPa. Solid aluminum flyer plates drove steady shocks into polycrystalline beryllium to constrain the Hugoniot from 90 to 190 GPa. Multilayered copper/aluminum flyer plates generated a shock followed by an overtaking rarefaction which was used to determine the sound velocity in both solid and liquid beryllium between 130 and 300 GPa. Disappearance of the longitudinal wave was used to identify the onset of melt along the Hugoniot and measurements were compared to density functional theory calculations to explore the proposed hcp-bcc transition at high pressure. The onset of melt along the Hugoniot was identified at ∼205GPa, which is in good agreement with theoretical predictions. These results show no clear indication of an hcp-bcc transition prior to melt along the beryllium Hugoniot. Rather, the shear stress, determined from the release wave profiles, was found to gradually decrease with stress and eventually vanish at the onset of melt. © 2019 American Physical Society. ©2019 American Physical Society.","","Acoustic wave velocity; Beryllium; Density functional theory; Shear stress; Flyer plates; High pressure; Hugoniot; Longitudinal waves; Multi-layered; Polycrystalline; Release waves; Shock response; Shear flow","Article","Final","All Open Access; Green Open Access","Scopus","2-s2.0-85072014941"
"Lee W.H.; Kwak D.","Lee, Wen Ho (56165030200); Kwak, Dochan (7007148784)","56165030200; 7007148784","PIC method for a two-dimensional elastic-plastic-hydro code","1988","Computer Physics Communications","48","1","","11","16","6","10.1016/0010-4655(88)90018-5","https://www.scopus.com/pages/publications/0023165705?origin=resultslist","A second-order particle-in-cell (PIC) method is used to model hydro-elastic flow in two dimensions. Solid material properties, such as shear modulus, yield strength, material melting and spall, are included in the model. An operator splitting method is used to solve the equations. Numerical results from a hemispherical, copper-lined, shaped charge calculation are presented and compared with experimental data and other numerical results. © 1988.","","COMPUTER SOFTWARE; ELASTICITY; HYDRODYNAMICS; MATHEMATICAL TECHNIQUES - Numerical Analysis; PLASTICITY; HYDRO-ELASTIC FLOW; PARTICLE-IN-CELL METHOD; SHEAR MODULUS; FLOW OF FLUIDS","Article","Final","","Scopus","2-s2.0-0023165705"
"Zhang W.W.; Ma Y.; Zhou W.; Wu P.","Zhang, Wei Wei (7409424653); Ma, Yong (57189222071); Zhou, Wei (58798246800); Wu, Ping (57204362352)","7409424653; 57189222071; 58798246800; 57204362352","The Structural, Elastic and Electronic Properties of Ni3−xCuxSn4 (x = 0, 0.5, 1 and 1.5) Intermetallic Compounds via Ab Initio Calculations","2019","Journal of Electronic Materials","48","7","","4533","4543","13","10.1007/s11664-019-07239-x","https://www.scopus.com/pages/publications/85065173786?origin=resultslist","With the ab initio calculations, the effects of Cu addition on the structural, elastic and electronic properties of intermetallic compound (IMC) Ni3Sn4 have been systematically investigated. The calculated formation heat indicates that Cu atoms preferentially occupy Ni 4i sites to form thermodynamically stable Ni3−xCuxSn4 (x = 0, 0.5, 1 and 1.5) compounds. Variation of lattice constants reveals the directional discrepancy of atomic bonding in (Ni,Cu)3Sn4 and the Zener anisotropy is refined by 13.4% after 21.4 at.% Cu addition. The polycrystalline elastic properties show a decreased tendency after Cu addition. However, the anisotropy of Young’s modulus and shear modulus in different crystal directions is effectively weakened in Cu doped IMCs. Both the density of states and electron density distribution indicate that Cu dopants will bond with Ni and Sn atoms, which influences the elastic amplitude and anisotropy of crystals. © 2019, The Minerals, Metals & Materials Society.","ab initio method; elastic properties; Intermetallic compounds; phase stability","Anisotropy; Atoms; Calculations; Elasticity; Electronic properties; Intermetallics; Lattice constants; Nickel; Phase stability; Tin alloys; Ab initio calculations; Ab initio method; Crystal direction; Density of state; Elastic and electronic properties; Elastic properties; Polycrystalline; Thermodynamically stable; Copper","Article","Final","","Scopus","2-s2.0-85065173786"
"Heino P.","Heino, Pekka (7004938755)","7004938755","Strength of nanoscale copper connection under shear","2000","2000 International Conference on Modeling and Simulation of Microsystems - MSM 2000","","","","67","70","1","","https://www.scopus.com/pages/publications/6344295022?origin=resultslist","Strength and shear modulus of several polycrystalline copper systems were calculated with the molecular dynamics method and effective-medium potential. Grain size varied between 2-10nm and systems were sheared beyond the yield point at room temperature. An inverse Hall-Petch behavior was seen: the strength decreased with decreasing grain size. Similar behavior was seen for the shear modulus. These were caused by the grain boundaries, which allow sliding and have low elastic constants. Comparison with tensile strength from another simulation shows that the Von Mises failure criterion holds quite well even at these length scales. To further study the properties of interconnections, copper-tantalum interface was studied with an embedded atom alloy model. Preliminary results show that the properties of the interface are very sensitive to its microstructure and failure may occur there.","Copper; Interface; Molecular dynamics; Nanocrystals; Tantalum","Copper; Elastic moduli; Interfaces (materials); Microstructure; Molecular dynamics; Polycrystalline materials; Tantalum; Tensile strength; Coefficient of thermal expansion (CTE); Copper-tantalum interface; Interconnections; Nanocrystals; Nanostructured materials","Conference paper","Final","","Scopus","2-s2.0-6344295022"
"Peng J.-X.; Jing F.-Q.; Wang L.-L.; Li D.-H.","Peng, Jian-Xiang (8342261900); Jing, Fu-Qian (7103298920); Wang, Li-Li (7409175273); Li, Da-Hong (59071513700)","8342261900; 7103298920; 7409175273; 59071513700","Pressure and temperature dependence of shear modulus and yield strength for aluminum, copper and tungsten under shock compression","2005","Wuli Xuebao/Acta Physica Sinica","54","5","","2194","2197","7","10.7498/aps.54.2194","https://www.scopus.com/pages/publications/19044372164?origin=resultslist","Experimental data of shear modulus and yield strength of shocked aluminum, copper and tungsten were analyzed systematically. Comparison between these data and the results calculated by using SCG (Steinberg-Cochran-Guinan) constitutive model (J. Appl. Phys. 5l(3):1498) shows that shear modulus and yield strength have similar dependence on pressure and temperature under conditions for aluminum below 50 GPa, copper below 100 GPa and tungsten below 200 GPa shock pressures. So the assumptions in the SCG model, Yp′/Y0 = Gp′/G0, YT′/Y0 = GT′/G0, are approximately correct in these pressure ranges, and the SCG model can be used to describe the shear modulus and yield strength of these metals at high shock pressure and high temperature.","Pressure; Shear modulus; Temperature; Yield strength","","Article","Final","All Open Access; Hybrid Gold Open Access","Scopus","2-s2.0-19044372164"
"Barnoush A.; Vehoff H.","Barnoush, Afrooz (13409058700); Vehoff, Horst (7003376851)","13409058700; 7003376851","In situ electrochemical nanoindentation: A technique for local examination of hydrogen embrittlement","2008","Corrosion Science","50","1","","259","267","115","10.1016/j.corsci.2007.05.026","https://www.scopus.com/pages/publications/37549018188?origin=resultslist","Nanoindentation combined with AFM (NI-AFM) has been used to study the effect of electrochemically in situ charged hydrogen on the deformation of small volumes of nickel and copper single crystals. Hydrogen reduces the unstable elastic plastic transition load (pop-in) in nickel, but does not have any effect on copper. It has been shown that the activation energy for the onset of plasticity (dislocation nucleation) is reduced by dissolved hydrogen. This is because hydrogen reduces shear modulus and stacking fault energy in nickel, whereby the former results in hydrogen-enhanced decohesion (HEDE) and the latter in the hydrogen-enhanced plasticity (HELP) mechanism. © 2007 Elsevier Ltd. All rights reserved.","A. Hydrogen; A. Nickel; B. Nanoindentation; C. Dislocation; C. Hydrogen embrittlement","Dislocations (crystals); Hydrogen; Hydrogen embrittlement; Nanoindentation; Nickel; Dislocations (crystals); Hydrogen; Nanoindentation; Nickel; Elastic plastic transition load; Stacking fault energy; Hydrogen embrittlement","Article","Final","","Scopus","2-s2.0-37549018188"
"Liu Y.-L.; Gui L.-J.; Jin S.","Liu, Yue-Lin (35098877600); Gui, Li-Jiang (37096922400); Jin, Shuo (7401822431)","35098877600; 37096922400; 7401822431","Ab initio investigation of the mechanical properties of copper","2012","Chinese Physics B","21","9","096102","","","16","10.1088/1674-1056/21/9/096102","https://www.scopus.com/pages/publications/84866361916?origin=resultslist","Employing the ab initio total energy method based on the density functional theory with the generalized gradient approximation, we have systematically investigated the theoretical mechanical properties of copper (Cu). The theoretical tensile strengths are calculated to be 25.3 GPa, 5.9 GPa, and 37.6 GPa for the fcc Cu single crystal in the [001], [110], and [111] directions, respectively. Among the three directions, the [110] direction is the weakest one due to the occurrence of structure transition at the lower strain and the weakest interaction of atoms between the (110) planes, while the [111] direction is the strongest direction because of the strongest interaction of atoms between the (111) planes. In terms of the elastic constants of Cu single crystal, we also estimate some mechanical quantities of polycrystalline Cu, including bulk modulus B, shear modulus G, Young's modulus E p, and Poisson's ratio ν. © 2012 Chinese Physical Society and IOP Publishing Ltd.","ab initio method; copper; theoretical tensile strength","Density functional theory; Elastic moduli; Single crystals; Tensile strength; [110] direction; Ab initio investigation; Ab initio method; Ab initio total energy; Generalized gradient approximations; Poisson's ratio; Polycrystalline; Structure transitions; Young's Modulus; Copper","Article","Final","","Scopus","2-s2.0-84866361916"
"Seeger A.","Seeger, Alfred (7102619951)","7102619951","LXV. On the theory of the low-temperature internal friction peak observed in metals","1956","Philosophical Magazine","1","7","","651","662","331","10.1080/14786435608244000","https://www.scopus.com/pages/publications/77955446449?origin=resultslist","Recent data by Niblett and Wilks on polycrystalline copper suggest that the low-temperature internal friction mechanism in metals first observed by Bordoni is determined by intrinsic properties of dislocations. This is contrary to an explanation by Mason according to which the activation energy of the process should depend on the impurity content of the material and the separation between dislocation nodes. A mechanism proposed elsewhere seems to account for all the major features of the experimental results. The relaxation phenomenon is thought to be due to dislocations which are confined by the Peierls stress to certain crystallographic directions. Under the combined action of thermal fluctuations and the applied stress they may form pairs of kinks. Internal friction peaks are observed if the frequency of the applied alternating shear stress is equal to the frequency of the formation of these kink pairs. The Peierls stresses deduced from the experimental results are rather large, being of the order of one thousandth of the shear modulus. © 1956 Taylor & Francis Group, LLC.","","","Article","Final","","Scopus","2-s2.0-77955446449"
"Henle R.; Kött S.; Jost N.; Nandi G.; Dölling J.; Zilly A.; Prahl U.","Henle, Ramona (57712228000); Kött, Simon (54684437200); Jost, Norbert (6701537651); Nandi, Gerrit (57713040100); Dölling, Julia (57670630700); Zilly, Andreas (54685585100); Prahl, Ulrich (7801662604)","57712228000; 54684437200; 6701537651; 57713040100; 57670630700; 54685585100; 7801662604","Investigation of the Solid Solution Hardening Mechanism of Low-Alloyed Copper–Scandium Alloys","2024","Metals","14","7","831","","","6","10.3390/met14070831","https://www.scopus.com/pages/publications/85199638459?origin=resultslist","The addition of alloying elements is a crucial factor in improving the mechanical properties of pure copper, particularly in terms of enhancing its yield strength and hardness. This study examines the influence of scandium additions (up to 0.27 wt.%) on low-alloyed copper. Following the casting and solution-annealing processes, the alloys were quenched in water to maintain a supersaturated state. The mechanical properties were evaluated by tensile tests to measure the yield strength and the dynamic resonance method to determine the modulus of rigidity. Additionally, X-ray diffraction was utilized to analyze changes in lattice parameters, elucidating the structural modifications induced by scandium. This study dissects the parelastic and dielastic effects underlying the solid solution hardening mechanism, providing insights into how scandium alters copper’s mechanical properties. The findings align with the solid solution hardening theories proposed by Fleischer and Labusch, providing a comprehensive understanding of the observed phenomena. © 2024 by the authors.","atomic size misfit; Cu-Sc alloy; elastic modulus misfit; grain boundary hardening; SEM; solid solution hardening; tensile test; X-ray diffraction; yield strength","","Article","Final","All Open Access; Gold Open Access","Scopus","2-s2.0-85199638459"
"Zhao D.; Wang S.; Zhu B.; Li L.; Zhao H.","Zhao, Dan (57188649935); Wang, Shunbo (57193072593); Zhu, Bo (57188657558); Li, Lijia (56959648000); Zhao, Hongwei (55715887200)","57188649935; 57193072593; 57188657558; 56959648000; 55715887200","Anisotropic deformation behaviors of amorphous-crystalline nanolaminates investigated via molecular dynamics simulations","2019","Journal of Alloys and Compounds","787","","","649","657","12","10.1016/j.jallcom.2019.02.162","https://www.scopus.com/pages/publications/85061522944?origin=resultslist","Amorphous-crystalline nanolaminates (ACNLs) composed of CuZr metallic glass layers and single crystal copper layers were constructed, and the anisotropy of the material deformation behaviors were investigated by conducting shear loadings on the ACNL sample in parallel deforming and serial deforming directions using molecular dynamics method. In parallel deforming mode, the yielding of the material was mainly triggered by generation of dislocations and slips in crystalline layer, and both crystalline and amorphous phases participated in the subsequent plastic deforming. In serial deforming mode, the results showed that the yielding and plastic deforming of the material was induced by shear localization of amorphous layers only. Amorphous-crystalline interfaces (ACIs) served as stress resistance weakness and dislocations breeding cradle in the former deforming mode while a strong connection of two phases in the later deforming mode. Furthermore, the increasing of crystalline layer thickness would promote the material shear modulus and shear strength in both deformation modes. The promotions and incentives varied and had dependence on the coupled deforming mechanisms. For the serial deforming mode, the shear moduli obtained from our simulations fitted the predicted ones from rule-of-mixture very well, while in the parallel deforming mode, the simulated shear moduli were much higher than predicted ones, which could be explained with the size effect induced by reduction of crystalline layer thickness surround with ACIs. © 2019","Amorphous-crystalline interfaces; Anisotropic deformation behaviors; Molecular dynamics simulation; Nanolaminates","Anisotropy; Copper alloys; Dislocations (crystals); Elastic moduli; Metallic glass; Molecular dynamics; Plastic deformation; Shear flow; Shear strain; Single crystals; Zircaloy; Anisotropic deformation; Crystalline interfaces; Deforming mechanisms; Material deformation; Molecular dynamics methods; Molecular dynamics simulations; Nano-laminates; Single crystal copper; Nanocrystalline materials","Article","Final","","Scopus","2-s2.0-85061522944"
"Stossel R.J.; Prucher Tom","Stossel, R.J. (57194809232); Prucher, Tom (6602979256)","57194809232; 6602979256","Comparison of torsion and tensile properties of P/M steels","1993","Advances in Powder Metallurgy and Particulate Materials","1","","","301","312","1","","https://www.scopus.com/pages/publications/0027870053?origin=resultslist","The National Center for Excellence in Metalworking Technology (NCEMT) is developing material property data for powder metallurgy (P/M) alloys. A test procedure to measure the shear modulus, shear yield and shear rupture strength in torsion has been developed and is presented. A comparison of shear yield and tensile yield values for iron-copper and iron-nickel powder metal alloys of different densities is presented. The iron-copper and iron-nickel P/M alloys include both the sintered and quenched and tempered states. The ratio of shear yield strength to tensile yield strength is 0.559 for the P/M alloys and is equivalent to the reported value of 0.557 for ingot cast and wrought alloys.","","Copper; Ingots; Iron alloys; Nickel; Shear strength; Strength of materials; Tensile testing; Torsion testing; Shear modulus; Steel powder metallurgy","Conference paper","Final","","Scopus","2-s2.0-0027870053"
"Rassoulinejad-Mousavi S.M.; Mao Y.; Zhang Y.","Rassoulinejad-Mousavi, Seyed Moein (53364234400); Mao, Yijin (55253136600); Zhang, Yuwen (7601320378)","53364234400; 55253136600; 7601320378","Evaluation of copper, aluminum, and nickel interatomic potentials on predicting the elastic properties","2016","Journal of Applied Physics","119","24","244304","","","87","10.1063/1.4953676","https://www.scopus.com/pages/publications/84976433437?origin=resultslist","Choice of appropriate force field is one of the main concerns of any atomistic simulation that needs to be seriously considered in order to yield reliable results. Since investigations on the mechanical behavior of materials at micro/nanoscale have been becoming much more widespread, it is necessary to determine an adequate potential which accurately models the interaction of the atoms for desired applications. In this framework, reliability of multiple embedded atom method based interatomic potentials for predicting the elastic properties was investigated. Assessments were carried out for different copper, aluminum, and nickel interatomic potentials at room temperature which is considered as the most applicable case. Examined force fields for the three species were taken from online repositories of National Institute of Standards and Technology, as well as the Sandia National Laboratories, the LAMMPS database. Using molecular dynamic simulations, the three independent elastic constants, C11, C12, and C44, were found for Cu, Al, and Ni cubic single crystals. Voigt-Reuss-Hill approximation was then implemented to convert elastic constants of the single crystals into isotropic polycrystalline elastic moduli including bulk modulus, shear modulus, and Young's modulus as well as Poisson's ratio. Simulation results from massive molecular dynamic were compared with available experimental data in the literature to justify the robustness of each potential for each species. Eventually, accurate interatomic potentials have been recommended for finding each of the elastic properties of the pure species. Exactitude of the elastic properties was found to be sensitive to the choice of the force fields. Those potentials that were fitted for a specific compound may not necessarily work accurately for all the existing pure species. Tabulated results in this paper might be used as a benchmark to increase assurance of using the interatomic potential that was designated for a problem. © 2016 Author(s).","","Aluminum; Copper; Elastic constants; Elastic moduli; Elasticity; Molecular dynamics; Nickel; Atomistic simulations; Elastic properties; Embedded-atom method; Interatomic potential; Mechanical behavior of materials; National Institute of Standards and Technology; Online repositories; Sandia National Laboratories; Single crystals","Article","Final","All Open Access; Green Open Access","Scopus","2-s2.0-84976433437"
"Abd-Shukor R.","Abd-Shukor, R. (7004750914)","7004750914","Elastic Anomaly of YBa2Cu3O7-δ at the Superconducting Transition","1992","Japanese Journal of Applied Physics","31","8","","L1034","L1036","2","10.1143/JJAP.31.L1034","https://www.scopus.com/pages/publications/0026909354?origin=resultslist","The relative change in shear ultrasonic velocity in single phased YBa2Cu3O7-δ (δ=0.02) polycrystalline high Tc superconductor has been determined using the phase detection technique. The shear velocity was found to increase at a greater rate below the zero-resistance temperature (Tc=90 K) and showed a slope discontinuity (d/dT[Δvs/vs]) of 84 ppm/K. Using experimental value of the discontinuity in the specific heat at Tc, the second shear-stress-derivatives of the transition temperature (∂2Tc/∂σ2) is estimated to be 0.06 K/(kbar2). © 1992 The Japan Society of Applied Physics.","High T<sub>c</sub> superconductors; Resistance; Second-shear-stress-derivatives of the transition temperature; Shear modulus; X-ray diffraction; Yba<sub>2</sub>Cu<sub>3</sub> O <sub>7-δ</sub>","Ceramic materials; Crystals; Elasticity; Ultrasonic applications; Yttrium compounds; Oxide superconductors; Yttrium barium copper oxides; High temperature superconductors","Article","Final","","Scopus","2-s2.0-0026909354"
"El-Daly A.A.; Ibrahiem A.A.; Hammad A.E.","El-Daly, A.A. (60626727600); Ibrahiem, A.A. (55797636000); Hammad, A.E. (24166442600)","60626727600; 55797636000; 24166442600","Impact of permanent magnet stirring on dendrite growth and elastic properties of Sn–Bi alloys revealed by pulse echo overlap method","2018","Journal of Alloys and Compounds","767","","","464","473","17","10.1016/j.jallcom.2018.07.122","https://www.scopus.com/pages/publications/85049961038?origin=resultslist","Studying and understanding the dendritic growth process is a challenging topic related to liquid-solid phase transition, as it helps to predict the final microstructure controlling the solder properties. In a specific case of the design of Sn-Bi and Sn-Bi-Cu alloys, the solidification microstructures and corresponding electrical and elastic properties were studied with and without permanent magnetic stirring (PMS), as their influence on the growth morphology of dendrites is not yet fully assessed to date. We use pulse echo overlap (PEO) method for measuring the polycrystalline bulk modulus K, Young's modulus E, shear modulus G, Poisson ratio υ and hardness H. The PMS-driven flow caused a disruption of the columnar β-Sn dendrites and columnar-to-equiaxed transition (CET). Such behavior is believed to evolve from dendrite fragmentation, arises through complex hyper-branched morphologies at the origin of Lorentz force and Seebeck effect that acting on the melt. Both the hardness and elastic modulus are increased as the Poisson's ratio decreased. Moreover, the Pugh ratio clarified the ductility behavior of the alloy samples, while Poisson's ratio and electrical resistivity display slight decrease in the ionic contribution with applying PMS and/or Cu content. These results open new ways to predict the final microstructure controlling the dendritic growth in metallic alloys. © 2018 Elsevier B.V.","Elastic modulus; Magnetic stirring; Microstructure; Sn-Bi alloys","Binary alloys; Bismuth alloys; Copper alloys; Elastic moduli; Elasticity; Hardness; Microstructure; Permanent magnets; Poisson ratio; Shear flow; Soldering alloys; Ternary alloys; Columnar to equiaxed transition; Dendrite fragmentations; Hardness and elastic modulus; Liquid-solid phase transition; Magnetic stirring; Pulse echo overlap methods; Sn-Bi alloy; Solidification microstructures; Tin alloys","Article","Final","","Scopus","2-s2.0-85049961038"
"Eshaghi M.; Rakheja S.; Sedaghati R.","Eshaghi, Mehdi (42261215700); Rakheja, Subhash (35564159500); Sedaghati, Ramin (6602766190)","42261215700; 35564159500; 6602766190","An accurate technique for pre-yield characterization of MR fluids","2015","Smart Materials and Structures","24","6","065018","","","36","10.1088/0964-1726/24/6/065018","https://www.scopus.com/pages/publications/84929630247?origin=resultslist","This study is concerned with the characterization of two types of magnetorheological (MR) fluids (MR 122EG and MR 132DG) in the pre-yield region. A phenomenological model is proposed for characterizing the complex shear modulus of the MR fluids as a function of both the magnetic flux density and the excitation frequency using the experimental data acquired for both the fluids. The experiments were conducted with a sandwich beam structure with an aluminum face layer and MR fluid as the core layer. A nearly uniform magnetic field was applied across the sandwich beam using two ceramic permanent magnet bars. The frequency response characteristics of the sandwich cantilevered beam were subsequently measured under harmonic excitations swept in the 0 to 500 Hz frequency range considering different densities of the applied magnetic flux, ranging from 0 to 90 mT. Dynamic responses of the structure were also obtained through analysis of a finite element (FE) model developed using the classical plate theory. The frequency and field-dependent complex shear moduli of the two MR fluids were identified from both the experimental data and the FE model results. The validity of the proposed methodology is demonstrated by comparing the FE model results with the experimental data for a copper sandwich structure comprising the two MR fluids. © 2015 IOP Publishing Ltd.","characterization; MR fluid; pre-yield","Characterization; Composite beams and girders; Dynamic response; Elastic moduli; Frequency response; Magnetic flux; Magnetism; Magnetorheological fluids; Permanent magnets; Sandwich structures; Shear strain; Yield stress; Classical plate theory; Complex shear modulus; Excitation frequency; Frequency response characteristic; MR fluid; Phenomenological modeling; pre-yield; Uniform magnetic fields; Finite element method","Article","Final","","Scopus","2-s2.0-84929630247"
"Phillips V.A.","Phillips, V.A. (7101752260)","7101752260","Effect of coherency strain fields on the flow stress of a copper-3·12% cobalt alloy","1965","Philosophical Magazine","11","112","","775","797","22","10.1080/14786436508230082","https://www.scopus.com/pages/publications/84996172136?origin=resultslist","The reversible flow stress ratio in a polycrystalline Cu-3·12% Co alloy was investigated by temperature changes below 303°K as a function of the strain and of the precipitation structure determined by transmission electron microscopy. Shear modulus values determined with a torsion pendulum were used to correct the data. Coherent precipitates of about 15 Å diameter produced by ageing at 923°K resulted in an anomalous increased temperature dependence of the flow stress, whereas those over about 25 Å diameter gave an anomalous reversed temperature dependence, the alloy becoming softer on cooling. The maximum anomalous softening occurred in the peak-hardened condition, and at zero strain and 0°K was estimated to be 16% of the flow stress at 303°K. Straining progressively removed the effect. The proportional decrease in flow stress (for zero strain) on cooling from 303° to 77°K for the peak aged alloy is in excellent agreement with the proportional decrease in mis-match determined by x-ray parameter measurements on a Cu-20% Co alloy homogenized at 923°K. The anomalous softening effect disappeared on gross overageing which resulted in loss of coherency. The results support the concept of coherency hardening. © 1965 Taylor & Francis Group, LLC.","","","Article","Final","","Scopus","2-s2.0-84996172136"
"Luo H.; He Y.; Li F.; Wang G.; Li Z.; Wei H.","Luo, Hongyu (60660478800); He, Yuanhuai (57194406059); Li, Fei (57206890548); Wang, Guangchi (57202003753); Li, Zhenhua (57191699691); Wei, He (57198510871)","60660478800; 57194406059; 57206890548; 57202003753; 57191699691; 57198510871","Effects of substitutional alloying elements on the elastic properties and anisotropy of α-Fe: A first-principles study","2026","Journal of Physics and Chemistry of Solids","218","","113859","","","0","10.1016/j.jpcs.2026.113859","https://www.scopus.com/pages/publications/105040756391?origin=resultslist","Using first-principles calculations based on density functional theory (DFT), the effects of substituting alloying elements (Si, Nb, Cu, and Mo) on the mechanical properties and electronic structures of α-Fe were systematically investigated. The calculated elastic constants and moduli show that Si, Nb, and Mo act as effective strengthening elements, leading to marked increases in the bulk and shear moduli, whereas Cu behaves as a ductilizing element that improves plasticity at the expense of stiffness. Among the four alloying elements considered, Si exhibits the most pronounced strengthening effect on α-Fe, while Cu shows the most significant contribution to ductility enhancement.To clarify the underlying electronic origin of these differences, the density of states (DoS), Mulliken population, and charge density difference (CDD) were analyzed. The CDD results provide direct visual evidence of the bonding characteristics: the Fe–Si, Fe–Nb, and Fe–Mo systems exhibit obvious directional charge accumulation in the bonding regions, indicating the formation of strong covalent-like bonds associated with p-d or d-d hybridization, which effectively restrict atomic slipping. In contrast, the Fe–Cu system shows a nearly spherical and isotropic charge depletion distribution with little charge accumulation between neighboring atoms, reflecting a relatively weak metallic interaction. The absence of strong directional bonding in the Cu-doped system explains its better ductility, whereas the strong and directional bonding in the Si-doped system is responsible for its high strengthening effect but relatively reduced ductility. These findings provide an atomic-scale understanding of the strengthening and toughening mechanisms of Fe-based alloys. © 2026 Elsevier Ltd. All rights are reserved, including those for text and data mining, AI training, and similar technologies.","Elastic properties; Electronic structure; First-principles calculations; α-Fe alloys","Alloying; Alloying elements; Atoms; Binary alloys; Copper alloys; Density (specific gravity); Density functional theory; Elastic moduli; Elasticity; Iron alloys; Population statistics; Silicon alloys; Strengthening (metal); Charge accumulation; Charge density difference; Doped systems; Elastic properties; Electronic.structure; First principle calculations; Strengthening effect; Substitutional alloying; α-Fe; Α-fe alloy; Ductility","Article","Final","","Scopus","2-s2.0-105040756391"
"Konchakov R.A.; Khonik V.A.; Kobelev N.P.","Konchakov, R.A. (7801610784); Khonik, V.A. (7006038844); Kobelev, N.P. (7003615304)","7801610784; 7006038844; 7003615304","Split interstitials in computer models of single-crystal and amorphous copper","2015","Physics of the Solid State","57","5","","856","865","15","10.1134/S1063783415050169","https://www.scopus.com/pages/publications/84930630109?origin=resultslist","The effect of interstitial atoms in a dumbbell configuration on elastic moduli of single crystal copper has been investigated using molecular dynamics simulation. It has been shown that shear components of the dipole tensor and λ-tensor increase when the concentration of split interstitials exceeds 0.6–0.7%. This is associated with their interaction responsible for a significant change in the distribution of orientations of split interstitials and, hence, for a change in the type of the induced local symmetry breakings of the face-centered cubic structure. It has been found that, in the model of amorphous copper, there are “defects” (elastic dipoles) with properties similar to those of split interstitials in the single crystal. The deviatoric component of their λ-tensor is more than an order of magnitude greater than the dilatation component and is responsible for the decreased value of the shear modulus and thermal effects in noncrystalline metallic materials. © 2015, Pleiades Publishing, Ltd.","","","Article","Final","","Scopus","2-s2.0-84930630109"
"He Q.; Xu J.","He, Qiang (55712286300); Xu, Jian (56995363200)","55712286300; 56995363200","Locating Malleable Bulk Metallic Glasses in Zr-Ti-Cu-Al Alloys with Calorimetric Glass Transition Temperature as an Indicator","2012","Journal of Materials Science and Technology","28","12","","1109","1122","55","10.1016/S1005-0302(12)60180-7","https://www.scopus.com/pages/publications/84869760041?origin=resultslist","We defined the plastic deformability under constrained loading conditions as malleability for bulk metallic glass (BMG) materials. Quaternary Zr-Ti-Cu-Al alloys in the Zr-rich composition range are selected to investigate the compositional dependence of malleability assessed by bending testing and glass transition temperature (Tg). As indicated, increasing the Al or Cu concentration in the alloys leads to the rise of Tg. The Zr61 Ti2Cu25Al12 (ZT1) and Zr61.6Ti4.4Cu24Al10 (ZT3) alloys exhibit an optimal combination of lower Tg and higher glass-forming ability. The malleable BMGs such as ZT1 manifests two characters during deformation, the stable propagation of a single shear band indicated by large shear offsets and easy proliferation of shear bands. With increasing the Tg of BMG, the yield strength σy, Young's modulus and shear modulus simultaneously increase as well, while the Poisson's ratio decreases. The σy of ZT1 BMG is about 1680 MPa in compression and 1600 MPa in tension. In tensile loading, no any visible plasticity appears even when the strain rate increases up to the order of magnitude of 10-1 s-1. In consistent with the Tg, malleability of Zr-Ti-Cu-Al BMGs manifests significant compositional dependence. The malleable BMG is associated with lower Tg, as well as lower shear modulus or higher Poisson's ratio, which can be understood on the basis of the correlation of Tg with shear energy barrier in metallic glass. Thus, the calorimetric Tg can be used as an indicator to screen malleable BMG-forming composition, with advantage of experimental accessibility. © 2012 The Chinese Society for Metals.","Bending; Elastic constants; Glass transition; Malleability; Metallic glass","Alloys; Aluminum; Bending (forming); Calorimetry; Deformation; Elastic constants; Elastic moduli; Glass transition; Loading; Metallic glass; Poisson ratio; Shear bands; Titanium alloys; Zirconium; Bending testing; Bulk metallic glass; Calorimetric glass transition; Composition ranges; Compositional dependence; Glass forming ability; Large shear; Loading condition; Malleability; Optimal combination; Poisson's ratio; Rate increase; Tensile loading; Under-constrained; Young's Modulus; Copper alloys","Article","Final","","Scopus","2-s2.0-84869760041"
"Lim Y.Y.; Munawar Chaudhri M.","Lim, Yong Yee (7402565168); Munawar Chaudhri, M. (7006463012)","7402565168; 7006463012","The effect of the indenter load on the nanohardness of ductile metals: An experimental study onpolycrystalline work-hardened and annealed oxygen-free copper","1999","Philosophical Magazine A: Physics of Condensed Matter, Structure, Defects and Mechanical Properties","79","12","","2979","3000","213","10.1080/01418619908212037","https://www.scopus.com/pages/publications/0038929067?origin=resultslist","An experimental investigation of the nanohardness of polycrystalline work-hardened and annealed oxygen-free copper (OFC) for different indenter loads is described. Nanoindentations were made using a Berkovich diamond indenter and the indenter loads used were in the range 1-100 mN. It is shown that by accurately measuring the projected contact areas of nanoindentations with an atomic force microscope the overall nanohardness behaviour of the work-hardened OFC was quite different from that of the annealed OFC. The nanohardness of the former behaved non-monotonically with increasing indenter penetration depth, whereas the nanohardness of the latter decreased monotonically with increasing indenter penetration depth. A three-stage qualitative model has been proposed to explain the nanohardness results. In the first stage, it is argued that, at low penetration depths of less than 150 nm (our lowest measured depth), dislocation loops are nucleated at relatively high shear stress values of about G/75, where G is the shear modulus of the OFC. For larger indenter penetration depths, the dislocation loops glide and expand without there being a significant influence of the prior plastic strain in the specimens. The nanohardness decreases with increasing indenter penetration because of the lower shear stress required to expand loops of larger diameters. For still larger penetration depths, the second stage is applicable and the influence of the prior strain becomes significant. As the nanohardness values reflect the resistance to dislocation glide, which would be higher for the work-hardened OFC, the nanohardness of the work-hardened OFC remains higher at all indenter penetration depths than that of the annealed OFC. In the final stage, it is suggested that, when the dislocation density around an indentation becomes sufficiently high, the nanohardness behaviour follows a pattern similar to that of a spherical indentation of a constant a/R value of 0.6, where a and R are the radii of the indentation and indenter respectively. With this approach, the behaviours of both the work-hardened and the annealed OFC have been correlated reasonably satisfactorily using their Pm versus a/R response corresponding to spherical indenters of different radii, where Pm is the mean indentation pressure. © 1999 Taylor & Francis Ltd.","","","Article","Final","","Scopus","2-s2.0-0038929067"
"Zhu S.; Li Z.; Yan L.; Li X.; Zhang Y.; Xiong B.","Zhu, Shang (57203686947); Li, Zhihui (36018136000); Yan, Lizhen (56201932700); Li, Xiwu (56582811100); Zhang, Yongan (7601331969); Xiong, Baiqing (8342886900)","57203686947; 36018136000; 56201932700; 56582811100; 7601331969; 8342886900","Effects of Zn Addition on the Natural Ageing Behavior and Bake Hardening Response of a Pre-Aged Al-Mg-Si-Cu Alloy; [Zn添加对预时效态Al-Mg-Si-Cu合金自然时效和烘烤硬化性的影响]","2019","Jinshu Xuebao/Acta Metallurgica Sinica","55","11","","1395","1406","9","10.11900/0412.1961.2018.00555","https://www.scopus.com/pages/publications/85077383631?origin=resultslist","Al-Mg-Si(-Cu) alloys are widely used in automotive body panels because of their excellent combined performance of high strength-to-weight ratio, good formability and corrosion resistance. Zn additions to Al-Mg-Si(-Cu) alloys have been tested and shown to effectively affect the precipitation microstructure and enhance the age-hardening response. The present study investigates the natural ageing (NA) behavior and bake hardening response in the pre-aged Al-0.9Mg-0.8Si-0.2Cu (mass fraction, %) and Al-0.9Mg-0.8Si-0.2Cu-0.6Zn (mass fraction, %) alloys. The results are compared to clarify the effect of Zn addition. During NA after pre-ageing at 80℃ for 15 min (PA), cluster growth is the dominant process in the Zn-free and Zn-added alloys. Some Zn atoms are partitioned into the clusters under PA+NA condition. Partitioning of Zn may change the stability of clusters, increasing the growth rate of clusters. The yield strength of the two alloys increases with the increasing NA time. The smaller cluster spacing and larger cluster shear modulus lead to the higher yield strength in the Zn-added alloy during NA after PA. The prolonged NA inhibits the transformation of clusters to GP zones and β″ phases during bake hardening (BH) treatment at 170℃ for 30 min in the Zn-free and Zn-added alloys, resulting in the lower BH response. The Zn does not significantly partition into clusters or precipitates, and the majority of Zn remains in the Al matrix during BH treatment, prompting the transformation from solute clusters to GP zones and β″ phases. As a result, the yield strength of the Zn-added alloy after PA+NA+BH treatment is higher than that of the Zn-free alloy. © All right reserved.","Ageing; Al-Mg-Si-Cu alloy; Precipitate; Zn addition","Age hardening; Aluminum alloys; Aluminum corrosion; Copper alloys; Copper corrosion; Corrosion resistance; Corrosion resistant alloys; Growth rate; Hardening; High strength alloys; Linear transformations; Magnesium alloys; Precipitates; Precipitation (chemical); Silicon alloys; Yield stress; Ageing; Al-Mg-Si-Cu alloys; Automotive body panels; Cluster growth; Dominant process; Hardening response; Natural ageing; Solute cluster; Zinc alloys","Article","Final","","Scopus","2-s2.0-85077383631"
"Weissmann G.F.; Graham W.L.","Weissmann, G.F. (7103158709); Graham, W.L. (7201510986)","7103158709; 7201510986","DYNAMIC DETERMINATION OF ELASTIC SHEAR PROPERTIES.","1973","Wire J","6","12","","59","64","0","","https://www.scopus.com/pages/publications/0015740733?origin=resultslist","Test equipment, which utilizes a modified torsion pendulum principle, is used for the evaluation of the elastic shear properties of Type 27 Remendur and of CA-162 copper-cadmium wires of different tempers. The apparatus uses damping as a yield criterion and is capable of determining the shear modulus and a design shear stress which is closely related to the offset yield strength.","","Materials testing apparatus; Springs","Article","Final","","Scopus","2-s2.0-0015740733"
"Trappeniers N.J.; Biswas S.N.; ten Seldam C.A.","Trappeniers, N.J. (7003711353); Biswas, S.N. (7402251577); ten Seldam, C.A. (6603324448)","7003711353; 7402251577; 6603324448","Effect of pressure on the shear modulus of polycrystalline aluminium, copper and silver","1976","Physica B+C","85","1","","20","32","4","10.1016/0378-4363(76)90095-4","https://www.scopus.com/pages/publications/49549130862?origin=resultslist","A method is described for the precise measurement of the effect of pressure on the shear modulus and internal friction of metals. It is based on a resonance technique in which the excitation and detection of torsional vibrations in the specimen are achieved by the electromagnetic method of induced eddy currents. Measurements have been made on polycrystalline Al, Cu and Ag at 25°C and up to 2500 atm using several pressurizing media. An extensive analysis is carried out in order to determine the corrections due to the influence of damping by the pressurizing medium. The experimental results agree well with the values which are calculated by averaging the elastic constants of the corresponding single crystals. © 1976.","","","Article","Final","","Scopus","2-s2.0-49549130862"
"Seiner H.; Bodnárová L.; Sedlák P.; Janeček M.; Srba O.; Král R.; Landa M.","Seiner, Hanuš (6507477387); Bodnárová, Lucie (35184937100); Sedlák, Petr (57202863111); Janeček, Miloš (16458563500); Srba, Ondřej (25823380200); Král, Robert (7004193172); Landa, Michal (7006510943)","6507477387; 35184937100; 57202863111; 16458563500; 25823380200; 7004193172; 7006510943","Application of ultrasonic methods to determine elastic anisotropy of polycrystalline copper processed by equal-channel angular pressing","2010","Acta Materialia","58","1","","235","247","46","10.1016/j.actamat.2009.08.071","https://www.scopus.com/pages/publications/70449133352?origin=resultslist","Anisotropy of elastic properties of ultrafine-grained polycrystalline copper after one, two and four passes of equal-channel angular pressing (ECAP) is investigated by means of ultrasonic methods. For each material, Young's and shear moduli in the principal processing directions are evaluated and the symmetry and orientation of the anisotropy are identified. The relation between the determined symmetry and the processing mechanisms is discussed. It is shown that the material after one and two passes of ECAP exhibits a measurable anisotropy, while the material after the fourth pass behaves isotropically. Within the discussion, it is shown that the origin of the observed anisotropy may be attributed to the spatial arrangement of grain boundaries rather than to the crystallographic texture. In the light of this conclusion, the obtained results correspond well with optical and transmission electron microscopy observations of the microstructures of ECAPed materials documented in the literature. © 2009 Acta Materialia Inc.","Acoustic methods; Copper; Equal-channel angular pressing","Anisotropy; Copper; Crystallography; Grain boundaries; Light transmission; Pressing (forming); Single crystals; Transmission electron microscopy; Ultrasonics; Acoustic methods; Crystallographic textures; Elastic anisotropy; Elastic properties; Polycrystalline copper; Shear modulus; Spatial arrangements; Transmission electron microscopy observation; Ultrafine-grained; Ultrasonic methods; Equal channel angular pressing","Article","Final","","Scopus","2-s2.0-70449133352"
"Friedman L.H.","Friedman, Lawrence H. (7403039986)","7403039986","Exponent for Hall-Petch behaviour of ultra-hard multilayers","2006","Philosophical Magazine","86","11","","1443","1481","9","10.1080/14786430500080353","https://www.scopus.com/pages/publications/33645753080?origin=resultslist","Elastically inhomogeneous multilayer films are being exploited for use as ultra-hard coatings. These films exhibit a strong dependence between the compositional wavelength of the film, ?, and the hardness, H = K ? -a + H 0 where the scaling exponent a depends on the elastic properties of the individual layers (shear moduli and Poisson ratios). The dislocation pileup model can explain this trend and form a bridge between the microscopic strength of multilayer interfaces and the macroscopic strength of the multilayer. A semianalytic solution to the pileup model of multilayer strength is presented. All parameter dependencies are solved analytically except a single dimensionless coefficient which is found from numerical simulation. The predictions are compared to data from a 2D discrete dislocation model and to experimental Cu/Ni data. Coefficients and exponents are given for some additional material systems.","","Computer simulation; Copper; Elasticity; Interfaces (materials); Mathematical models; Nickel; Dislocation pileup model; Hall-Petch behavior; Macroscopic strength; Ultra-hard coatings; Multilayers","Article","Final","","Scopus","2-s2.0-33645753080"
"Laplanche G.; Münchhalfen M.; Tirunilai A.S.; Schreuer J.","Laplanche, Guillaume (36958673900); Münchhalfen, Marie (57210891588); Tirunilai, Aditya Srinivasan (57203687546); Schreuer, Jürgen (6701614785)","36958673900; 57210891588; 57203687546; 6701614785","Elastic Properties and Thermal Expansion Behavior of a Polycrystalline VMnFeCoNi High-Entropy Alloy","2026","Advanced Engineering Materials","","","","","","0","10.1002/adem.71108","https://www.scopus.com/pages/publications/105045497862?origin=resultslist","Among the equiatomic and single-phase face-centered cubic high-entropy alloys, VMnFeCoNi has the highest strength-ductility combination reported to date. This study presents the first successful measurements of its coefficient of thermal expansion (α) and elastic moduli between 100 and 673 K. The temperature dependence of α (in 1/K) increases monotonically with increasing temperature and can be described by α = 18.6 × 10−6 (392/T)² exp(392/T)/(exp(392/T) − 1)², where T is the absolute temperature. The Poisson's ratio is nearly independent of temperature and equal to 0.285. In contrast, the Young's (E) and shear moduli (G), both in GPa, decrease with increasing temperature and their variations are given by E = 203 − 0.0681 T and G = 80 − 0.0292 T. © 2026 The Author(s). Advanced Engineering Materials published by Wiley-VCH GmbH.","CoFeMnNiV; dilatation; elastic constants; HEA","Cobalt alloys; Copper alloys; Elastic moduli; Entropy; High-entropy alloys; Iron alloys; Manganese alloys; Polycrystalline materials; Temperature distribution; Ternary alloys; Thermal expansion; Vanadium alloys; Dilatation; Elastic properties; Equiatomic phasis; Face-centred cubic; HEA; High entropy alloys; Increasing temperatures; Polycrystalline; Single phasis; Thermal expansion behavior; Elastic constants","Article","Article in press","","Scopus","2-s2.0-105045497862"
"Edalati K.; Akama D.; Nishio A.; Lee S.; Yonenaga Y.; Cubero-Sesin J.M.; Horita Z.","Edalati, Kaveh (55885177300); Akama, Daichi (36247083800); Nishio, Asuki (56041633200); Lee, Seungwon (55716375900); Yonenaga, Yosuke (56042176000); Cubero-Sesin, Jorge M. (55096940900); Horita, Zenji (7006530810)","55885177300; 36247083800; 56041633200; 55716375900; 56042176000; 55096940900; 7006530810","Influence of dislocation-solute atom interactions and stacking fault energy on grain size of single-phase alloys after severe plastic deformation using high-pressure torsion","2014","Acta Materialia","69","","","68","77","214","10.1016/j.actamat.2014.01.036","https://www.scopus.com/pages/publications/84894283029?origin=resultslist","Several pure metals (magnesium, aluminum, iron, cobalt, nickel, copper, zinc, palladium and silver) and single-phase Al-Mg, Al-Ag, Al-Cu, Cu-Al, Cu-Zn, Pd-Ag, Ni-Fe and Ni-Co alloys were processed by severe plastic deformation using high-pressure torsion (HPT). The steady-state grain size was decreased and hardness increased by alloying in all the systems. It was shown that the dominant factor for extra grain refinement by alloying was due to the effect of solute-matrix atomic-size mismatch and modulus interaction on the mobility of edge dislocations. For the selected alloys, unlike pure metals, the grain size was almost insensitive to the melting temperature, and like pure metals, no systematic correlation was established between the grain size and stacking fault energy (chemical interaction) or between the grain size and valence electrons (electrical interaction). The presence of a power-law relation, with n ≈ 0.56, between the hardness normalized by the shear modulus and grain size normalized by the Burgers vector signified the large contribution of grain boundaries to the hardening. The contribution of the solid-solution effect to the total hardening appeared to be <15%. © 2014 Acta Materialia Inc. Published by Elsevier Ltd. All rights reserved.","Severe plastic deformation (SPD); Solid-solution hardening; Steady-state grain size; Steady-state hardness; Ultrafine-grained (UFG) materials","Alloying; Aluminum copper alloys; Binary alloys; Edge dislocations; Grain boundaries; Grain refinement; Grain size and shape; Hardening; Hardness; High pressure effects; Iron alloys; Magnesium alloys; Nickel silver; Palladium alloys; Plastic deformation; Silver alloys; Single crystals; Solid solutions; Torsional stress; Grain size; Severe plastic deformations; Solid solution hardening; Steady state; Ultrafine grained materials; Cobalt alloys","Article","Final","","Scopus","2-s2.0-84894283029"
"Li Y.; Shi Y.; Chen R.; Wang H.; Zhang P.; Zhou B.; Li D.; Lin H.; Ding L.","Li, Yanzhou (57208868984); Shi, Yan (26121398600); Chen, Rongna (59277540700); Wang, Hongxin (55337760000); Zhang, Peng (57750227800); Zhou, Binjun (56158349500); Li, Defa (55532406500); Lin, Hua (57193495514); Ding, Lin (51664789200)","57208868984; 26121398600; 59277540700; 55337760000; 57750227800; 56158349500; 55532406500; 57193495514; 51664789200","Influence of Al content on the elastic properties and various anisotropies of AlxC rFeCoNiCu high entropy alloys base on the first-principles calculation","2023","Materials Research Express","10","6","066505","","","12","10.1088/2053-1591/acda19","https://www.scopus.com/pages/publications/85162178825?origin=resultslist","First-principles density-functional theory was used to analyze the effects of Al on the mechanical properties, stability, elastic constant, and elastic anisotropy of AlxCrFeCoNiCu (x = 0, 0.5, 1, 1.5, 2) HEAs. The calculations of volume modulus, shear modulus, and Young’s modulus show that the increase of Al content can improve the strength of HEAs, and the degree of influence of Al on Young’s modulus of the HEAs is higher than that of shear modulus and volume modulus. The calculations of Cauchy pressure, Paugh ratio, and Poisson’s ratio show that FeCoNiCrCu, Al0.5CrFeCoNiCu, and AlCrFeCoNiCu have good flexibility and plasticity. AlxCrFeCoNiCu HEAs with different Al contents all exhibit elastic anisotropy. © 2023 The Author(s). Published by IOP Publishing Ltd.","anisotropy; elastic properties; first-principles; high entropy alloy","Aluminum; Aluminum alloys; Chromium alloys; Cobalt alloys; Copper alloys; Density (specific gravity); Density functional theory; Elastic moduli; Elasticity; Entropy; High-entropy alloys; Iron alloys; Shear strain; Al content; Cauchy pressure; Elastic anisotropy; Elastic properties; First principle calculations; First principles; First-principle density-functional theories; High entropy alloys; S ratio; Anisotropy","Article","Final","All Open Access; Gold Open Access; Green Open Access","Scopus","2-s2.0-85162178825"
"Qingchun L.; Kuiying C.; Songyan Z.","Qingchun, Li (6505980090); Kuiying, Chen (6506647454); Songyan, Zeng (7202412607)","6505980090; 6506647454; 7202412607","Influence of rare earth additions on rheological behaviour of AI-5Cu alloy in solid-liquid coexistence zone","1991","Materials Science and Technology (United Kingdom)","7","8","","770","774","4","10.1179/mst.1991.7.8.770","https://www.scopus.com/pages/publications/0026206028?origin=resultslist","A rheological model was constructed and the influence of rare earth (RE) additions on the rheological behaviour of an Al-5 wt-%Cu alloy in the solid-liquid coexistence zone (SLCZ) was investigated, using an apparatus specially designed by the authors for studying the rheological properties of aluminium alloys. It was found that the rheological behaviour of an Al-5Cu alloy can be described by a combination model (the series arrangement of the Hooke model with the Kelvin and Bingham models). It was shown that RE additions can increase the values of the rheological parameters (shear modulus G, viscosity η, and yield strength τs) of Al-5Cu in the SLCZ to some extent, and can decrease the temperature at which the retardation time η2/G2 of the Kelvin model is a minimum and the Kelvin model temperature TK. Also, RE additions can reduce the effective temperature zone ΔTK of the Kelvin model. © 1991 The Institute of Metals.","","Metals Testing; Rheology - Mathematical Models; Stresses - Shear; Kelvin Model; Solid-Liquid Coexistance Zone; Aluminum Copper Alloys","Article","Final","","Scopus","2-s2.0-0026206028"
"Yang J.-W.; An L.","Yang, Jin-Wen (17435959700); An, Li (57213543764)","17435959700; 57213543764","First-principles determination of pressure-induced structure, anisotropic elasticity and ideal strengths of CuInS2 and CuInSe2                         ","2020","Solid State Communications","316-317","","113952","","","5","10.1016/j.ssc.2020.113952","https://www.scopus.com/pages/publications/85084381934?origin=resultslist","The pressure-induced structural properties, anisotropic elasticity, ideal tensile and shear strengths of CuInS2 and CuInSe2 with ternary chalcopyrite structure are investigated by performing ab initio calculations. Single-crystal elastic constants, polycrystalline bulk modulus, shear modulus, Young's modulus, Poisson's ratio, the brittle/ductile characteristics and elastic wave velocities over different directions dependences on applied pressures up to 5 GPa are also successfully obtained. The calculated elastic constants indicate that both chalcopyrites should be stabilized mechanically up to 5 GPa, this result accords with energy dispersive X-ray diffraction (EDX) experimental findings in diamond anvil cells of Tinoco et al. And the anisotropy of the directional linear compressibility up to 5 GPa is also investigated. It turns out that both compounds possess inconspicuous elastic anisotropy under pressure. CuInS2 resists compression better than CuInSe2. Especially, the ideal tensile and shear strengths are predicted systematically, and it is demonstrated that CuInS2 exhibits greater ideal tensile and shear strengths than CuInSe2. © 2020 Elsevier Ltd","A. chalcopyrite structure; D. anisotropic elasticity; D. ideal strengths","Anisotropy; Calculations; Copper compounds; Elastic constants; Elastic moduli; Elastic waves; Elasticity; Indium compounds; Selenium compounds; Shear flow; Single crystals; Structural properties; Tensile strength; Ab initio calculations; Anisotropic elasticity; Elastic wave velocity; Energy dispersive x-ray diffractions; First principles determination; Linear compressibilities; Pressure-induced structures; Single crystal elastic constants; Sulfur compounds","Article","Final","","Scopus","2-s2.0-85084381934"
"Hashimoto K.; Sakane M.; Ohnami M.","Hashimoto, Kiyoshi (55477134200); Sakane, Masao (7004384000); Ohnami, Masateru (7004785796)","55477134200; 7004384000; 7004785796","Stress Intensity Factor for Cubic Single Crystals of Cu, Ni, Si, Al, and W","1995","Transactions of the Japan Society of Mechanical Engineers Series A","61","586","","1218","1224","1","10.1299/kikaia.61.1218","https://www.scopus.com/pages/publications/0029323209?origin=resultslist","This paper describes the stress intensity factor for a semicircular surface crack embedded in a finite plate of cubic single crystals of Cu, Ni, Si, Al, and W, in consideration of anisotropy caused by the crystallographic texture. The correction factor F1 of the stress intensity factor was calculated by means of the 3D F1nite-element method (FEM). The F1 value depends on both the material and crystal direction. The relationships among the F1 value and Young's modulus, shear modulus, and Poisson's ratio were discussed. A simple method of estimating the F1 value for cubic single crystals was proposed by introducing a parameter which expresses the intensity of elastic anisotropy. The F1 value can be estimated by this method in the range of elastic anisotropy between 1.00 and 3.20 for several crystal directions. © 1995, The Japan Society of Mechanical Engineers. All rights reserved.","Anisotropy; Cubic Single Crystal; Elastic Constants; FEM; Stress Intensity Factor; Surface Crack","Aluminum; Anisotropy; Copper; Cracks; Crystallography; Elastic moduli; Finite element method; Nickel; Silicon; Stress analysis; Stress intensity factors; Tungsten; Elastic constant; Poisson ratio; Shear moduli; Single crystals","Article","Final","All Open Access; Gold Open Access","Scopus","2-s2.0-0029323209"
"Bhardwaj P.; Mishra A.P.; Bhardwaj R.","Bhardwaj, Purvee (23666415200); Mishra, A.P. (56550215500); Bhardwaj, Ramakant (56490029500)","23666415200; 56550215500; 56490029500","Computational study of polycrystalline intermetallics","2020","Materials Today: Proceedings","47","","","6752","6758","1","10.1016/j.matpr.2021.05.126","https://www.scopus.com/pages/publications/85118120078?origin=resultslist","The computational study of YAg-B2 (CsCl) and YCu-B2 (CsCl) have been investigated using Density Functional Calculation. Enthalpy calculations show that present intermetallics exhibit in CsCl-type structure. The stability of present compound is discussed by electronic band structure calculations. The computed values of stable state parameters are consistent with the experiment. Furthermore the ductility of present B2 intermetallics has also been found out by evaluating the knowledge of second order elastic constants. The ratio of bulk and shear modulus described the ductile character of these intermetallics. To the best of our knowledge no published results are accessible for comparing the modulus of elasticity. © 2020 Elsevier Ltd. All rights reserved.","Band structure calculation; Crystal phase; Electronic calculation; Intermetallics","Band structure; Cesium compounds; Chlorine compounds; Copper compounds; Crystal structure; Elastic moduli; Yttrium aluminum garnet; Band structure calculation; Computational studies; Crystal phasis; Density-functional calculations; Electronic band structure calculation; Electronic calculation; Polycrystalline; Stable state; State parameters; Type structures; Intermetallics","Conference paper","Final","","Scopus","2-s2.0-85118120078"
"Kamada K.; Yoshizawa I.; Naramoto H.","Kamada, K. (36056358900); Yoshizawa, I. (7007137171); Naramoto, H. (56212525200)","36056358900; 7007137171; 56212525200","Temperature dependence of total free energy of activation for dislocation motion. II. Copper crystals after irradiation with nearly mono‐energetic neutrons","1975","physica status solidi (a)","29","2","","545","549","0","10.1002/pssa.2210290224","https://www.scopus.com/pages/publications/0016515981?origin=resultslist","A test is made for the presence of a spectrum in the strength of obstacle for dislocation motion by calculating the total free energy of activation, ΔG0, from experimentally obtained activation parameters, after nearly mono‐energetic neutron irradiation on copper single crystals. Its temperature dependence was found to be exactly the same with shear modulus in the range from room temperature down to 4.2 K, demonstrating the absence of the spectrum. The same analysis was applied to the data of irradiation‐hardening due to Koppenaal and Arsenault, and therefrom the presence of the spectrum was concluded on the contrary to the conclusion of the original authors. The analysis was also applied to the data of Diehl et al., concluding the spectrum from their not‐corrected data. Their corrected data, on the other hand, gave unreasonable results. Copyright © 1975 WILEY‐VCH Verlag GmbH & Co. KGaA","","CRYSTALS - Defects; NEUTRONS; COPPER AND ALLOYS","Article","Final","","Scopus","2-s2.0-0016515981"
"Shibutani Y.; Tsuru T.","Shibutani, Yoji (7006481681); Tsuru, Tomohito (7202706570)","7006481681; 7202706570","Nanoindentation-induced collective dislocation behavior and nanoplasticity","2007","Key Engineering Materials","340-341 I","","","39","48","3","10.4028/0-87849-433-2.39","https://www.scopus.com/pages/publications/34147192106?origin=resultslist","The present paper summarizes the crystallographic dependence of the displacement burst behavior observed in nanoindentation using two single crystalline aluminum (Al) materials and copper (Cu) with three kinds of surface indices, namely (001), (110) and (111). From the critical indent load at the first burst, the critical resolved shear stresses (CRSSs) of the collective dislocation nucleation were estimated in reference to molecular dynamics (MD) simulations. These are almost one-tenth of the shear modulus, which are close to the ideal values. We explain the nanoplastic mechanics by a comprehensive energy balance model to describe the linear relation between the indent load and the burst width of the first displacement burst and by the nucleation model consisting of three-dimensional discrete dislocations to evaluate the number of dislocations nucleating. The distance between the emitted dislocation loops of Al is found to be fairly large. Thus, Al is expected to exhibit a less tangled network of dislocations just below the indentation than Cu, which has a lower stacking fault energy.","Dislocation emission; Displacement burst; Nanoindentation; Nanoplasticity; Prismatic dislocation loop; Single crystalline aluminum and copper","Computer simulation; Crystallography; Dislocations (crystals); Plasticity; Shear stress; Single crystals; Critical resolved shear stresses (CRSS); Crystallographic dependence; Dislocation emissions; Displacement bursts; Molecular dynamics (MD) simulations; Nanoplasticity; Prismatic dislocation loops; Single crystalline aluminum; Nanoindentation","Conference paper","Final","All Open Access; Hybrid Gold Open Access","Scopus","2-s2.0-34147192106"
"Kirchner H.O.K.; Suzuki T.","Kirchner, H.O.K. (7202769132); Suzuki, T. (57201848512)","7202769132; 57201848512","Plastic homology of tetrabonded crystals","1998","Acta Materialia","46","1","","305","311","28","10.1016/S1359-6454(97)00150-X","https://www.scopus.com/pages/publications/0031295734?origin=resultslist","The temperature dependence of the critical resolved shear stress of tetrabonded crystals Si, Ge, SiC, diamond, GaP, GaAs, GaSb, InP, InAs, InSb, CdTe, HgSe, CuCl and CuBr follows a universal relationship: all τc(T) data lie on one and the same master curve τc/G vs kT/Gb3, where G is the shear modulus and b the length of the total Burgers vector. © 1997 Acta Metallurgica Inc.","","Copper compounds; Elastic moduli; Mercury compounds; Plasticity; Semiconducting cadmium compounds; Semiconducting diamonds; Semiconducting gallium arsenide; Semiconducting germanium; Semiconducting indium phosphide; Semiconducting silicon; Shear stress; Silicon carbide; Plastic homology; Tetrabonded crystals; Single crystals","Article","Final","","Scopus","2-s2.0-0031295734"
"Andersson M.; Lundqvist B.; Rapp O.","Andersson, Magnus (19833510900); Lundqvist, Björn (7006959268); Rapp, Östen (56209359900)","19833510900; 7006959268; 56209359900","Vortex liquid-to-solid transition in underdoped YBa2Cu3O7-δ single crystals with B∥ab","2003","Physica C: Superconductivity and its Applications","388-389","","","691","692","1","10.1016/S0921-4534(02)02465-6","https://www.scopus.com/pages/publications/0037767085?origin=resultslist","A nearly magnetic field independent vortex liquid-to-solid transition has been observed in both the ab-plane and in the c-axis resistivity of underdoped YBa2Cu3O7-δ single crystals for magnetic fields B∥ab-plane. These observations suggest that intrinsic pinning caused by the superconducting layers do neither lead to a system of completely decoupled superconducting layers nor to a smectic vortex phase at high fields. A possible explanation may include a transition driven by changes in elastic properties (e.g., the shear modulus) of the vortex system. © 2003 Elsevier Science B.V. All rights reserved.","Single crystals; Vortex liquid-to-solid transition; YBa<sub>2</sub>Cu<sub>3</sub>O<sub>7-δ</sub>","Doping (additives); Magnetic field effects; Phase transitions; Single crystals; Superconductivity; Vortex fluctuations; Yttrium barium copper oxides","Conference paper","Final","","Scopus","2-s2.0-0037767085"
"Chen Y.; Cui J.; Nie Y.","Chen, Yun (55961785300); Cui, Junzhi (7401811578); Nie, Yufeng (15065801200)","55961785300; 7401811578; 15065801200","The thermo-mechanical coupled model of single crystal based on rate-dependent slip deformation theory and its FEM computation","2012","Guti Lixue Xuebao/Acta Mechanica Solida Sinica","33","1","","32","38","1","","https://www.scopus.com/pages/publications/84859381992?origin=resultslist","This paper presents the thermo-mechanical coupled model of single crystal based on rate-dependent plastic slip deformation theory and its FEM algorithm. The model includes two aspects: one is irreversible heat resulted by plastic deformation and another is a large amount of thermal stress from temperature changing under rapid thermal shock effect. Formulas of shear strain rate and shear modulus dependent on temperature are also given, and the subroutines to calculate stress and strain are coded based on ABAQUS software. The relations among stress, strain and temperature of <001>/{100} single crystal copper under tension conditions are calculated by the model established. The results show that true stress are proportional to temperature at first and then nonlinear decreasing but true strain are increased with temperature increasing, so elastic modulus decreases with increasing plastic deformation. The numerical results are consistent with those simulated by molecular dynamics. It shows that the model and its FEM algorithm are reasonable, and their computing costs are less and less than MD simulation.","Crystal plasticity; FEM computation; Finite strains; Thermo-mechanical coupled","ABAQUS; Plastic deformation; Shear flow; Shear strain; Strain rate; Stress-strain curves; Subroutines; Temperature; Thermal stress; Coupled models; Crystal plasticity; Deformation theory; FEM algorithms; FEM computation; Finite strain; Plastic slip; Rate dependent; Slip deformation; Thermo-mechanical coupled; Single crystals","Article","Final","","Scopus","2-s2.0-84859381992"
"Chang Y.W.; Asaro R.J.","Chang, Y.W. (55505174200); Asaro, R.J. (7005664156)","55505174200; 7005664156","An experimental study of shear localization in aluminum-copper single crystals","1981","Acta Metallurgica","29","1","","241","257","225","10.1016/0001-6160(81)90103-6","https://www.scopus.com/pages/publications/0019437191?origin=resultslist","Localized plastic shearing was studied in single crystals of Al-2.8 wt% Cu single crystals aged to contain GP zones, θ′ and θ precipitates. For θ′ containing crystals, the onset of macroscopic shear localization corresponded to the attainment of a critically low value of the ratio of slip plane strainhardening rate, ft, to current tensile stress σ, (h/'σ)crit. The average value of (h/σ)crit was 0.032 in close agreement with our recent theoretical models. The bands were not aligned with the active slip systems in the crystal's matrix but were misaligned by several degrees. This misalignment is shown, theoretically and experimentally, to lead to 'local geometrical softening' in the bands. Crystals containing GP zones also developed macroscopically localized shear bands corresponding to the above critical conditions and with the same kinematical features, but macroscopic shearing was usually preceded by the formation of coarse bands of slip. These coarse slip bands were aligned with the active slip systems and we found that their beginnings could be correlated with a critically low value of the ratio of (h/G) ≈ 2 × 10-3, where G is the elastic shear modulus. Strainsoftening, i.e. h < 0, was not observed under any conditions, even after the shear bands had accumulated large amounts of shear strain. © 1981.","","ALUMINUM COPPER ALLOYS","Article","Final","","Scopus","2-s2.0-0019437191"
"Chen D.-N.; Fan C.-L.; Hu J.-W.; Wu S.-X.; Wang H.-R.; Tan H.; Yu Y.-Y.","Chen, Da-Nian (55928678600); Fan, Chun-Lei (56295281600); Hu, Jin-Wei (55499409100); Wu, Shan-Xing (7407184963); Wang, Huan-Ran (12789906200); Tan, Hua (7403011558); Yu, Yu-Ying (8268247100)","55928678600; 56295281600; 55499409100; 7407184963; 12789906200; 7403011558; 8268247100","On constitutive models of oxygen-free high-conductivity copper at high pressure and high strain rates","2009","Wuli Xuebao/Acta Physica Sinica","58","4","","2612","2618","10","","https://www.scopus.com/pages/publications/65449136780?origin=resultslist","In this paper, seven constitutive models for oxygen-free high conductivity copper at high pressure and high strain rate are constructed based on Y/G =constant and on G/B=constant, respectively (Y denoting the yield strength, G the shear modulus, B the bulk modulus). The variations of longitudinal stress, transverse stress and yield strength of oxygen-free high conductivity copper with time under planar shock loading are obtained using the managing stress gauge and compared with the predicted values by the constructed seven constitutive models. It is indicated that the pressure, density, temperature and plastic strain dependence of the yield strength for oxygen-free high conductivity copper under planar shock loading is essential to the constitutive description. It seems that the strength models of oxygen-free high conductivity copper obtained from SHPB tests and torsion tests are unavailing to the planar shock loading. © 2009 Chin. Phys. Soc.","Constitutive model; Managing stress gauge; Oxygen-free high conductivity copper; Planar shock tests","","Article","Final","","Scopus","2-s2.0-65449136780"
"Khan A.S.; Kazmi R.; Baig M.; Pandey A.; Farrokh B.","Khan, A.S. (56399821500); Kazmi, R. (6602327812); Baig, M. (57206138798); Pandey, A. (57201837595); Farrokh, B. (12796320500)","56399821500; 6602327812; 57206138798; 57201837595; 12796320500","Comprehensive responses of FCC, BCC & HCP metals including nanomaterials, and constitutive modeling","2008","9th International Conference on Technology of Plasticity, ICTP 2008","","","","44","73","0","","https://www.scopus.com/pages/publications/84899726492?origin=resultslist","Comprehensive experimental results are presented for FCC, BCC & HCP metals over a wide range of strain-rates during quasi-static loading (10 -5to 100 s-1) and dynamic loading using split-Hopkinson pressure bar technique (103 s-1), and at low to high temperatures. The materials also include nano-crystalline aluminum and copper. Experiments include uniaxial compression, tension and torsion loading, as well as multi-axial loading. Development of Khan-Huang-Liang (KHL) constitutive model is shown for usual grain sizes of commercially available materials to nano-crystalline metals. Finally, evolution of yield surfaces, based on 10με deviation from linearity definition of yield, are presented for a low and a very high work hardening aluminum alloys, together with variations of elastic constants with finite plastic deformation. The constants were measured within each subsequent yield surface. First, measured responses of several aluminum and advanced high strength steel alloys (AHSS), are presented. The aluminum alloys include AA5182-O and its Tailored Welded Blanks (TWB), and AL6111-T4. AHSS include Transformation Induced Plasticity (TRIP), Dual Phase (DP), and Design Quality (DQ) steels. A tensile spilt Hopkinson pressure bar (SHPB) was used for the dynamic experiments. The aluminum AA5182 alloy (manufactured using continuous casting and direct chilling processes), and its first and second generation Gas Tungsten Arc Welded (GTAW) TWB (except friction welded materials), exhibited negative strain-rate sensitivity; Friction Stir Welded (FSW) materials were found to be almost strain-rate insensitive. AL6111-T4 and all AHSS (including DP laser welded material) were found to have positive strain-rate sensitivity. The Khan-Huang-Liang (KHL) constitutive model is shown to correlate and predict the observed responses reasonably well. Next, results from a series of experiments on three different titanium alloys, under quasi-static and dynamic loading conditions are presented. The Ti-6Al-4V titanium alloys include the ELI version and two with higher oxygen content (impurity). The strain-rates varied from 10-6s-1to 3378 s-1while observations were made at temperatures from 233K to 755K. The initial and deformed microstructures are also given. Multiaxial experiments on Ti-6Al-4V titanium alloys are also presented. Torsion Kolsky (or SHP) bar is used to achieve material shear strain rates up to 1000 s-1. Experiments were performed under non-proportional loading conditions, as well as dynamic torsion followed by dynamic compression at various temperatures. Experiments are also performed to investigate the anisotropic behavior of the alloy. An orthotropic yield criterion proposed by Cazacu et al. [1] for anisotropic hexagonal closed packed materials with strength differential is used to generate the yield surface. Based on the definition of the effective stress of this yield criterion, the observed material response for the different loading conditions under large deformation is modeled using the Khan-Huang-Liang (KHL) equation assuming isotropic hardening. The model predictions are extremely close to the observed material response. In case of initial and subsequent yield surfaces, based on 10με deviation from linearity definition of yield, the subsequent yield surfaces are determined during tension, free end torsion, and combined tension- Torsion proportional loading paths after reaching different levels of strains, in Al 6061-T6511 (a low work hardening alloy) and annealed Al 1100 (a very high work hardening alloy). The yield surfaces are also obtained after linear, bi- linear and non-linear unloading paths after finite deformation. The initial yield surface, in each case, is very close to the von Mises yield surface, but the subsequent yield surfaces undergo translation and distortion. In the case of the low work- hardening material, the size of the subsequent yield surfaces is smaller than the initial yield surface and negative cross- effects are observed with finite plastic deformation. The subsequent yield surfaces, in each case, have a usual ""nose"" in the loading direction and flattened shape in the reverse loading direction; the observed nose is more dominant in the case of tension and combined tension-torsion loading than in torsion loading. In case of Al 6061-T6511, the size of the yield surfaces after unloading is smaller than the initial yield surface but larger than subsequent yield surfaces obtained during prior loading, show much smaller cross effects, and the shape of these yield surfaces depends strongly on the loading and unloading paths. In case of high work hardening alloy, the subsequent yield surfaces show distortion, expansion, and positive cross-effect. Additionally, the subsequent yield surfaces after non-proportional loading paths show shrinkage and compound distortion. The yield surfaces after unloading depict strong anisotropy, positive cross-effect and exhibit different proportion of distortion in each pre-loading conditions. Next, we present comprehensive experimental results on subsequent yield surfaces under tension-tension (σ11 -σ22) stress space. Comparison of subsequent yield surfaces under tension-torsion (σ11- √3σ12) stress space, as mentioned above, clearly indicated distinctive hardening behavior under various loading paths. However, subsequent yield surfaces for Al 6061- T6511 (a low work hardening alloy) showed contraction and negative cross-effect with finite deformation as compared to the annealed 1100 Al (a high work hardening alloy) where expansion and positive cross- effect were observed. Elastic constants (Young's and shear moduli) are also measured within each subsequent yield surfaces, in each of three cases. Evolution of these constants with finite deformation is presented. The decrease of the two moduli is found to be much smaller than reported earlier in tension by Cleveland & Ghosh [2]. In case of nano-crystalline materials, for the first time, high quality bulk ultra-fine grained and nano-crystalline pure aluminum and copper samples were prepared through room temperature ball milling, cold and warm compaction, sintering and annealing processes. These high quality bulk nanocrystalline (nc) FCC metals, with least amount of imperfections, exhibit high strength and large ductility at room and high temperatures, and under quasi-static and dynamic types of loading. The samples were subjected to uniaxial compressive loading at quasi-static and dynamic strain rates of 10-2s-1and 1840-3105 s-1, respectively, at temperatures ranging from 223 to 523 K. In both materials strong dependency of flow stress to temperature is observed; this dependency is rather more pronounced at the quasi-static strain rate. Further, a new grain size and temperature dependent viscoplastic phenomenological constitutive equation, Khan-Liang-Farrokh (KLF) model, is developed based on the Khan-Huang-Liang (KHL) constitutive equation. The model is shown to correlate different observed behaviors of polycrystalline materials in the plastic regime, as the result of grain refinement. In addition, the viscoplastic responses of bulk Cu and Al at different strain rates, and of different grain sizes (from sub-micron to nanometer range), are simulated using the newly developed equation. The results show excellent capability of the developed model to correlate very wide spectrum of the viscoplastic responses of these FCC metals.","","Aluminum; Aluminum alloys; Anisotropy; Ball milling; Bridge decks; Compaction; Constitutive equations; Constitutive models; Continuous casting; Copper; Dynamic loads; Elastic constants; Experiments; Friction stir welding; Grain refinement; Grain size and shape; Impurities; Metals; Plastic deformation; Polycrystalline materials; Sintering; Strain hardening; Strain rate; Strength of materials; Stress analysis; Titanium alloys; Torsional stress; Unloading; Welding; Yield stress; Advanced high strength steel; Dynamic loading conditions; Orthotropic yield criterion; Room and high temperatures; Split Hopkinson pressure bars; Ti-6al-4v titanium alloys; Transformation induced plasticity; Uniaxial compressive loading; Surfaces","Conference paper","Final","","Scopus","2-s2.0-84899726492"
"Kuang T.-F.; Qin H.-B.; Li W.-Y.; Yang D.-G.","Kuang, Tian-Feng (57202600797); Qin, Hong-Bo (36659667300); Li, Wang-Yun (56388877100); Yang, Dao-Guo (14032413400)","57202600797; 36659667300; 56388877100; 14032413400","Anisotropic mechanical characteristics of Cu6Sn5 micro-cantilever under bending load","2019","2019 20th International Conference on Electronic Packaging Technology, ICEPT 2019","","","9081252","","","0","10.1109/ICEPT47577.2019.245279","https://www.scopus.com/pages/publications/85084954628?origin=resultslist","Based on the density functional theory (DFT), in this study, the elastic constants of single-crystal Cu6Sn5 and the elastic modulus, shear modulus, bulk modulus, and Poisson's ratio of polycrystalline Cu6Sn5 were calculated first, and the calculated mechanical properties of polycrystalline Cu6Sn5 were close to the previous experimental values. Then, the anisotropic and isotropic mechanical behaviors of Cu6Sn5 micro-cantilevers were characterized by three-dimensional finite element analysis (FEA). Simulation results show that, the maximum values of the first principal stress in the isotropic case and in the anisotropic case are located at the bottom of the micro-cantilever, while the maximum shear stress and maximum equivalent stress are located at the edge of the contact area between the micro-cantilever and the indenter. Compared with the result of isotropic case, crystal orientations have influence on the maximum first principal stress under anisotropic case, while they have limited effect on the maximum values and distributions of maximum shear stress and von Mises stress. © 2019 IEEE.","Anisotropy; Crystal orientation; Cu<sub>6</sub>Sn<sub>5</sub>; Finite element analysis; Micro-cantilever","Anisotropy; Binary alloys; Crystal orientation; Density (specific gravity); Density functional theory; Elastic moduli; Electronics packaging; Nanocantilevers; Shear flow; Shear stress; Single crystals; Tin alloys; Equivalent stress; Experimental values; First principal stress; Maximum shear stress; Mechanical behavior; Mechanical characteristics; Micro-cantilevers; Three dimensional finite element analysis; Copper alloys","Conference paper","Final","","Scopus","2-s2.0-85084954628"
"Chen S.S.; Todd I.","Chen, S.S. (55914962900); Todd, I. (57899505100)","55914962900; 57899505100","Enhanced plasticity in the Zr-Cu-Ni-Al-Nb alloy system by in-situ formation of two glassy phases","2015","Journal of Alloys and Compounds","646","","34257","973","977","23","10.1016/j.jallcom.2015.05.140","https://www.scopus.com/pages/publications/84935420899?origin=resultslist","Abstract By micro-alloying a Zr-Cu-Ni-Al bulk metallic glass with different amount of Nb, the microstructure changes from single-phase to two-glassy-phases and, correspondingly, their room-temperature plastic strain significantly increases from 2 to ∼20%. Theoretical calculations suggest that the enhanced room-temperature plasticity may not only depend on separation length but also on small difference in shear modulus between two glassy phases. © 2015 Elsevier B.V.","Bulk metallic glasses; Elastic modulus; Phase separation; Plasticity; Separation length; Shear bands","Aluminum; Copper alloys; Elastic moduli; Glass; Nickel; Niobium; Niobium alloys; Phase separation; Plasticity; Separation; Shear bands; Zirconium; Zirconium alloys; Bulk metallic glass; Glassy phasis; In-situ formations; Microstructure changes; Room temperature; Room-temperature plasticity; Single phase; Theoretical calculations; Metallic glass","Article","Final","","Scopus","2-s2.0-84935420899"
"Kuokkala Veli-Tapani","Kuokkala, Veli-Tapani (6701377783)","6701377783","CONSTANT AND VARIABLE AMPLITUDE STRAIN CYCLING OF SINGLE CRYSTALLINE COPPER.","1987","Scandinavian Journal of Metallurgy","16","6","","271","274","0","","https://www.scopus.com/pages/publications/0023533262?origin=resultslist","The cyclic behavior of copper single crystals of single and multiple slip orientations was studied under constant and variable plastic strain conditions. The orientation dependence in both test modes was very significant and the current single slip-based theories do not seem to be valid in the case of multiple slip-oriented crystals. In the constant amplitude tests, the change in the apparent shear modulus were also recorded and correlated to the different stages of the development of the dislocation arrangements. The rearrangement of dislocation structures was studied in incremental step tests which again revealed clearly the effects of crystal orientation on both the hardening behavior as well as on the experimental testing procedures.","","CRYSTALS; COPPER SINGLE CRYSTALS; CRYSTAL DISLOCATIONS; CRYSTAL ORIENTATION; STRAIN CYCLING; COPPER AND ALLOYS","Article","Final","","Scopus","2-s2.0-0023533262"
"Li Q.; Wawner F.E.","Li, Qiong (56142711700); Wawner, F.E. (7003884130)","56142711700; 7003884130","Characterization of a cubic phase in an Al-Cu-Mg-Ag alloy","1997","Journal of Materials Science","32","20","","5363","5370","36","10.1023/A:1018675029786","https://www.scopus.com/pages/publications/0031247226?origin=resultslist","The overall objective of this study is to investigate the microstructural stability and mechanical properties of Al-Cu-Mg-Ag alloys subjected to elevated temperatures. The addition of Ag to Al-Cu-Mg alloys with correct Cu-to-Mg ratio has been shown to generate a precipitate phase, designated Ω, which displays superior thermal stability compared with the normally occurring S′ and θ′. Samples produced for this study contained the expected Ω, θ′ and S′. In addition a cubic phase, previously designated σ(Al5Cu6Mg2), was obtained. The σ phase was seen to be a semicoherent and coplanar phase with the Al matrix, i.e., {100}σ//{100}Al and 〈010〉σ//〈010〉Al. The coarsening rate of the a phase was found to be much lower than the θ′ phase at 200°C. An ingot was produced of the σ phase, which was verified by X-ray diffraction. The ultrasonic technique was used to determine Young's modulus and the shear modulus. Estimates for the structural interfacial energy were determined. A hot-stage Vickers hardness measurement on the equilibrium σ phase indicates a high yield strength up to 350°C. The data from the present study indicate that an Al alloy with the σ phase may exhibit superior elevated-temperature stability.","","Elastic moduli; Hardness; High temperature effects; Ingots; Interfacial energy; Mechanical variables measurement; Metallographic microstructure; Phase equilibria; Precipitation (chemical); Thermodynamic stability; X ray diffraction analysis; Yield stress; Aluminum copper magnesium silver alloy; Vickers hardness; Aluminum alloys","Article","Final","","Scopus","2-s2.0-0031247226"
"Choi-Yim H.; Tokarz M.; Bilello J.C.; Johnson W.L.","Choi-Yim, Haein (6603562919); Tokarz, Michelle (8376841800); Bilello, John C. (7005236203); Johnson, William L. (7404847203)","6603562919; 8376841800; 7005236203; 7404847203","Structure and properties of Ni60(Nb100-xTax)34Sn 6 bulk metallic glass alloys","2006","Journal of Non-Crystalline Solids","352","8","","747","755","8","10.1016/j.jnoncrysol.2006.02.003","https://www.scopus.com/pages/publications/33646577188?origin=resultslist","Refractory bulk metallic glasses and bulk metallic glass composites are formed in quaternary Ni-Nb-Ta-Sn alloy system. Alloys of composition Ni60(Nb100-xTax)34Sn 6 (x = 20, 40, 60, 80) alloys were prepared by injection-casting the molten alloys into copper molds. Glassy alloys are formed in the thickness of half mm strips. With thicker strips (e.g., 1 mm), Nb2O5 and Ni3Sn phases and the amorphous phase form an in situ composite. Glass transition temperatures, crystallization temperatures, and ΔTx, defined as Tx1 - Tg (Tx1: first crystallization temperature, Tg: glass transition temperature) of the alloys increase dramatically with increasing Ta contents. These refractory bulk amorphous alloys exhibit high Young's modulus (155-170 GPa), shear modulus (56-63 GPa), and estimated yield strength (3-3.6 GPa). © 2006 Elsevier B.V. All rights reserved.","Amorphous metals; Glass transition; Mechanical properties; Metallic glasses; X-ray diffraction","Amorphous alloys; Composite materials; Copper; Crystal structure; Crystallization; Glass transition; Mechanical properties; X ray diffraction; Amorphous metals; Crystallization temperatures; Metallic glass alloys; Metallic glass","Article","Final","","Scopus","2-s2.0-33646577188"
"Milstein F.; Zhao J.; Maroudas D.","Milstein, Frederick (7003954780); Zhao, Jianhua (57191637324); Maroudas, Dimitrios (7005561148)","7003954780; 57191637324; 7005561148","Atomic pattern formation at the onset of stress-induced elastic instability: Fracture versus phase change","2004","Physical Review B - Condensed Matter and Materials Physics","70","18","184102","1","6","20","10.1103/PhysRevB.70.184102","https://www.scopus.com/pages/publications/12144267353?origin=resultslist","A systematic theoretical study is presented of the stress-induced structural response of initially cubic single crystals to uniaxial [100] loading based on elastic stability analysis and isostress molecular-dynamics simulations through a classical description of interatomic interactions in model metallic crystals. Special emphasis is placed on the study of the atomic pattern formation characteristics in the crystal's structural response to loading at and beyond the onset of elastic instability. The instability is reached at a rigorously defined critical stress level that occurs in association with the vanishing of a shear modulus, i.e., when C22/C 23-1=0, where Crs are stress-dependent elastic moduli. Although the atomic mechanism for the onset of instability is invariant, two divergent atomic processes are found to occur beyond the onset of instability, depending on subtle differences in the elastic properties of the crystals. Our analyses and simulations of a crystal model with the relatively small initial value of C22/C23-1=0.41 (based on the elastic moduli of copper) reveal an inhomogeneous structural transformation mechanism, through the creation of individual rotating domains that lead to formation of a new hexagonal single crystal without loss of strength. This theoretical result is consistent with what is known experimentally for metals with relatively small values of (C22/C23-1), e.g., certain copper alloys and the alkali metals, which can undergo various cubic-to-hexagonal structural transformations. However, a crystal model based on the elastic moduli of nickel, with the larger initial value of C22/C23-1=0.73, fails to exhibit domain rotation beyond the onset of elastic instability and, as a result, the initial destabilization of the crystal structure then leads to fracture.","","copper; article; conformational transition; crystal structure; elasticity; mathematical analysis; molecular dynamics; molecular stability; phase transition; simulation; stress; structure analysis; young modulus","Article","Final","","Scopus","2-s2.0-12144267353"
"Hoover W.G.; De Groot A.J.; Hoover C.G.; Stowers I.F.; Kawai T.; Holian B.L.; Boku T.; Ihara S.; Belak J.","Hoover, William G. (7005851033); De Groot, Anthony J. (7202864381); Hoover, Carol G. (57192658640); Stowers, Irving F. (57101749500); Kawai, Toshio (55465091300); Holian, Brad Lee (7003699544); Boku, Taisuke (7003440372); Ihara, Sigeo (56276013300); Belak, J. (7004151820)","7005851033; 7202864381; 57192658640; 57101749500; 55465091300; 7003699544; 7003440372; 56276013300; 7004151820","Large-scale elastic-plastic indentation simulations via nonequilibrium molecular dynamics","1990","Physical Review A","42","10","","5844","5853","83","10.1103/PhysRevA.42.5844","https://www.scopus.com/pages/publications/35949011544?origin=resultslist","Nonequilibrium indentation simulations for two-dimensional crystals composed of up to 1036 800=720×1440 atoms are described. The forces used include smoothly truncated Lennard-Jones force laws, both with and without added embedded-atom contributions typical of copper or nickel. Both low and intermediate temperatures are considered over a wide range of indentor speeds. Typical microhardness yield strengths for these two-dimensional materials, force divided by projected area, exceed 10% of the shear modulus. For the most part these simulations were carried out on the 64-transputer SPRINT computer at Livermore. © 1990 The American Physical Society.","","","Article","Final","","Scopus","2-s2.0-35949011544"
"Kowalczyk-Gajewska K.; Maździarz M.","Kowalczyk-Gajewska, Katarzyna (7004359095); Maździarz, Marcin (24503240400)","7004359095; 24503240400","Atomistic and mean-field estimates of effective stiffness tensor of nanocrystalline copper","2018","International Journal of Engineering Science","129","","","47","62","6","10.1016/j.ijengsci.2018.04.004","https://www.scopus.com/pages/publications/85046009897?origin=resultslist","The full elasticity tensor for nano-crystalline copper is derived in molecular simulations by performing numerical tests for a set of generated samples of the polycrystalline material. The results are analysed with respect to the anisotropy degree of the overall stiffness tensor resulting from the limited number of grain orientations and their spatial distribution. The dependence of the overall bulk and shear moduli of an isotropized polycrystal on the average grain diameter is analysed. It is found that while the shear modulus decreases with grain size, the bulk modulus shows negligible dependence on the grain diameter and is close to the bulk modulus of a single crystal. A closed-form mean-field model of effective elastic properties for a bulk nano-grained polycrystal with cubic grains, i.e. made of a material with cubic symmetry, is formulated. In the model all parameters are based on the data for a single crystal and on the averaged grain size without any need for additional fitting. It is shown that the proposed model provides predictions of satisfactory qualitative and quantitative agreement with atomistic simulations. © 2018 Elsevier Ltd","Effective medium; Elasticity; Molecular statics; Nano-crystalline copper; Polycrystal","Copper; Elastic moduli; Elasticity; Grain size and shape; Mean field theory; Nanocrystals; Polycrystalline materials; Polycrystals; Shear strain; Single crystals; Stiffness; Tensors; Average grain diameter; Effective elastic property; Effective medium; Effective stiffness tensors; Molecular statics; Nanocrystalline copper; Nanocrystallines; Quantitative agreement; Nanocrystalline materials","Article","Final","All Open Access; Green Open Access","Scopus","2-s2.0-85046009897"
"Chen S.; Cui J.; Xing D.; Bian B.; Hong Z.; Cheng W.; Yuan H.","Chen, Shuangshuang (55914962900); Cui, Jiale (59150510300); Xing, Dong (57216743650); Bian, Bokai (59150890200); Hong, Zeyuan (59150414200); Cheng, Wanlin (59246387300); Yuan, Hefeng (59587817000)","55914962900; 59150510300; 57216743650; 59150890200; 59150414200; 59246387300; 59587817000","Plastic deformation behavior and toughening mechanism of phase-separated Cu-Zr-Al-Nb amorphous alloy; [相分离 Cu-Zr-Al-Nb 非晶合金的塑性变形行为及增韧机理]","2024","Zhongguo Youse Jinshu Xuebao/Chinese Journal of Nonferrous Metals","34","7","","2273","2282","0","10.11817/j.ysxb.1004.0609.2023-44696","https://www.scopus.com/pages/publications/85200406269?origin=resultslist","In this study, Cu48−xZr46.2Al5.8Nbx (x=0, 1.5, 3) amorphous alloys were prepared via copper-mold injection casting method and the effect of Nb element addition on their microstructures and mechanical properties were investigated. The results show that, as the Nb content increases, the alloy composition shifts toward the metastable miscibility gap of the two glassy phases. When the Nb content is 3% (mole fraction), phase separation into Cu-rich and Zr-rich glassy phases takes place during rapid solidification. The bulk amorphous alloy composed of two glassy phases exhibits good mechanical properties, with compressive strength and plastic strain of (2193± 14) MPa and (11.98±2.25)%, respectively. The plastic deformation ability of phase-separated amorphous alloys is closely related to the difference in shear modulus(∆G) between two amorphous phases. When (∆G) is small, the formation dynamics of the “shear transition zones” will be very similar, and they can propagate into adjacent amorphous phase, ultimately leading to the distribution of the shear bands throughout the material surface. © 2024 Central South University of Technology. All rights reserved.","amorphous alloy; phase separation; plasticity; shear band; shear modulus","Amorphous alloys; Compressive strength; Elastic moduli; Glass; Melt spinning; Metallic glass; Metastable phases; Niobium alloys; Phase separation; Plastic deformation; Plasticity; Rapid solidification; Shear strain; Alloy compositions; Amorphous phasis; Casting method; Copper moulds; Glassy phase; Injection casting; Microstructures and mechanical properties; Mold injections; Plastic deformation behavior; Toughening mechanisms; Shear bands","Article","Final","","Scopus","2-s2.0-85200406269"
"El Houdaigui F.; Forest S.; Gourgues A.-F.; Jeulin D.","El Houdaigui, F. (13410592900); Forest, S. (56264933000); Gourgues, A.-F. (9279120600); Jeulin, D. (16447647600)","13410592900; 56264933000; 9279120600; 16447647600","On the size of the Representative Volume Element for isotropic elastic polycrystalline copper","2007","Solid Mechanics and its Applications","144","","","171","180","23","10.1007/978-1-4020-5624-6_17","https://www.scopus.com/pages/publications/65649152471?origin=resultslist","A computational homogenization strategy is developed to determine the number of grains necessary to estimate the effective elastic properties of isotropic polycrystalline copper with a given precision. Finite element simulations of polycrystalline aggregates are presented for both homogeneous and periodic boundary conditions. For different volumes, several realizations are considered. The mean apparent shear modulus and the associated dispersion are estimated as a function of the number of grains. Periodic conditions lead to rapid convergence of the result towards the wanted effective shear modulus. The Representative Volume Element (RVE) size is then related to the evolution of the standard deviation of the apparent shear modulus, via an extension of the notion of integral range A3. For a precision of 1% and 10 realizations, a minimal RVE size of 445 grains is found. The found value A3 = 1.43 can be compared to the integral range for other microstructures and physical properties. © 2007 Springer.","Copper; Finite element; Homogenization; Integral range; Polycrystal; Representative Volume Element","Copper; Elastic moduli; Finite element method; Homogenization method; Nanostructured materials; Polycrystals; Shear strain; Computational homogenization; Effective elastic property; Effective shear modulus; Finite element simulations; Integral range; Periodic boundary conditions; Polycrystalline aggregates; Representative volume element (RVE); Volume measurement","Conference paper","Final","","Scopus","2-s2.0-65649152471"
"Saint-Paul M.; Tholence J.L.; Noël H.; Levet J.C.; Potel M.; Gougeon P.","Saint-Paul, M. (56207724100); Tholence, J.L. (7005396084); Noël, H. (7103299942); Levet, J.C. (6603795250); Potel, M. (7004422858); Gougeon, P. (7005780077)","56207724100; 7005396084; 7103299942; 6603795250; 7004422858; 7005780077","Sound velocity in Bi2Sr2CaCu2O8 single crystals","1990","Physica C: Superconductivity and its applications","166","5-6","","405","407","26","10.1016/0921-4534(90)90035-D","https://www.scopus.com/pages/publications/0025416663?origin=resultslist","Sound velocity and attenuation results for Bi2Sr2CaCu2O8 single crystals are reported. Softening of the longitudinal mode generated in the basal plane has been observed around the superconducting transition. Measurements of the shear modulus C44 are reported. © 1990.","","Bismuth Compounds; Ceramic Materials; Magnetic Properties; Bismuth Strontium Calcium Copper Oxides; High Temperature Superconductors; Oxide Superconductors; Single Crystals; Superconducting Materials","Article","Final","","Scopus","2-s2.0-0025416663"
"Yang Z.; Zhou L.; Wu Y.; Li B.; Shi H.; Li X.; Jiang F.; Lu J.","Yang, Zhongyue (57211846577); Zhou, Liang (55710684900); Wu, Yake (57212156988); Li, Bai (57191268867); Shi, Huantong (59660381800); Li, Xingwen (56038251500); Jiang, Feng (56946124100); Lu, Junyong (56141861300)","57211846577; 55710684900; 57212156988; 57191268867; 59660381800; 56038251500; 56946124100; 56141861300","Effects of temperature and strain rate on mechanical behavior and microstructure evolution of CuNiSiCr alloy","2025","Materials Science and Engineering: A","948","","149312","","","3","10.1016/j.msea.2025.149312","https://www.scopus.com/pages/publications/105019643793?origin=resultslist","The mechanical behavior and microstructural evolution of an aged Cu–2.7Ni–1.34Si–0.6Cr (at. %) alloy were investigated across strain rates of 0.001–8000 s−1 and temperatures of 25–500 °C. Under quasi-static loading, the alloy exhibited excellent strength–ductility balance at room temperature and 300 °C, but severe ductility loss occurred at 500 °C, indicating intermediate temperature embrittlement. High strain rates induced little strengthening due to the alloy's low strain-rate sensitivity, as confirmed by the strain-rate jump tests, but improved the ductility at 500 °C by suppressing the grain-boundary damage. Strengthening mechanism calculation agreed with the measured yield strengths, showing that precipitation (Orowan bypassing) and dislocation hardening dominated at all the temperatures. The softening arose mainly from the temperature-dependent shear modulus decrease. Ductilizing analysis revealed that deformation twins were prevalent at room temperature and 300 °C at all strain rates, and at 500 °C at strain rates beyond 1000 s−1. The phenomenon was explained in terms of stacking-fault energy, grain size, and orientation, consistent with the calculated critical twinning stresses. These results promote understanding of the microstructure and mechanical response of copper alloys under extreme service conditions. © 2025 Elsevier B.V.","CuNiSiCr alloy; Deformation twinning; elevated temperature; High strain rate; Mechanical properties","Chromium alloys; Copper alloys; Ductility; Grain boundaries; Microstructural evolution; Precipitation (chemical); Stacking faults; Strengthening (metal); Ternary alloys; Twinning; Behavior evolution; Cu-Ni-Si-Cr alloy; Deformation twinning; Effects of temperature and strain rate; Elevated temperature; High-strain-rate; Mechanical; Mechanical behavior; Property; Strain-rates; Strain rate","Article","Final","","Scopus","2-s2.0-105019643793"
"Rothman S.D.; Edwards R.J.; Vogler T.J.; Furnish M.D.","Rothman, S.D. (7102965835); Edwards, R.J. (35572179200); Vogler, T.J. (6603983776); Furnish, M.D. (6602259357)","7102965835; 35572179200; 6603983776; 6602259357","Inferring the high-pressure strength of copper by measurement of longitudinal sound speed in a symmetric impact and release experiment","2012","AIP Conference Proceedings","1426","","","104","107","5","10.1063/1.3686232","https://www.scopus.com/pages/publications/84861965044?origin=resultslist","Velocity-time histories of free- or windowed-surfaces have been used to calculate wave speeds and hence deduce the shear moduli for materials at high pressure. This is important to high velocity impact phenomena, e.g. shaped-charge jets, long rod penetrators, and other projectile/armour interactions. Historically the shock overtake method has required several experiments with different depths of material to account for the effect of the surface on the arrival time of the release. A characteristics method, previously used for analysis of isentropic compression experiments, has been modified to account for the effect of the surface interactions, thus only one depth of material is required. This analysis has been applied to symmetric copper impacts performed at Sandia National Laboratory's Star Facility. A shear modulus of 200GPa, at a pressure of ∼180GPa, has been estimated. These results are in broad agreement with previous work by Hayes et al. © 2012 American Institute of Physics.","Copper; shear modulus; yield strength","","Conference paper","Final","All Open Access; Bronze Open Access","Scopus","2-s2.0-84861965044"
"Korobov A.I.; Brazhkin Yu.A.; Ning W.","Korobov, A.I. (7005348571); Brazhkin, Yu.A. (6602541170); Ning, Wang (8849175100)","7005348571; 6602541170; 8849175100","Nonlinear elasticity in structurally inhomogeneous materials: An experimental study","2005","Acoustical Physics","51","5","","571","577","10","10.1134/1.2042577","https://www.scopus.com/pages/publications/25144447727?origin=resultslist","Experimental results on the propagation of longitudinal and torsional elastic waves in polycrystalline copper under elastoplastic strain are reported. The strain in the interval of 0-0.06 was created by applying heavy tensile loads to the samples. The Young and shear moduli, Poisson ratio, and nonlinear acoustic parameters of longitudinal and torsional elastic waves were measured as functions of the static strain. The nonlinear acoustic parameters were found to behave anomalously in loading-unloading cycles in the plastic strain region. The experimental results are discussed. The nonlinear properties of structurally inhomogeneous materials are explained in terms of the clapping nonlinearity and hysteretic nonlinearity mechanisms. © 2005 Pleiades Publishing, Inc.","","Copper; Elastic moduli; Elastic waves; Poisson distribution; Polycrystalline materials; Tensile stress; Elastoplastic strain; Loading-unloading cycles; Nonlinear elasticity; Tensile loads; Elasticity","Article","Final","","Scopus","2-s2.0-25144447727"
"Krause M.; Zürn M.; Gibmeier J.; Böhlke T.","Krause, Maximilian (57218264322); Zürn, Michael (57222510854); Gibmeier, Jens (55893995200); Böhlke, Thomas (6603029814)","57218264322; 57222510854; 55893995200; 6603029814","Determination of Diffraction Elastic Constants Using the Maximum Entropy Method","2025","Journal of Elasticity","157","1","22","","","2","10.1007/s10659-025-10114-y","https://www.scopus.com/pages/publications/85218111283?origin=resultslist","X-ray diffraction methods are an established technique to analyze residual stresses in polycrystalline materials. Using diffraction, lattice plane distances are measured, from which residual stresses can be calculated by using diffraction elastic constants which can be inferred from experimental measurements or calculated based on micromechanical model assumptions. We consider two different generalizations of existing micromechanical models for the case of texture-free, i.e. statistically isotropic, single-phase polycrystals. The first is based on the singular approximation method of classical micromechanics, from which existing Voigt, Reuss, Hashin-Shtrikman and self-consistent methods are recovered. The second approach, which is newly proposed in this work, is based on the micromechanical Maximum Entropy Method. Both approaches are applied to the problem of calculating diffraction elastic constants of texture-free cubic polycrystals and are found to be consistent with each other in that case. Full-field FFT simulations are used to validate the analytical models by simulating X-ray diffraction measurements of copper. In the simulative setting, many sources of experimental measurement error are not present, which results in a particularly accurate validation of theoretical bounds and approximations. The first core result of the paper is a formulation of diffraction elastic constants for texture-free polycrystals in terms of the macroscopically measurable effective shear modulus. These diffraction elastic constants can be adapted to the properties of a given material sample. The second core result is the validation of the Maximum Entropy Method for X-ray diffraction stress analysis of texture-free single-phase materials as a preliminary step before extending the method to textured and multi-phase materials. © The Author(s) 2025.","Diffraction; Heterogeneous materials; Linear thermoelasticity; Maximum entropy method; Residual stress analysis","Elastic constants; Elastic moduli; Elasticity; Maximum entropy methods; Micromechanics; Polycrystalline materials; Polycrystals; Residual stresses; Shear flow; Shear strain; Textures; Time difference of arrival; X ray diffraction analysis; Diffraction elastic constants; Diffraction lattices; Heterogeneous materials; Lattice-plane; Linear thermoelasticity; Maximum-entropy methods; Micromechanical modelling; Polycrystalline; Residual stress analysis; X-ray diffraction method; Stress analysis","Article","Final","All Open Access; Hybrid Gold Open Access","Scopus","2-s2.0-85218111283"
"Staker M.R.; Holt D.L.","Staker, M.R. (59775310000); Holt, D.L. (24569364300)","59775310000; 24569364300","The dislocation cell size and dislocation density in copper deformed at temperatures between 25 and 700°C","1972","Acta Metallurgica","20","4","","569","579","433","10.1016/0001-6160(72)90012-0","https://www.scopus.com/pages/publications/33645598100?origin=resultslist","A dislocation cell structure was developed in polycrystalline OFHC copper by deforming tensile specimens 10 per cent, one at each of the following temperatures: 25, 250, 400, 500, 550, 600, 650 and 700°C. The dislocation cell size and the dislocation density were measured by transmission electron microscopy. The mean cell diameter increased with increasing temperature from 1.4 μ at 25°C to 6.0 μ at 700°C. The dislocation density ρ decreased with increasing temperature, from 118.0 × 108cm/cm3 at 25°C to 8.5 × 108 cm/cm3 at 700°C. The thickness of the cell walls decreased with increasing temperature of deformation. It was found that the mean cell diameter d was related to the dislocation density ρ through the relation d = 16ρ -1 2. The occurrence of such a relation supports a theory in the literature of dislocation cell formation. The flow stress τ was given by τ = 10.5Gb/d and τ = 0.57Gbρ 1 2 where G is the shear modulus and b is the Burgers vector. © 1972.","","","Article","Final","","Scopus","2-s2.0-33645598100"
"Shi J.; Huang Z.-X.; Zu X.-D.; Xiao Q.-Q.","Shi, Jin (57844040500); Huang, Zheng-xiang (8647827600); Zu, Xu-dong (35304379300); Xiao, Qiang-qiang (35390597800)","57844040500; 8647827600; 35304379300; 35390597800","Experimental and numerical investigation of jet performance based on Johnson-Cook model of liner material","2022","International Journal of Impact Engineering","170","","104343","","","26","10.1016/j.ijimpeng.2022.104343","https://www.scopus.com/pages/publications/85135943993?origin=resultslist","A comparative study of the shaped jets of six liner materials, namely, copper, Cu–Zn alloy, Steel1006, high nitrogen steel, and two titanium alloys, was conducted to investigate the influence of the macroscopic mechanical properties of the materials on the jet's performance. The X-ray experiment of the jet was performed, and the numerical calculation of the jet formation was carried out by means of simulation based on the Johnson–Cook model. Copper, Cu–Zn alloy, and Steel1006 formed cohesive jets, whereas the jets of the three other materials had different degrees of radial dispersion. The penetration depth of the jet has a significant negative correlation with its radial dispersion degree. In the numerical calculation, the head shape of the jet under the Euler algorithm can be used to judge its cohesion. Arrowheads or rounded oval heads symbolize cohesive jets, whereas blunt or even mouth-forward “bowl-shaped” heads indicate jets with radial dispersion. The degree of dispersion is positively correlated with the degree of dullness of the jet head. Simulation results show that the influence of material melting temperature and thermal softening effect on jet velocity, length, and diameter is particularly evident, whereas the influence ability of yield strength and strain rate effect is always at a very low level. Materials with small shear modulus, high yield strength, and significant strain effects are more prone to forming non-cohesive jets, which was verified by the jet forming experiments of amorphous alloy with these material characteristics. © 2022 Elsevier Ltd","Jet formation; Liner material; Non-cohesive jet; Shaped charge; X-ray","Dispersions; Shaped charges; Shear flow; Strain rate; Strength of materials; Titanium alloys; Copper cu; Cu-Zn alloy; Experimental investigations; Jet formation; Johnson-Cook model; Liner material; Non-cohesive jet; Numerical calculation; Numerical investigations; Radial dispersion; Yield stress","Article","Final","","Scopus","2-s2.0-85135943993"
"den Buurman R.; Snoep A.P.","den Buurman, R (7801605353); Snoep, A.P (6504799941)","7801605353; 6504799941","Changes of shear modulus and internal friction in fatigued copper","1972","Acta Metallurgica","20","3","","407","413","13","10.1016/0001-6160(72)90035-1","https://www.scopus.com/pages/publications/0004908613?origin=resultslist","Measurements are presented on the behaviour of the shear modulus and the internal friction of polycrystalline copper during torsional fatigue at 78°K. During fatigue the total strain amplitude, adjustable between 5 × 10-4 and 1.5 × 10-2, is kept constant. Analyzed in terms of the dislocation string model, the resulting behaviour of dislocation density and line length, is in good agreement with measurements on the shear modulus during unidirectional deformation and with the behaviour of the flow stress during fatigue. A discrepancy with resistivity measurements is discussed briefly. © 1972.","","","Article","Final","","Scopus","2-s2.0-0004908613"
"Hobart R.","Hobart, R. (23038634700)","23038634700","Peierls stress dependence on dislocation width","1965","Journal of Applied Physics","36","6","","1944","1948","60","10.1063/1.1714379","https://www.scopus.com/pages/publications/0038145085?origin=resultslist","A numerical calculation of the Peierls stress and energy in the Frenkel - Kontorova dislocation model is reported. The calculated stresses are compared with the theoretical predictions of V. L. Indenbom that they decrease exponentially and I. M. Lifshitz that they decrease as the inverse fifth power with dislocation width. The results are in essential agreement with those of Indenbom. The Peierls stress and energy values obtained by Indenbom are, however, only about half those of the present calculation. This is, perhaps, due to the fact that Indenbom, like Peierls and Nabarro, uses a continuum approximation to determine the atom positions. The present method has particular advantages for calculating the small difference in energy between the unstable and stable dislocation configurations and for verifying that this difference is indeed the minimum barrier. When the elastic constants of polycrystalline copper are used, the present model predicts a Peierls stress to shear-modulus ratio of 6×10-5, which is about an order of magnitude less than the value obtained by Seeger in his interpretation of the Bordoni experiment on copper. © 1965 The American Institute of Physics.","","","Article","Final","","Scopus","2-s2.0-0038145085"
"Mulyukov R.R.; Akhmadeev N.A.; Valiev R.Z.; Mikhailov S.B.","Mulyukov, R.R. (7003520439); Akhmadeev, N.A. (6602181016); Valiev, R.Z. (7103235084); Mikhailov, S.B. (7102363104)","7003520439; 6602181016; 7103235084; 7102363104","Strain amplitude dependence of internal friction and strength of submicrometre-grained copper","1993","Materials Science and Engineering A","171","1-2","","143","149","31","10.1016/0921-5093(93)90400-9","https://www.scopus.com/pages/publications/0027694197?origin=resultslist","Submicrometre-grained (SMG) copper with a mean grain size of 0.2 μm was produced by severe plastic deformation. In the samples obtained and annealed, the strain amplitude dependences of the internal friction and shear modulus defect were studied and the microhardness and tensile strength were measured. A close correlation of elastic and inelastic parameters with grain boundary state is shown. An analysis of the nature of the combination of high damping and strength properties in SMG copper is given. © 1993.","","Annealing; Damping; Deformation; Elasticity; Grain boundaries; Grain size and shape; Hardness; Internal friction; Plasticity; Shear stress; Strain; Strength of materials; Microhardness; Plastic deformation; Shear modulus defect; Strain amplitude; Submicrometre grained copper; Copper","Article","Final","","Scopus","2-s2.0-0027694197"
"Pedersen O.B.; Winter A.T.","Pedersen, O.B (7202725860); Winter, A.T (7202642480)","7202725860; 7202642480","Fatigue hardening and nucleation of persistent slip bands in copper","1982","Acta Metallurgica","30","3","","711","718","51","10.1016/0001-6160(82)90120-1","https://www.scopus.com/pages/publications/0020099926?origin=resultslist","A study of fatigue hardening in single crystals of pure copper shows that, before saturation, stress-strain loops can display workhardening rates of about a third of the elastic shear modulus. These rates exceed tensile workhardening rates by roughly two orders of magnitude. This suggests that there is a large volume fraction of obstacles to plastic flow which are essentially non-deformable and give rise to inclusion stresses of considerable magnitude. The much lower hardening rates in cycles after saturation when persistent slip bands have formed suggest a lower volume fraction of obstacles, as is observed by transmission electron microscopy. A simple composite model involving an inclusion stress, a bowing stress and a passing, stress accounts for the workhardening rates semi-quantitatively in terms of observed dislocation microstructures. Possible implications for polycrystals are considered. © 1982.","","COPPER METALLOGRAPHY - Microstructures; COPPER AND ALLOYS","Article","Final","","Scopus","2-s2.0-0020099926"
"Raj S.V.; Langdon T.G.","Raj, S.V (59863927400); Langdon, T.G (7103087478)","59863927400; 7103087478","Creep behavior of copper at intermediate temperatures-I. Mechanical characteristics","1989","Acta Metallurgica","37","3","","843","852","130","10.1016/0001-6160(89)90011-4","https://www.scopus.com/pages/publications/0024626383?origin=resultslist","Creep experiments were conducted on polycrystalline copper in the intermediate temperature range from 623 to 973 K, corresponding to 0.46-0.72 Tm where Tmm is the absolute melting temperature. The stress exponent for creep, n, is ∼ 6.6 at the lowest testing temperature but decreases to ∼ 4.2 at temperatures above ∼ 723 K. The activation energy for creep, Qc, decreases linearly with increasing normalized stress from ∼ 180 kJ mol-1 at σ/G = 3 × 10-4 to ∼ 135 kJ mol-1 at σ/G = 2 × 10-3, where σ is the applied stress and G is the shear modulus. The apparent activation volume for creep, V*, decreases with increasing strain at the lower temperatures and higher stresses but V* is essentially independent of strain and of the order of 1600 b3 at the highest testing temperature of 973 K, where b is the Burgers vector. An analysis of the experimental data shows that the creep behavior with n > 4.2 lies in the region of exponential creep above the power-law breakdown. Careful inspection of the data reveals no support for the concept of a region of low temperature climb controlled by diffusion along the dislocation cores. © 1989.","","Strain; Stresses; Activation Energy; Stress Exponent; Copper and Alloys","Article","Final","","Scopus","2-s2.0-0024626383"
"Christensen R.M.","Christensen, Richard M (7202425765)","7202425765","The ductile/brittle transition of polycrystalline aggregates in terms of their single crystal cubic properties","2021","Mathematics and Mechanics of Solids","26","11","","1635","1646","2","10.1177/1081286521998417","https://www.scopus.com/pages/publications/85103184582?origin=resultslist","The Kröner solution is used to determine the shear modulus of any polycrystalline aggregate composed of cubic crystals. This solution from the self-consistent method takes the form of a cubic equation specified by the three elastic properties of the crystal. The ductile/brittle transition for homogeneous and isotropic materials in uniaxial tension is specified by terms of the shear modulus and the bulk modulus of the aggregate. These two basic results are then combined to specify the ductile/brittle transition of the polycrystalline aggregate in terms of its cubic crystal symmetry elastic properties. The various forms that the combined results take are developed and interpreted. Examples and detailed results are given for carbon-diamond, copper, tungsten, iron, silicon, lithium and platinum element type polycrystal materials. The tungsten and iron cases very closely bracket the ductile/brittle transition for all of the solids forming elements of the Periodic Table, one from the brittle side and the other from the ductile side. © The Author(s) 2021.","cubic symmetry crystals; Ductile/brittle transition; Kröner solution; polycrystalline aggregate; self-consistent method","Aggregates; Elastic moduli; Elasticity; Iron; Shear strain; Single crystals; Basic results; Cubic equations; Elastic properties; Homogeneous and isotropic; Periodic table; Polycrystalline aggregates; Self-consistent method; Uniaxial tensions; Crystal symmetry","Article","Final","","Scopus","2-s2.0-85103184582"
"Chu J.P.; Wang Y.-C.","Chu, J.P. (7402880686); Wang, Y.-C. (8672617900)","7402880686; 8672617900","Sputter-deposited Cu/Cu(O) multilayers exhibiting enhanced strength and tunable modulus","2010","Acta Materialia","58","19","","6371","6378","10","10.1016/j.actamat.2010.07.058","https://www.scopus.com/pages/publications/77957144313?origin=resultslist","By means of brief pauses in radiofrequency (RF) sputter deposition between individual layers, ultrathin copper oxide layers were formed through adsorption in the Cu/Cu multilayers. Their mechanical properties were compared with the Cu/Cu(O) multilayers whose oxide layers were deliberately deposited between copper layers. The mechanical hardness value of the Cu/Cu(O) multilayers approached that of nanostructured copper thin films. The Young's modulus of the multilayers was tunable, in accordance with the elasticity theories of composites. In addition, the Hall-Petch slope of the RF sputter-deposited Cu monolayers indicated that their theoretical strength approached the shear modulus of copper. © 2010 Acta Materialia Inc. Published by Elsevier Ltd. All rights reserved.","AES; Multilayer thin film; Nanoindentation; Secondary ion mass spectroscopy; Sputtering deposition","Adsorption; Copper; Deposition; Elastic moduli; Elasticity; Film preparation; Mass spectrometers; Mechanical properties; Monolayers; Nanoindentation; Secondary emission; Secondary ion mass spectrometry; Shear strength; Sputter deposition; Vapor deposition; AES; Copper layer; Copper oxide layers; Elasticity theory; Hall-Petch slope; Hardness values; Multilayer thin film; Nanostructured copper; Oxide layer; Radio frequencies; Secondary ion mass spectroscopy; Shear modulus; Sputtering deposition; Theoretical strength; Ultra-thin; Young's Modulus; Multilayers","Article","Final","","Scopus","2-s2.0-77957144313"
"Zhang P.; Ren C.; Ding S.Y.; Lin F.Y.; Li Z.M.; Aruna S.A.; Qiu L.; Yao X.X.; Gu G.D.","Zhang, P. (55491524700); Ren, C. (7102469762); Ding, S.Y. (57203722685); Lin, F.Y. (59057494700); Li, Z.M. (55706973000); Aruna, S.A. (7003561732); Qiu, L. (7201538032); Yao, X.X. (36044524100); Gu, G.D. (59816728600)","55491524700; 7102469762; 57203722685; 59057494700; 55706973000; 7003561732; 7201538032; 36044524100; 59816728600","Dip effect in χ′ of ac susceptibility in Bi2Sr2CaCu2O8 single crystal","1999","Physica C: Superconductivity and its Applications","321","1","","86","92","11","10.1016/S0921-4534(99)00364-0","https://www.scopus.com/pages/publications/0032670076?origin=resultslist","We present a direct evidence of the softening of the shear modulus constant c66 by a measurement of the real part χ′(T) of ac susceptibility. A dip in χ′(T) for a single crystal of Bi2Sr2CaCu2O8 has been found at an intermediate field region between 50 and 3000 G. We showed that the dip effect was due to the softening of the shear modulus constant c66, equivalent to the peak effect in resistivity measurement. The dependence of the peak temperature Tp in χ″ on magnetic field and current density shows the transition between vortex solid and vortex liquid. Thus, the dip in χ′(T) is illustrated as a precursor to vortex lattice melting in this narrow field region, indicative of lattice softening prior to melting. In the region between Td and the melting temperature Tm, the flux lines move by a type of plastic deformation, and the pinning energy barrier U has been obtained as: U∝[1-(J/Jc)ν]Hμ with ν, μ>0.","","Bismuth compounds; Crystal lattices; Current density; High temperature superconductors; Magnetic field effects; Magnetic susceptibility; Melting; Plastic deformation; Single crystals; Thermal effects; Bismuth strontium calcium copper oxide; Dip effect; Pinning energy barriers; Shear modulus constant; Vortex lattices; Oxide superconductors","Article","Final","","Scopus","2-s2.0-0032670076"
"Misra A.; Kung H.; Mitchell T.E.; Jervis T.R.; Nastasi M.","Misra, A. (7402454250); Kung, H. (7402514101); Mitchell, T.E. (7402175237); Jervis, T.R. (7003374918); Nastasi, M. (36038480900)","7402454250; 7402514101; 7402175237; 7003374918; 36038480900","Microstructures and mechanical properties of sputtered Cu/Cr multilayers","1998","Materials Research Society Symposium - Proceedings","505","","","583","588","5","","https://www.scopus.com/pages/publications/0031634628?origin=resultslist","The microstructures and mechanical properties of Cu/Cr multilayers prepared by sputtering onto {100} Si substrates at room temperature are presented. The films exhibit columnar grain microstructures with nanoscale grain sizes. The interfaces are planar and abrupt with no intermixing, as expected from the phase diagram. The multilayers tend to adopt a Kurdjumov-Sachs (KS) orientation relationship: {110}Cr//{111}Cu, 〈111〉Cr//〈110〉Cu. The hardness of the multilayered structures, as measured by nanoindentation, increase with decreasing layer thickness for layer thicknesses ranging from 200 nm to 50 nm, whereas for lower thicknesses the hardness of the multilayers is independent of the layer thickness. Dislocation-based models are used to interpret the variation of hardness with layer periodicity. The possible effects of factors such as grain size within the layers, density and composition of films and residual stress in the multilayers are highlighted. Comparisons are made to the mechanical properties of sputtered polycrystalline Cu/Nb multilayers which, like Cu/Cr, exhibit sharp fcc/bcc interfaces with no intermixing and a KS orientation relationship, but have a small shear modulus mismatch.","","Chromium; Copper; Crystal microstructure; Crystal orientation; Dislocations (crystals); Grain boundaries; Grain size and shape; Hardness; Polycrystalline materials; Residual stresses; Sputtering; Substrates; Columnar grain microstructures; Kurdjumov-Sachs (KS) orientation; Multilayers","Conference paper","Final","","Scopus","2-s2.0-0031634628"
"Ning Z.; Li X.; Yang Q.; Liang J.; Guo T.; Wu J.; Liu H.; Jia D.; Zhou L.","Ning, Zengye (59261629400); Li, Xiuqing (55775881800); Yang, Qingxia (56493590400); Liang, Jingkun (57946919700); Guo, Tianyao (59466177000); Wu, Jie (59262007700); Liu, Huijie (57204310210); Jia, Dan (59658005600); Zhou, Longwei (59658005700)","59261629400; 55775881800; 56493590400; 57946919700; 59466177000; 59262007700; 57204310210; 59658005600; 59658005700","Effect of Cr content on microstructure and properties of Cu-Cr-W alloy based on theoretical and experimental analysis","2025","Journal of Alloys and Compounds","1036","","181902","","","4","10.1016/j.jallcom.2025.181902","https://www.scopus.com/pages/publications/105009332000?origin=resultslist","Cu-W alloy has been widely applied of is due to the combination of the high melting point and high strength of W metal and the good electrical conductivity of Cu metal. In this study, the first-principles were used to construct Cu-Cr-W alloy models with different Cr ratios, and their electronic structures and elastic constants were calculated. The results show that the introduction of Cr atoms changes the energy of the electron states of Cu-3d and W-5d orbitals, promoting them to couple and form bonds more easily. Moreover, Cr-3d and W-5d orbitals can form strong bonds, resulting in an increase in the bulk modulus, Young's modulus and shear modulus of the material with the increase in the number of Cr atoms. According to this calculation trend, Cu-W alloys with different Cr contents were prepared by mechanical alloying according to the atomic ratio and sintered into billets by SPS to study their structures and properties. Experiments show that when the Cr addition reaches 4 at%, the material has the best strength and hardness. The tensile yield strength is increased by about 34.7 % compared with that of the Cu-W alloy, and the tensile strength is increased by about 30.4 %. Considering the combination of material strength and electrical conductivity, when the Cr addition is 1–2 at%, the material has both excellent electrical conductivity and tensile strength. In addition, an appropriate amount of Cr can refine the grains. The diffusion of Cr on the surface of W particles to form Cr0.5W0.5 and its own hard characteristics are the main reasons for improving the tensile strength of Cu-Cr-W. By comparing the calculated elastic constants and the experimentally obtained changes in mechanical properties, it is found that the trend of the calculation results can well match the experimental results. © 2025 Elsevier B.V.","Activated sintering; First-principles; Mechanical properties; Microstructure","Atoms; Binary alloys; Bond strength (materials); Chromium alloys; Copper; Copper alloys; Elastic constants; Elastic moduli; Electric conductivity; High strength alloys; Mechanical alloying; Shear flow; Tensile strength; Tungsten alloys; Activated sintering; Cr addition; Cr atoms; Cr content; Electrical conductivity; First principles; Mechanical; Microstructure and properties; Orbitals; Property; Microstructure","Article","Final","","Scopus","2-s2.0-105009332000"
"Asgari S.; El-Danaf E.; Kalidindi S.R.; Doherty R.D.","Asgari, Sirous (7005894915); El-Danaf, Ehab (6602336583); Kalidindi, Surya R. (56929687800); Doherty, Roger D. (7102622936)","7005894915; 6602336583; 56929687800; 7102622936","Strain hardening regimes and microstructural evolution during large strain compression of low stacking fault energy fee alloys that form deformation twins","1997","Metallurgical and Materials Transactions A: Physical Metallurgy and Materials Science","28","9","","1781","1795","468","10.1007/s11661-997-0109-3","https://www.scopus.com/pages/publications/0031237398?origin=resultslist","Constant true strain rate simple compression tests were conducted on annealed, polycrystalline samples of α-brass and MP35N, and the evolution of the true stress (cr)-true strain (e) response was documented. From these data, the strain hardening rate was numerically computed, normalized with shear modulus (G), and plotted against both (σ - σ0)/G (σ0 being the initial yield strength of the alloy) and e. Such normalized plots for α-brass and MP35N were found to be almost identical to each other, and revealed four distinct stages of strain hardening: stage A, with a steadily decreasing strain hardening rate up to a true strain of about -0.08; stage B, with an almost constant strain hardening rate up to a true strain of about -0.2; stage C, with a steadily decreasing strain hardening rate up to a true strain of about -0.55; and a final stage D, again with an almost constant strain hardening rate. Optical microscopy and transmission electron microscopy (TEM) were performed on deformed samples. The results suggested that stage A corresponded to stage III strain hardening (dynamic recovery) of higher stacking fault energy (SFE) fee metals such as copper. The onset of stage B correlated with the first observation of deformation twins in the microstructure. Further straining in stage B was found to produce clusters of parallel twins in an increasing number of grains. Stage C correlated with the development of severe inhomogeneity of deformation within most grains, and with the development of significant misorientation between the twin/matrix interface and the {111} plane in the matrix of the grain, i.e., the matrix/twin interface lost coherency with continued deformation. Stage D correlated with extensive formation of secondary twins that resulted in twin intersections in many grains. Early in stage D, some strain localization in the form of shear bands was observed. Although formation of these shear bands had no detectable effect on the macroscopic strain hardening rate, it did correlate with a marked change in texture evolution. Based on these experimental observations, we have developed and presented a physical description of the microstructural phenomena responsible for the various strain hardening stages observed in low SFE fee alloys.","","Compression testing; Computational methods; Crystal microstructure; Stacking faults; Strain hardening; Strain rate; Stress analysis; Twinning; Face centered cubic (FCC) alloys; Stacking fault energy (SFE); Brass","Article","Final","","Scopus","2-s2.0-0031237398"
"Takasugi T.; Izumi O.","Takasugi, Takayuki (16220871600); Izumi, Osamu (7006853634)","16220871600; 7006853634","Surface strengthening in aluminium single crystals coated with evaporated films","1976","Acta Metallurgica","24","12","","1107","1113","7","10.1016/0001-6160(76)90027-4","https://www.scopus.com/pages/publications/0017247209?origin=resultslist","Using evaporated silver, copper and nickel films covering a broad spectrum of shear moduli and film strength, the effect of surface coatings on the deformation of aluminium single crystals was studied. From the analyses of stress-strain behaviour, surface marking observation, slip length measurement, dislocation density measurement and X-ray diffraction, a distinct difference was clearly observed in the surface strengthening in accordance with the coating materials. The surface strengthening by coating with silver and copper, which revealed a slight effect, was explained by the short range interaction, while the strengthening by nickel coating was interpreted by adding more of the long-range interaction to the short-range one. The short-range interaction component is thought to be due to an image force and pile-up force. On the other hand, the long-range interaction component is thought to be due to the plastic constraint which is correlated with the differences in shear modulus and strength between the substrate and the film, and to the deformation mode of the film itself. © 1976.","","ALUMINUM AND ALLOYS","Article","Final","","Scopus","2-s2.0-0017247209"
"Makarov A.S.; Konchakov R.A.; Mitrofanov Y.P.; Kretova M.A.; Kobelev N.P.; Khonik V.A.","Makarov, A.S. (55511749020); Konchakov, R.A. (7801610784); Mitrofanov, Yu P. (26868089900); Kretova, M.A. (57219428797); Kobelev, N.P. (7003615304); Khonik, V.A. (7006038844)","55511749020; 7801610784; 26868089900; 57219428797; 7003615304; 7006038844","A simple kinetic parameter indicating the origin of the relaxations induced by point(-like) defects in metallic crystals and glasses","2020","Journal of Physics Condensed Matter","32","49","495701","","","4","10.1088/1361-648X/abaf93","https://www.scopus.com/pages/publications/85092091035?origin=resultslist","Computer simulation shows that an increase of the volume V due to point defects in a simple metallic crystal (Al) and high entropy alloy (Fe20Ni20Cr20Co20Cu20) leads to a linear decrease of the shear modulus G. This diaelastic effect can be characterized by a single dimensionless parameter K = dln G/dln V. For dumbbell interstitials in single crystals K ≈ -30 while for vacancies the absolute K-value is smaller by an order of magnitude. In the polycrystalline state, K ≈ -20 but its the absolute value remains anyway 5-6 times larger than that for vacancies. The physical origin of this difference comes from the fact that dumbbell interstitials constitute elastic dipoles with highly mobile atoms in their nuclei and that is why produce much larger shear softening compared to vacancies. For simulated Al and high entropy alloy in the glassy state, K equals to -18 and -12, respectively. By the absolute magnitude, these values are by several times larger compared to the case of vacancies in the polycrystalline state of these materials. An analysis of the experimental data on isothermal relaxations of G as a function of V for six Zr-based metallic glasses tested at different temperatures shows that K is time independent and equals to ≈-43, similar to interstitials in single-crystals. It is concluded that K constitutes a important simple kinetic parameter indicating the origin of relaxations induced by point(-like) defects in the crystalline and glassy states. © 2020 IOP Publishing Ltd.","metallic crystals and glasses; point defects; relaxation; shear modulus; volume","Chromium alloys; Cobalt alloys; Copper alloys; Entropy; Glass; High-entropy alloys; Iron alloys; Kinetic parameters; Metallic glass; Nanocrystalline materials; Point defects; Shear flow; Single crystals; Absolute values; Dimensionless parameters; Isothermal relaxation; Linear decrease; Metallic crystals; Polycrystalline state; Time independents; Zr-based metallic glass; Aluminum alloys","Article","Final","","Scopus","2-s2.0-85092091035"
"Lehr B.; Ulrich H.; Weis O.","Lehr, B. (16484052600); Ulrich, H. (16485352500); Weis, O. (16501782600)","16484052600; 16485352500; 16501782600","Hypersound attenuation and phase velocities in evaporated polycrystalline films of silver, copper and constantan between 1 and 24 GHz","1982","Zeitschrift für Physik B Condensed Matter","48","1","","23","30","16","10.1007/BF02026424","https://www.scopus.com/pages/publications/0008937678?origin=resultslist","Using multiple-beam interferometry in evaporated wedge-shaped metal films and movable beams of pulsed hypersound, the phase velocity and attenuation of longitudinal and transverse hypersound was measured for the first time over the broad frequency range from 1 GHz to 24 GHz. We investigated polycrystalline films of silver, copper and constantan. The bulk and shear moduli can be deduced from the measured phase velocities. The observed attenuation is due to sound scattering at grain boundaries and other defects whereas the interaction with electrons is too weak to contribute significantly. © 1982 Springer-Verlag.","","","Article","Final","","Scopus","2-s2.0-0008937678"
"Payuk V.A.; Korotaev A.D.; Bushnev L.S.; Chumlyakov Yu.I.","Payuk, V.A. (6507105573); Korotaev, A.D. (7005199151); Bushnev, L.S. (6701864155); Chumlyakov, Yu.I. (7005771345)","6507105573; 7005199151; 6701864155; 7005771345","On the nature of the dispersion hardening of Cu-Al-Co alloys","1974","Soviet Physics Journal","17","3","","363","368","0","10.1007/BF00893954","https://www.scopus.com/pages/publications/0016033511?origin=resultslist","The authors describe an investigation into the mechanism of strain hardening of Cu-8 at. % Al-2 at. % Co alloy strengthened by particles of the intermetallic compound CoAl. They show that within the range 77-573°K the temperature dependence of the yield point is determined by the temperature dependence of the shear modulus. At T > 573°K the reverse processes gain in importance and cause a sharp decrease in the coefficient of strain-hardening and a loss of plasticity. The investigation of the Bauschinger effect and its reversal showed that distant stresses, generated by Orowan loops, have a considerable effect on the strain-hardening process. The reversal processes and an increase in test temperature produced no qualitative change in the dislocation pattern. © 1975 Plenum Publishing Corporation.","","COPPER ALUMINUM COBALT ALLOYS","Article","Final","","Scopus","2-s2.0-0016033511"
"Ledbetter H.; Kim S.; Tagano K.","Ledbetter, Hassel (7005466056); Kim, Sudook (7601577698); Tagano, Kazumasa (6504533360)","7005466056; 7601577698; 6504533360","Elastic properties of Bi2Sr2Ca1Cu2O8 and Bi2Sr1.5Ca1.5Cu2O8","1991","Physica C: Superconductivity and its applications","185-189","PART 2","","935","936","11","10.1016/0921-4534(91)91691-V","https://www.scopus.com/pages/publications/0026371894?origin=resultslist","For polycrystalline BiSrCaCuO (2212 and 2, 1.5, 1.5, 2), we report the 5-295-K elastic constants: shear modulus, Young modulus, bulk modulus, Poisson ratio. The two materials behave differently. The 2212 behaves nearly regularly: for example the bulk modulus increases smoothly and monotonically about 3% between 295 and 5 K, showing little thermal hysteresis. However, during cooling, the higher-calcium material shows a strong elastic softening below 200 K, and also a large thermal hysteresis. The strong mode softening in the higher-calcium material differs from that found in (LaSr)2CuO4. The extrapolated 0-K elastic constants lead to Debye temperatures of 284 and 269 K. © 1991.","","Bismuth Compounds; Ceramic Materials; Crystals; Bismuth Strontium Calcium Copper Oxides; Oxide Superconductors; Polycrystals; High Temperature Superconductors","Article","Final","","Scopus","2-s2.0-0026371894"
"Mayer A.E.; Krasnikov V.S.; Pogorelko V.V.","Mayer, Alexander E. (55223137100); Krasnikov, Vasiliy S. (16245063500); Pogorelko, Victor V. (38562017600)","55223137100; 16245063500; 38562017600","Homogeneous nucleation of dislocations in copper: Theory and approximate description based on molecular dynamics and artificial neural networks","2022","Computational Materials Science","206","","111266","","","25","10.1016/j.commatsci.2022.111266","https://www.scopus.com/pages/publications/85124541349?origin=resultslist","Nucleation of dislocations in a homogeneous crystal lattice is relevant for small-scale plasticity or ultra-fast loading. Previously, we improved the dislocation nucleation theory and proposed to use artificial neural networks (ANNs) trained by molecular dynamics (MD) data to obtain a self-contained description [1]. The ANNs were used to approximate material properties, such as stress-strain relationship, shear modulus and generalized stacking fault at the elastic stage prior to the nucleation of dislocations. In the present work, we consider the case of copper single crystal in a wide range of pressures from −10 GPa to +50 GPa. At preparation of training data, we apply a polynomial extrapolation of MD data beyond the nucleation limit, which allows us to improve the precision of the trained ANNs and make the theory predictions more accurate. Also we develop an approximate approach, which requires smaller and simpler MD data for training, but gives the strain rate dependence of the nucleation threshold close to the rigorous theory of dislocation nucleation. © 2022 Elsevier B.V.","Artificial neural networks; Copper single crystal; Homogeneous nucleation of dislocations; Molecular dynamics; Nucleation theory","Copper; Dislocations (crystals); Neural networks; Nucleation; Single crystals; Strain rate; Stress-strain curves; Approximate descriptions; Copper single crystals; Dislocation nucleation; Dynamic data; Homogeneous crystals; Homogeneous nucleation; Homogeneous nucleation of dislocation; Nucleation theory; Small-scale plasticities; Ultra-fast; Molecular dynamics","Article","Final","","Scopus","2-s2.0-85124541349"
"Liu Y.; Wang J.; Gao Q.-N.; Du Y.","Liu, Yang (60398375500); Wang, Jiong (55917639700); Gao, Qian-nan (54795184300); Du, Yong (56420946500)","60398375500; 55917639700; 54795184300; 56420946500","Structural, elastic and electronic properties of Cu-X compounds from first-principles calculations","2015","Journal of Central South University","22","5","2675","1585","1594","12","10.1007/s11771-015-2675-7","https://www.scopus.com/pages/publications/84929993712?origin=resultslist","The structural, elastic and electronic properties of Cu-X compounds in the Cu-X (X =Al, Be, Mg, Sn, Zn and Zr) systems were predicted systematically by first-principles calculations. The ground state properties such as lattice constant, bulk modulus (B) and it’s pressure derivative (B′) were predicted by fitting a four-parameter Birch-Murnaghan equation and the elastic constants (cij’s) are determined by an efficient strain-stress method. The calculated lattice parameters and cij’s of these binary compounds agree well with the available experimental data in the literature. In addition, elastic properties of polycrystalline aggregates including bulk modulus (B), shear modulus (G), elastic modulus (E), B/G (bulk/shear) ratio, and anisotropy ratio (AU) are calculated and compared with the experimental and theoretical results available in the literature. Based on electronic density of states (DOS) analysis, it can be revealed that all the compounds in the present work are metallic in nature. © 2015, Central South University Press and Springer-Verlag Berlin Heidelberg.","Cu-X compounds; elastic properties; electronic properties; first-principles; structural properties","Calculations; Elastic moduli; Elasticity; Electronic density of states; Electronic properties; Ground state; Lattice constants; Structural properties; Birch-Murnaghan equation; Elastic and electronic properties; Elastic properties; First principles; First-principles calculation; Ground state properties; Polycrystalline aggregates; Pressure derivatives; Copper compounds","Article","Final","","Scopus","2-s2.0-84929993712"
"Kawashima A.; Yokoyama Y.; Seki I.; Kurishita H.; Fukuhara M.; Kimura H.; Inoue A.","Kawashima, Asahi (57211225476); Yokoyama, Yoshihiko (7402993705); Seki, Ichiro (14833168000); Kurishita, Hiroaki (57192321892); Fukuhara, Mikio (7101959112); Kimura, Hisamichi (55452860300); Inoue, Akihisa (57199809562)","57211225476; 7402993705; 14833168000; 57192321892; 7101959112; 55452860300; 57199809562","Enhanced tensile strength and plasticity of Zr-Cu-Al bulk glassy alloys at cryogenic temperatures","2009","Materials Transactions","50","11","","2685","2690","31","10.2320/matertrans.M2009186","https://www.scopus.com/pages/publications/73349119079?origin=resultslist","No data are available about mechanical behavior of bulk glassy alloys (BGAs) in tension at cryogenic temperatures. In this study, we investigated the effect of temperature on the mechanical behavior of ternary eutectic and hypoeutectic Zr-Cu-Al BGAs fabricated by an arc tilt casting method. Tensile tests were performed for the BGA plates with gauge dimensions of 5 mm in length, 1.2 mm in width and 0.5 mm in thickness at temperatures of 295, 223, 173 and 77 K, at an initial strain rate of 5 × 10-4 s-1. Measurements of elastic parameters were also made at temperatures from 97 to 342 K by an ultrasonic pulse method. It is found that the tensile strength and elongation for both BGAs increase with decreasing testing temperature, which is reported for the first time under a tensile condition. At cryogenic temperatures, the tensile elongation of the hypoeutectic Zr59Cu 31Al10 BGA tends to be higher than that of the eutectic Zr50Cu40Al10 BGA, although the difference is small. Multiple shear bands are observed on the side surface deformed at lower temperatures. The Young's and shear moduli, and Debye temperature monotonically increase with decreasing temperature. This indicates that the BGA becomes rigid and the effective atomic distance decreases at cryogenic temperatures, leading to the increase of the tensile strength at cryogenic temperatures. © 2009 The Japan Institute of Metals.","Cryogenic temperature; Plastic strain; Temperature dependence; Tensile strength; Zr<sub>50</sub>Cu<sub>40</sub>Al<sub>10</sub>; Zr<sub>59</sub>Cu <sub>31</sub>Al<sub>10</sub> bulk glassy alloy","Alloys; Aluminum; Copper alloys; Cryogenics; Debye temperature; Electric currents; Eutectics; Mechanical engineering; Plastic deformation; Strain rate; Temperature distribution; Tensile testing; Zirconium; Zirconium alloys; Atomic distances; Bulk glassy alloy; Cryogenic temperatures; Effect of temperature; Elastic parameters; Initial strains; Mechanical behavior; Plastic strain; Shear modulus; Tensile elongation; Tensile tests; Ternary eutectics; Testing temperature; Tilt casting; Ultrasonic pulse method; Tensile strength","Article","Final","All Open Access; Bronze Open Access","Scopus","2-s2.0-73349119079"
"Åkerman J.J.; Yun S.H.; Karlsson U.O.; Rao K.V.","Åkerman, Johan J. (7003585708); Yun, S.H. (7202777468); Karlsson, U.O. (59891650600); Rao, K.V. (7404811175)","7003585708; 7202777468; 59891650600; 7404811175","Re-entrant behavior of low-field flux creep in c-axis-oriented HgBa2CaCu2O6+δ thin films","2001","Physical Review B - Condensed Matter and Materials Physics","64","18","184520","1845201","1845208","8","","https://www.scopus.com/pages/publications/0035508132?origin=resultslist","The temperature, ac and dc field, and current dependent activation energy U(T,H)[(Jc0/Jc)μ- 1]/μ governing low-field flux creep in epitaxial c-axis-oriented HgBa2CaCu2O6+δ thin films has been determined from measurements of the frequency-dependent in-phase ac susceptibility. Above 35 K three different thermally activated flux creep regimes can be identified: (i) dislocation-mediated plastic flux creep, described by U(T,H)=U0(1-t4)H-1/2 and μ=0, (ii) elastic collective flux creep which decreases with temperature and has a weaker field dependence of H0.22 above a field-dependent temperature Tcm(H) where μ acquires finite values, and (iii) reappearance of dislocation-mediated plastic flux creep which rapidly increases as Tc is approached. It is argued that the re-entrant plastic-elastic-plastic vortex creep behavior is driven by the underlying temperature and field dependence of the shear modulus c66. Tcm(H) marks a line in the H-T plane where the increasing c66 promotes long-range correlations in the dilute vortex phase and creep becomes collective. At high H and T, c66 again decreases and plastic creep reappears as the ordered phase starts to melt. Evidence for thermally assisted quantum creep is observed up to temperatures as high as T0=35 K.","","barium; calcium; copper; mercury; oxygen; alternating current; article; elasticity; electric conductivity; electric field; energy; film; plasticity; quantum mechanics; temperature","Article","Final","","Scopus","2-s2.0-0035508132"
"Clayton J.D.","Clayton, J.D. (7201372344)","7201372344","Shock compression of metal crystals: A comparison of Eulerian and Lagrangian elastic-plastic theories","2014","International Journal of Applied Mechanics","6","5","1450048-1","","","17","10.1142/S1758825114500483","https://www.scopus.com/pages/publications/84908587431?origin=resultslist","An unconventional nonlinear elastic theory is advocated for solids undergoing large compression as may occur in shock loading. This theory incorporates an Eulerian strain measure, in locally unstressed material coordinates. Analytical predictions of this theory and conventional Lagrangian theory for elastic shock stress in anisotropic single crystals of aluminum, copper and magnesium are compared. Eulerian solutions demonstrate greater accuracy compared to atomic simulation (aluminum) and faster convergence with increasing order of elastic constants entering the internal energy. A thermomechanical framework incorporating this Eulerian strain and accounting for elastic and plastic deformations is outlined in parallel with equations for Lagrangian finite strain crystal plasticity. For several symmetric crystal orientations, predicted values of volumetric compression at the Hugoniot elastic limit of the two theories begin to differ substantially when octahedral or prismatic slip system strengths exceed about 1% of the shear modulus. Predicted pressures differ substantially for volumetric compression in excess of 5%. Predictions of Eulerian theory are closer to experimental shock data for aluminum, copper, and magnesium polycrystals.","Crystals; Elasticity; Metals; Plasticity; Shock physics","Aluminum; Copper; Crystal orientation; Crystals; Elasticity; Lagrange multipliers; Magnesium; Metals; Plasticity; Analytical predictions; Elastic and plastic deformation; Elastic plastic theory; Hugoniot elastic limit; Magnesium polycrystals; Material coordinates; Shock physics; Volumetric compressions; Elastoplasticity","Article","Final","","Scopus","2-s2.0-84908587431"
"Nix W.D.; Gao H.","Nix, William D. (35463927000); Gao, Huajian (7402971356)","35463927000; 7402971356","Indentation size effects in crystalline materials: A law for strain gradient plasticity","1998","Journal of the Mechanics and Physics of Solids","46","3","","411","425","4275","10.1016/S0022-5096(97)00086-0","https://www.scopus.com/pages/publications/0032020971?origin=resultslist","We show that the indentation size effect for crystalline materials can be accurately modeled using the concept of geometrically necessary dislocations. The model leads to the following characteristic form for the depth dependence of the hardness: H/H0 = √1 + h*/h, where H is the hardness for a given depth of indentation, h, H0 is the hardness in the limit of infinite depth and h* is a characteristic length that depends on the shape of the indenter, the shear modulus and H0. Indentation experiments on annealed (111) copper single crystals and cold worked polycrystalline copper show that this relation is well-obeyed. We also show that this relation describes the indentation size effect observed for single crystals of silver. We use this model to derive the following law for strain gradient plasticity : (σ/σ0)2 = 1 + l̂χ, where σ is the effective flow stress in the presence of a gradient, σ0 is the flow stress in the absence of a gradient, χ is the effective strain gradient and l̂ is a characteristic material length scale, which is, in turn, related to the flow stress of the material in the absence of a strain gradient, l̂ ≈ b (μ/σ0)2. For materials characterized by the power law σ0 = σrefε1/n, the above law can be recast in a form with a strain-independent material length scale l, (σ/σref)2 = ε2/n + lχ l = b (μ/σref)2 = l̂(σ0/σref)2. This law resembles the phenomenological law developed by Fleck and Hutchinson, with their phenomenological length scale interpreted in terms of measurable material parameters, © 1998 Elsevier Science Ltd. All rights reserved.","","Crystalline materials; Elastic moduli; Hardness; Plasticity; Strain; Stresses; Indentation size effects; Strain gradient plasticity; Dislocations (crystals)","Article","Final","All Open Access; Hybrid Gold Open Access","Scopus","2-s2.0-0032020971"
"Chumlyakov Yu.I.; Korotaev A.D.; Bushnev L.S.; Esipenko V.F.; Veselov Yu.G.","Chumlyakov, Yu.I. (7005771345); Korotaev, A.D. (7005199151); Bushnev, L.S. (6701864155); Esipenko, V.F. (6603088385); Veselov, Yu.G. (6603681599)","7005771345; 7005199151; 6701864155; 6603088385; 6603681599","Temperature dependences of the flow and critical shear stresses of dispersion-hardening alloys","1980","Soviet Physics Journal","23","6","","537","543","1","10.1007/BF00892325","https://www.scopus.com/pages/publications/0019021614?origin=resultslist","A study was made of the temperature dependences of the flow stress σ0.1 (T) and of the critical shear stress τcr(T) of Cu-15% A1-(1-2)% Co, Cu-8% A1-(2-2.8)% Co, and Cu-4% A1-2% Co alloys containing noncoherent intermetallic particles. In the case of single crystals at temperatures 77-673° K there was a good agreement between the theoretically calculated values of the Orowan hardening and those found experimentally, so that the dependence τcr(T) was governed by the temperature dependence of the shear modulus G(T). For polycrystalline samples the usual dependence of the mechanical propertiesties on the grain size was not observed. At temperatures from 77 to 473-573°K the dependence σ0.1 (T) was similar to the dependence G(T) and a good agreement was observed between the theoretically calculated dispersion hardening effects with those found experimentally. At temperatures T > 473-573°K the deformation was influenced greatly by grain-boundary glide, which enhanced the dependence σ0.1 (T) compared with that expected theoretically. © 1981 Plenum Publishing Corporation.","","COPPER ALUMINUM COBALT ALLOYS","Article","Final","","Scopus","2-s2.0-0019021614"
"Singh P.; Trehern W.; Vela B.; Sharma P.; Kirk T.; Pei Z.; Arroyave R.; Gao M.C.; Johnson D.D.","Singh, Prashant (59742701300); Trehern, William (57193873744); Vela, Brent (57298479400); Sharma, Prince (57693028700); Kirk, Tanner (57202409040); Pei, Zongrui (55048323200); Arroyave, Raymundo (6601987976); Gao, Michael C. (7201511745); Johnson, Duane D. (7406822208)","59742701300; 57193873744; 57298479400; 57693028700; 57202409040; 55048323200; 6601987976; 7201511745; 7406822208","Understanding the effect of refractory metal chemistry on the stacking fault energy and mechanical property of Cantor-based multi-principal element alloys","2024","International Journal of Plasticity","179","","104020","","","33","10.1016/j.ijplas.2024.104020","https://www.scopus.com/pages/publications/85197070430?origin=resultslist","Multi-principal-element alloys (MPEAs) based on 3d-transition metals show remarkable mechanical properties. The stacking fault energy (SFE) in face-centered cubic (fcc) alloys is a critical property that controls underlying deformation mechanisms and mechanical response. Here, we present an exhaustive density-functional theory study on refractory- and copper-reinforced Cantor-based systems to ascertain the effects of refractory metal chemistry on SFE. We find that even a small percent change in refractory metal composition significantly changes SFEs, which correlates favorably with features like electronegativity variance, size effect, and heat of fusion. For fcc MPEAs, we also detail the changes in mechanical properties, such as bulk, Young's, and shear moduli, as well as yield strength. A Labusch-type solute-solution-strengthening model was used to evaluate the temperature-dependent yield strength, which, combined with SFE, provides a design guide for high-performance alloys. We also analyzed the electronic structures of two down-selected alloys to reveal the underlying origin of optimal SFE and strength range in refractory-reinforced fcc MPEAs. These new insights on tuning SFEs and modifying composition-structure-property correlation in refractory- and copper-reinforced MPEAs by chemical disorder, provide a chemical route to tune twinning- and transformation-induced plasticity behavior. © 2024 Elsevier Ltd","CALPHAD; DFT; Mechanical properties; Multi-principal element alloy; Stacking-fault energy","Chemical bonds; Copper; Density functional theory; Design for testability; Electronegativity; Electronic structure; Refractory materials; Refractory metals; Reinforcement; Yield stress; 3d transition metals; Calphad; Critical properties; Cubic alloys; DFT; Face-centred cubic; Fault energy; Metals chemistry; Multi-principal element alloy; Stacking-fault energy; Stacking faults","Article","Final","All Open Access; Green Open Access","Scopus","2-s2.0-85197070430"
"Mao P.-L.; Yu B.; Liu Z.; Wang F.; Ju Y.","Mao, Ping-Li (7004389411); Yu, Bo (57216361063); Liu, Zheng (56159190500); Wang, Feng (57193117797); Ju, Yang (55993327900)","7004389411; 57216361063; 56159190500; 57193117797; 55993327900","Mechanical properties and electronic structures of MgCu2, Mg2Ca and MgZn2 Laves phases by first principles calculations","2014","Transactions of Nonferrous Metals Society of China (English Edition)","24","9","","2920","2929","68","10.1016/S1003-6326(14)63427-0","https://www.scopus.com/pages/publications/84927166394?origin=resultslist","Mechanical properties and electronic structure of MgCu2, Mg2Ca and MgZn2 phases were investigated by means of first principles calculations from CASTEP program based on density functional theory (DFT). The calculated lattice parameters are in good agreement with the experimental and literature values. The calculated heat of formation and cohesive energies showed that MgCu2 has the strongest alloying ability and structural stability. Elastic constants of MgCu2, Mg2Ca and MgZn2 were calculated, and the bulk moduli, shear moduli, elastic moduli and Poisson ratio were derived. The calculated results show that MgCu2, Mg2Ca and MgZn2 are all ductile phases. Among the three phases, MgCu2 has the strongest stiffness and the plasticity of MgZn2 phase is the best. Melting points of the three phases were predicted using cohesive energy and elastic constants. Density of states (DOS), Mulliken population, electron occupation number and charge density difference were discussed. Finally, Debye temperature was calculated and discussed. © 2014 The Nonferrous Metals Society of China.","Debye temperature; electronic structure; Laves phases; magnesium alloy; mechanical property; Mg<sub>2</sub>Ca; MgCu<sub>2</sub>; MgZn<sub>2</sub>","Binary alloys; Calcium alloys; Calculations; Copper alloys; Debye temperature; Density (specific gravity); Density functional theory; Elastic constants; Elastic moduli; Electronic structure; Mechanical properties; Stability; Zinc alloys; Charge density difference; First-principles calculation; Laves phasis; Mg2Ca; MgCu2; MgZn2; Mulliken populations; Structural stabilities; Magnesium alloys","Article","Final","","Scopus","2-s2.0-84927166394"
"Ledbetter H.M.","Ledbetter, H.M. (7005466056)","7005466056","Elastic constants of polycrystalline copper at low temperatures. Relationship to single‐crystal elastic constants","1981","physica status solidi (a)","66","2","","477","484","48","10.1002/pssa.2210660209","https://www.scopus.com/pages/publications/0019598048?origin=resultslist","Elastic constants of polycrystalline copper are determined between 4 and 295 K by measuring ultrasonic velocities, longitudinal and transverse. Five elastic constants are given: longitudinal modulus, shear modulus, Young's modulus, bulk modulus (reciprocal compressibility), and Poisson's ratio. Considering eight theories of single‐crystal :polycrystal elastic constants, the Hershey‐Kröner‐Eshelby theory agrees best with observation, within 1% for the shear modulus, G. (Voigt and Reuss first‐order bounds on (G differ by 29%.) A problem exists concerning the calculation of the Debye temperature of polycrystalline aggregates. Copyright © 1981 WILEY‐VCH Verlag GmbH & Co. KGaA","","COPPER AND ALLOYS","Article","Final","","Scopus","2-s2.0-0019598048"
"Li L.; Han M.","Li, Lili (38461277000); Han, Ming (56912678900)","38461277000; 56912678900","Shearing single crystal copper in molecular dynamics simulation at different temperatures","2014","Computational Materials Science","87","","","145","149","11","10.1016/j.commatsci.2014.02.019","https://www.scopus.com/pages/publications/84897820854?origin=resultslist","Molecular dynamics simulations using the embedded atom method (EAM) potential were carried out to study shear behaviors of single crystal copper at different temperatures. Shear tests were set in the (1 1 1) crystallographic plane along the [1̄10] and [112̄] directions, respectively. The period of shear stress-shear strain curves was observed when shear was set along the [1̄10] direction. Microtwins arose during the shear process along the [112̄] direction. Shear modulus obtained from the slop of shear stress-shear strain curves is on the level of 40.0 ± 1.5 GPa at 0 K and decreases with increasing temperature, and performs insensitivity to the size of shear model and shear direction. Simulation results also indicate that the EAM potential is adequate to describe the shear behaviors of single crystal copper. In addition, this work also shows that the classical description of shear modulus is still efficient at the nanoscale, which might suggest a simple and direct way to obtain shear modulus in atomic scale. © 2014 Elsevier B.V. All rights reserved.","Molecular dynamics simulations; Shear behaviors; Shear modulus","Elastic moduli; Molecular dynamics; Shear strain; Shear stress; Crystallographic plane; Embedded-atom method potentials; Increasing temperatures; Molecular dynamics simulations; Shear behavior; Shear direction; Shear modeling; Single crystal copper; Single crystals","Article","Final","All Open Access; Green Open Access","Scopus","2-s2.0-84897820854"
"Sapozhnikov K.; Golyandin S.; Kustov S.; Van Humbeeck J.; Schaller R.; De Batist R.","Sapozhnikov, K. (7003486120); Golyandin, S. (7004098777); Kustov, S. (7006121141); Van Humbeeck, J. (36873928600); Schaller, R. (7101945477); De Batist, R. (7004688239)","7003486120; 7004098777; 7006121141; 36873928600; 7101945477; 7004688239","Transient internal friction during thermal cycling of Cu-Al-Ni single crystals in β′1 martensitic phase","2002","Scripta Materialia","47","7","","459","465","14","10.1016/S1359-6462(02)00162-8","https://www.scopus.com/pages/publications/0036779099?origin=resultslist","The transient internal friction during thermal cycling of Cu-Al-Ni single crystals in β1′ martensitic phases was discussed. The shear modulus and reversible torsional deformation were revealed during thermal cycling of Cu-Al-Ni single crystals in the β1′ martensitic phases. These phenomena were associated with microplastic straining of the martensitic phase due to anisotropy of thermal expansion of the martensitic variants. Low frequency anelastic properties of the Cu-Al-Ni single crystals were studied by means of a forced torsion pendulum during the thermal cycling in the temperature range of the β1′ martensitic phases.","Copper alloy; Internal friction; Lattice defects; Martensite","Aluminum copper alloys; Anisotropy; Crystal defects; Elastic moduli; Internal friction; Martensite; Martensitic transformations; Natural frequencies; Oscillations; Plastic deformation; Strain; Thermal cycling; Thermal expansion; Thermal stress; Torsional stress; Two-phase alloys; Single crystals","Article","Final","","Scopus","2-s2.0-0036779099"
"Gerlich D.; Kennedy G.C.","Gerlich, D. (58319996600); Kennedy, George C. (16513026400)","58319996600; 16513026400","Second pressure derivatives of the elastic moduli of copper","1979","Journal of Applied Physics","50","7","","5038","5039","7","10.1063/1.325601","https://www.scopus.com/pages/publications/36749118698?origin=resultslist","The second pressure derivatives of the elastic moduli for polycrystalline copper have been determined. While the value of the second pressure derivative of the longitudinal modulus is zero or very small, that for the shear modulus is ∼6.3×10-10 Pa-1, hence the second pressure derivative of the bulk modulus turns out to be positive, with a value of 8.4×10-10 Pa-1.","","","Article","Final","","Scopus","2-s2.0-36749118698"
"Edwards R.J.; Rothman S.D.; Vogler T.J.; Furnish M.D.","Edwards, R.J. (35572179200); Rothman, S.D. (7102965835); Vogler, T.J. (6603983776); Furnish, M.D. (6602259357)","35572179200; 7102965835; 6603983776; 6602259357","Inferring the high-pressure strength of copper by measurement of longitudinal sound speed in a symmetric impact and release experiment","2019","Journal of Applied Physics","125","14","145901","","","13","10.1063/1.5068730","https://www.scopus.com/pages/publications/85064217254?origin=resultslist","Plate-impact techniques are used to investigate the equation of state and constitutive relations of copper at high pressures. The parameters are inferred from the velocity history of the surface of a shocked and then released copper plate in contact with a window. The initial shock interacts with the window interface sending a release wave back into the copper, thus, delaying any subsequent shock or release waves traveling toward the window. A backwards-characteristics code is used to regenerate the in situ particle velocities and correct for the presence of the window material. Given these corrections, the Lagrangian sound speed, pressure, and volume (density) are found, and from the sound speed, the strength parameters of the copper are calculated. This investigation finds a shear modulus of ∼100 GPa and a yield strength of ∼1 GPa for copper, at impact pressures of ∼130 GPa. The inferred shear modulus is in excellent agreement with the work of Hayes et al. The yield estimates are in broad agreement with, but are distinct from, previous theoretical and experimental studies. © 2019 EURATOM.","","Elastic moduli; Equations of state; Shear strain; Constitutive relations; Equation of state; Impact pressures; Longitudinal sound; Release experiments; Situ particles; Strength parameters; Window materials; Ultrasonic velocity measurement","Article","Final","","Scopus","2-s2.0-85064217254"
"Hoff H.A.; Waytena G.L.; Glesener J.W.; Harris V.G.; Pappas D.P.","Hoff, H.A. (57214024272); Waytena, G.L. (6602768942); Glesener, J.W. (6602154394); Harris, V.G. (7102072267); Pappas, D.P. (7101825797)","57214024272; 6602768942; 6602154394; 7102072267; 7101825797","Critical thickness of single crystal fcc iron on diamond","1995","Surface Science","326","3","","252","266","7","10.1016/0039-6028(94)00787-X","https://www.scopus.com/pages/publications/0029271403?origin=resultslist","The growth of (100) diamond/iron/copper multilayer structures has been examined by reflection high energy electron diffraction, extended X-ray absorption fine structure, and scanning electron microscopy in an effort to determine the thickness limit for metastable face-centered-cubic Fe on (100) diamond. Both copper films deposited on iron layers with thicknesses below 1.4 nm and the iron layers themselves were found to be face-centered cubic single crystal, while films grown on iron that was 2.0 nm and thicker and the iron itself were found to be polycrystalline. This critical thickness range of 1.4-2.0 nm compares well with the theoretically calculated value of 1.8 nm. This value was determined using the mechanical equilibrium theories (Matthews-Blakeslee and van der Merwe) with a lattice parameter for face-centered cubic iron that was derived by estimating the functional form of the linear thermal expansion coefficient and extrapolating the Poisson's ratio for austenitic stainless steel to the temperature of interest. The shear modulus, and intrinsic stacking fault energy for fcc Fe from ∼ 1350°C down to below room temperature have also been estimated. A more likely room temperature lattice parameter for fcc Fe than is usually assumed was estimated to be 0.3579 nm. The measured in-plane lattice parameter of strained fcc Fe on diamond was 3.54 ± 0.1 A ̊. © 1995.","Copper; Diamond; Extended X-ray absorption fine structure (EXAFS); Iron; Low index single crystal surfaces; Reflection high-energy electron diffraction (RHEED); Surface structure; Surface tension","Diamonds; Elastic moduli; Lattice constants; Multilayers; Reflection high energy electron diffraction; Scanning electron microscopy; Single crystals; Stacking faults; Stainless steel; Surface structure; Surface tension; Thermal expansion; Critical thickness; Face centered cubic; Mechanical equilibrium theory; Poisson ratio; X ray absorption fine structure; Iron","Article","Final","","Scopus","2-s2.0-0029271403"
"Chen D.; Fan C.; Xie S.; Hu J.; Wu S.; Wang H.; Ta H.; Yu Y.","Chen, Danian (7405449700); Fan, Chunlei (56295281600); Xie, Shugang (8912546800); Hu, Jinwei (55499409100); Wu, Shanxing (7407184963); Wang, Huanran (12789906200); Ta, Hua (16176444700); Yu, Yuying (8268247100)","7405449700; 56295281600; 8912546800; 55499409100; 7407184963; 12789906200; 16176444700; 8268247100","Study on constitutive relations and spall models for oxygen-free high-conductivity copper under planar shock tests","2007","Journal of Applied Physics","101","6","063532","","","25","10.1063/1.2711405","https://www.scopus.com/pages/publications/34047175338?origin=resultslist","It is indicated that the constitutive relations for shear modulus G as functions of thermodynamic state were not given in the Johnson-Cook model and the Zerilli-Armstrong model while the constitutive relations for yield strength Y as functions of strain and strain rate were not given in the Wallace model and the Straub model. Seven constitutive models are constructed based on Y/G=constant and on G/B=constant (B-bulk modulus), respectively. The variations of longitudinal stress, transverse stress, and yield strength of oxygen-free high-conductive (OFHC) copper with time under planar shock loading are obtained using the manganin stress gauges and compared with the predicted results by the constructed seven constitutive models. It seems that the pressure, density, temperature, and plastic strain dependence of the yield strength for OFHC copper subjected to planar shock loading is essential to the constitutive description. Planar spall tests for OFHC copper are also performed and the void coalescence-based spall model presented by the authors are applied to numerical simulations of planar spall tests including tests given by Seaman et al. [Phys. Rep. 147, 253 (1987)]. The Steinberg-Cochran-Guinan constitutive model is proved appropriate to the planar shock loading and is adopted in the numerical simulations of planar spall tests. © 2007 American Institute of Physics.","","Computer simulation; Electric conductivity; Mathematical models; Shock testing; Strain rate; Yield stress; Oxygen free high conductive (OFHC) copper; Planar spall tests; Shock loading; Copper","Article","Final","","Scopus","2-s2.0-34047175338"
"Rydh A.; Andersson M.; Rapp Ö.","Rydh, Andreas (7003394862); Andersson, Magnus (19833510900); Rapp, Östen (56209359900)","7003394862; 19833510900; 56209359900","Thermally Assisted Flux Creep of a Driven Vortex Lattice in Untwinned YBa2Cu3O7-δ Single Crystals","1999","Journal of Low Temperature Physics","117","5-6","","1335","1339","2","10.1023/a:1022517011159","https://www.scopus.com/pages/publications/0033351532?origin=resultslist","We have studied the driven vortex lattice in untwinned, clean YBa2 Cu3 O7-δ single crystals, showing the first order (melting) transition Tm. At high enough driving currents (j ∼ 103 A/cm2, j ≳ jc) and temperatures T < Tm, a clear distinction is found between two different behaviours of the moving vortex lattice. The onset of dissipation is characterized by a noisy flux creep with a temperature independent activation energy U(j). At higher temperatures, the creep regime crosses over into a flux flow regime with linear resistivity. A part from the dip in resistivity at Tm, associated with the peak effect and usually assigned to a softening of the shear modulus, the resistivity of the flowing flux lattice continuously extends into the vortex-liquid.","","Activation energy; Creep; Crystal lattices; Elastic moduli; Electric conductivity of solids; Oxide superconductors; Single crystals; Vortex flow; Yttrium barium copper oxides; Driven vortex lattice; Thermally assisted flux creep; Untwinned single crystals; High temperature superconductors","Article","Final","","Scopus","2-s2.0-0033351532"
"Xiang X.-D.; Chung M.; Brill J.W.; Hoen S.; Pinsukanjana P.; Zettl A.","Xiang, X.-D. (57194113474); Chung, M. (56321268100); Brill, J.W. (7103055201); Hoen, S. (6602273792); Pinsukanjana, P. (6602707672); Zettl, A. (7005556530)","57194113474; 56321268100; 7103055201; 6602273792; 6602707672; 7005556530","Elastic properties of single crystal Bi2Sr2CaCu2O8","1989","Solid State Communications","69","8","","833","836","22","10.1016/0038-1098(89)90274-3","https://www.scopus.com/pages/publications/0024613094?origin=resultslist","We have measured the (in-plane) Young's and (out-of-plane) shear moduli of superconducting crystals of Bi2Sr2CaCu2O8 (Tc = 88K) as functions of temperature using ""vibrating reed"" techniques. No anomalous behavior is observed at any temperature (below room temperature), consistent with conventional thermodynamic behavior at Tc and the absence of other structural phase transitions. © 1989.","","Bismuth Compounds--Elasticity; Crystals--Elasticity; Bismuth Strontium Calcium Copper Oxides; High Temperature Superconductors; Oxide Super Conductors; Superconducting Single Crystals; Superconducting Materials","Article","Final","","Scopus","2-s2.0-0024613094"
"Chen D.-N.; Wu S.-X.; Wang H.-R.; Ma D.-F.; Jia C.-W.; Hu J.-W.; Jin Y.-H.","Chen, Da-Nian (55928678600); Wu, Shan-Xing (7407184963); Wang, Huan-Ran (12789906200); Ma, Dong-Fang (57199957340); Jia, Cun-Wei (36070684200); Hu, Jin-Wei (55499409100); Jin, Yang-Hui (27171695600)","55928678600; 7407184963; 12789906200; 57199957340; 36070684200; 55499409100; 27171695600","Dynamic constitutive relations and dynamic fracture of ductile materials under impact/shock loading","2010","Binggong Xuebao/Acta Armamentarii","31","6","","725","734","0","","https://www.scopus.com/pages/publications/77955838690?origin=resultslist","Assumed Y/G=constant and G/B=constant, seven constitutive models for the ductile materials at high pressure and high strain rates are constructed, respectively, where Y denotes the yield strength, G the shear modulus, and B the bulk modulus, and are applied in the numerical simulations of planar shock test for oxygen-free high conductive (OFHC) copper. The results indicate that the pressure, density, temperature and plastic strain dependences of the yield strength for OFHC copper subjected to planar shock loading are essential to the constitutive descriptions. It seems that the strength models of OFHC copper obtained from SHPB test and/or torsion test are not suitable to describe the constitutive properties under planar shock loading. The stress relaxation equations in the spallation process are adopted and a void coalescence-based spallation model is presented in which the equations for stress dependent spall porosities are combined with the governing equations. The spallation tests for some materials under planar shock are numerically simulated by using the presented void coalescence-based spallation models. A series of tensile tests for OFHC copper at different tensile velocities are carried out on the Hopkinson tensile bar in tension mode and a novel facility for high speed tensile test based on a single gas gun system. A representative volume element is modeled by circular cylinder with containing a ellipsoid void at its center and dynamically loaded by single axis velocity at the top of the cell. The processes from the void growth through void instability in OFHC copper are simulated numerically. The conditions of dynamic void instability are discussed and a criterion based on the void shape evolution is presented. The average radial strains of the cell at void instability are compared with the experimental localized fracture strains of OFHC copper bars under single axis impact tension.","Dynamic constitutive model; Impact/shock loading; Mechanics of explosion; Single axis impact tension; Spallation model; Tensile fracture test; Void coalescence; Void evolution model","Biology; Circular cylinders; Coalescence; Computer simulation; Conductive materials; Constitutive models; Copper; Ductile fracture; Ductility; Dynamic loads; Dynamics; Elastic moduli; Fracture testing; High pressure engineering; Knowledge based systems; Loading; Oxygen; Polymer blends; Shear strength; Shock problems; Spalling; Strain rate; Tensile testing; Testing; Torsion testing; Yield stress; Dynamic constitutive model; Impact/shock loading; Mechanics of explosion; Single-axis; Spallation model; Tensile fractures; Void coalescence; Void evolution; Dynamic models","Article","Final","","Scopus","2-s2.0-77955838690"
"Quey R.","Quey, Romain (16239863400)","16239863400","Microstructural dependence and reduction of the size of the representative volume element in polycrystals: Case of cubic and hexagonal elasticity","2026","International Journal of Solids and Structures","326","","113783","","","0","10.1016/j.ijsolstr.2025.113783","https://www.scopus.com/pages/publications/105022636041?origin=resultslist","Closed-form expressions of the size of the representative volume element are determined for computing the elastic moduli of polycrystalline materials with cubic and hexagonal crystal symmetries. The size of the representative volume element corresponds to the number of grains needed in a polycrystal, N, to compute a property of the material (an elastic modulus) with a given error, e. The elastic moduli are computed using periodic polycrystals and finite element simulations. A typical, experimental grain-growth microstructure is considered as a reference case, and the microstructure properties are then modified. This allows us to determine the effect of the different microstructural properties on the error (e). The relationship between the error (e) and the size of the representative volume element (N) is shown to be e=a/N, where a depends on both the crystal anisotropy of the material and the variability of the effective orientation distribution of the microstructure. This variability in turn arises from the cumulative effects of two main sources: the random sampling of the orientation distribution and the grain size distribution. Then, general expressions of a applying to all cubic and hexagonal-symmetry materials are determined. It is demonstrated that reducing the microstructural variability does not affect the computed elastic modulus values, thereby enabling the use of polycrystals with significantly fewer grains. For copper, the error in the computed shear modulus (e) can be reduced by a factor of 9.4 (for a given number of grains in a polycrystal, N), or equivalently, the number of grains needed in a polycrystal (N) can be reduced by a factor of about 90 (for a given error, e). Similar results are obtained for (hexagonal-symmetry) titanium and zinc, for which N can be reduced by factors of 140 and 45, respectively. The results also indicate that the size of the representative volume element (N) is smaller for hexagonal-symmetry materials than for cubic-symmetry materials, and smaller for the bulk modulus than for the shear modulus. © 2025","Elasticity: Orientation distribution function; Homogenization; Microstructure; Representative Volume Element","Crystal microstructure; Crystal orientation; Crystal symmetry; Elastic moduli; Elasticity; Errors; Grain growth; Grain size and shape; Homogenization method; Polycrystalline materials; Polycrystals; Shear flow; Shear strain; Single crystals; Volume measurement; % reductions; Closed-form expression; Cubic symmetry; Elasticity: orientation distribution function; Hexagonal symmetry; Homogenization; Micro-structural; Orientation distribution function; Orientation distributions; Representative volume elements; Distribution functions","Article","Final","All Open Access; Green Open Access","Scopus","2-s2.0-105022636041"
"Nomura M.; Adams J.B.","Nomura, Miki (7402031153); Adams, James B. (7404782731)","7402031153; 7404782731","Mechanical properties of twist grain boundaries in Cu","1994","Interface Science","2","2","","137","146","3","10.1007/BF01184508","https://www.scopus.com/pages/publications/0028743442?origin=resultslist","In a previous paper we studied the Young's and shear modulus of a high-angle twist grain boundary (Σ5) in Cu, using the EAM, and related it to the uniaxial strain derivatives of single crystals. In this paper, we discuss elastic properties of ten additional twist grain boundaries, from 8.8-43.6°. The monolayer Young's modulus at each boundary was calculated and found to be 20-50% higher than the bulk value for all eleven boundaries for both csl and type1 structures. The monolayer shear modulus at each boundary was calculated and found to be 93-98% lower than the bulk value for six grain boundaries with csl structure and found to decrease with increasing twist angle. The critical shear stress was also calculated for eleven boundaries with csl structure and found to roughly decrease with increasing twist angle. © 1994 Kluwer Academic Publishers.","computer simulation; Grain boundaries; mechanical properties","Copper; Elastic moduli; Elasticity; Monolayers; Shear stress; Shear modulus; Twist angle; Twist grain boundaries; Grain boundaries","Article","Final","","Scopus","2-s2.0-0028743442"
"Esfandiarpour A.; Nasrabadi M.N.","Esfandiarpour, A. (56830495600); Nasrabadi, M.N. (6602499266)","56830495600; 6602499266","Investigation of the effect of composing elements of CuNiCoFeV high entropy alloy on thermal-elastic properties: An ab initio study","2019","Intermetallics","104","","","59","65","9","10.1016/j.intermet.2018.10.019","https://www.scopus.com/pages/publications/85055911051?origin=resultslist","In this research, by employing DFT calculation and quasi-harmonic Debye model, the effect of composing element of CuNiCoFeV high entropy alloy on physical and thermal-elastic properties is investigated. In this regard, for an equimolar amount of CuNi, CuNiFe, CuNiCo, CuNiCoFe and CuNiCoFeV alloys with the face center cubic structure, parameters such as Wigner-Seitz radius, Curie temperature, volumetric thermal expansion coefficient, specific heat capacity, elastic constant and polycrystalline elastic moduli is calculated as a function of temperature. The effect of magnetic state of the mentioned equimolar alloys on these parameters is discussed. The results of thermal-elastic calculations show decreasing of elastic constants and polycrystalline elastic moduli such as the bulk modulus, shear modulus, Young's modulus and Poisson's ratio with increasing temperature from 0 K up to 600 K. These results predict the larger value of elastic constants, the bulk modulus, shear modulus and Young's modulus for equimolar alloys contain cobalt rather other present equimolar alloys. © 2018","CuNiCoFeV; EMTO-CPA; High entropy alloys; Quasi-harmonic Debye model; Thermal-elastic properties; Volumetric thermal expansion coefficient","Binary alloys; Calculations; Cobalt alloys; Elastic constants; Elastic moduli; Elasticity; Entropy; Expansion; Iron alloys; Phonons; Polycrystalline materials; Shear strain; Specific heat; Ternary alloys; Thermal expansion; CuNiCoFeV; Elastic properties; EMTO-CPA; High entropy alloys; Quasi-harmonic Debye model; Volumetric thermal expansion; Copper alloys","Article","Final","","Scopus","2-s2.0-85055911051"
"Saint-Paul M.; Henry J.Y.","Saint-Paul, M. (56207724100); Henry, J.Y. (8953852600)","56207724100; 8953852600","Elastic anomalies in YBa2Cu3O7-δ single crystals","1989","Solid State Communications","72","7","","685","687","30","10.1016/0038-1098(89)90674-1","https://www.scopus.com/pages/publications/0024768814?origin=resultslist","Sound velocity and attenuation results on YBa2Cu3O7-δ single crystals are reported. Softening of the longitudinal mode CL along the [110] direction has been observed around the superconducting transition Tc. Below Tc a relaxation mechanism is responsible for the anomalous behaviour of the CL mode. Measurements of the shear modulus (C11-C12)/2 are reported. © 1989.","","Ceramic Materials; Oxides; Yttrium Compounds--Electric Conductivity; High Temperature Superconductors; Shear Modulus; Single Crystals; Yttrium Barium Copper Oxide; Superconducting Materials","Article","Final","","Scopus","2-s2.0-0024768814"
"Markovich D.; Guskovich D.; Stanoevich B.; Ilich A.","Markovich, D. (7005979179); Guskovich, D. (6602510955); Stanoevich, B. (7801353546); Ilich, A. (6507576780)","7005979179; 6602510955; 7801353546; 6507576780","Effect of cold deformation on the elasticity and plasticity of drawn and enamel copper wire","1993","Izvestia Akademii nauk SSSR. Metally","","4","","137","140","0","","https://www.scopus.com/pages/publications/0027580562?origin=resultslist","The effect of cold deformation in drawing on the shear modulus, spiral elongation, elastic springback, failure elongation, and texture of copper wire before and after enamelling is investigated. Wire properties variation with increase in the extent of cold deformation is caused by the variation of texture. The method of spiral elongation, which is used for evaluating the recrystallization capacity of copper intended for enamel wire production, is also applicable to the evaluation of the effect of certain technological characteristics of drawing on the properties of enamel copper wire.","","Deformation; Elasticity; Enamels; Mechanical properties; Plasticity; Surface treatment; Textures; Thermal effects; Wire drawing; Copper wire; Deformation effects; Copper","Article","Final","","Scopus","2-s2.0-0027580562"
"Brown N.; Lukens Jr. K.F.","Brown, N. (7403548407); Lukens Jr., K.F. (24744833500)","7403548407; 24744833500","Microstrain in polycrystalline metals","1961","Acta Metallurgica","9","2","","106","111","63","10.1016/0001-6160(61)90053-0","https://www.scopus.com/pages/publications/0003208348?origin=resultslist","A theory was developed for describing the dependence of microplastic strain on stress and grain size of polycrystalline metals. The microplastic strain is given by γ = CpD3(σ -σ00)2 Gσ00 where C ≈ 1 2. p is the density of sources, σ the applied stress, σ00 stress to move first dislocation, G shear modulus and D grain size. The theory was checked by measuring the stress-strain curve in the micro region using a capacitance type extensometer. The metal investigated was ingot iron with grain sizes from 44 to 140 μ. The agreement between the theoretical equation and the experimental data was excellent not only in the case of the iron but for data on copper and zinc from the investigation of others. The density of sources in ingot iron and copper was 2.5 and 6.9 × 106 sources/cm3, respectively. The range of the microstrain region has been calculated in terms of the amount of microstrain that occurs at the macroscopic yield point. As a useful sidelight it turns out that annealing ingot iron at 650°C after a microstrain completely removes the work hardening so that the specimen returns to its initial state. Consequently, the same specimen may be used repeatedly for tests in the microstrain region. © 1961.","","","Article","Final","","Scopus","2-s2.0-0003208348"
"Brown L.M.","Brown, L.M. (57222066439)","57222066439","Dislocation plasticity in persistent slip bands","2000","Materials Science and Engineering: A","285","1-2","","35","42","68","10.1016/s0921-5093(00)00662-6","https://www.scopus.com/pages/publications/0002841838?origin=resultslist","Persistent slip bands dominate plastic flow under conditions of 'saturation', i.e. when a ductile material is cycled at constant plastic strain amplitude, the maximum stress in one cycle rises and then saturates. The saturation stress is identified as being to an excellent approximation equal to the endurance limit of the material, as measured by conventional stress cycling tests. When saturation is attained, plastic flow is confined to well-defined slip bands, which persist after electropolishing and resuming cyclic straining. These persistent slip bands have a well-defined dislocation structure, characterised by a length, which separates walls of dislocation dipoles. The persistent slip bands have a unique stress-strain curve, caused by the backward and forward motion of screw dislocations between the walls. Many authors have worked on these structures, and their main features are widely agreed. Persistent slip bands lead to the initiation of fatigue cracks, because where they intersect the external surface of the material, they cause stress concentrations and generate intrusions, which follow the interface between the persistent slip band and the matrix within which it is embedded. Many features of the cyclic plastic flow can be understood in terms of two basic concepts. Firstly, it is assumed that the bands are dissipative structures, shear structures, with a spacing determined by dynamic processes including the laying down of edge dislocation dipoles and the forces on groups of dipoles resulting from the motion of the screw dislocations producing them. Secondly, the mean free path of screw dislocations in the bands is determined by the probability of meeting and annihilating another screw dislocation of opposite sign. Very simple equations show that the saturation stress is equal to the plastic strain in the band multiplied by the elastic shear modulus divided by 4π. This very simple result is borne out to within a few percent by recent data on copper single crystals. Other data relating the wall spacing to the saturation stress and the minimum distance apart of stable screw dislocations is accurately rationalised by the theory. Several aspects of the theory deserve comment. The theory indicates that the dislocation density does not matter. The strong temperature dependence of the wall spacing and the saturation stress receive natural explanation. And if the saturation stress is equal to the stress for the onset of stage III unidirectional work-hardening, one can rationalise one of the oldest rules in fatigue strength - the so-called 'fatigue ratio', whereby the endurance limit is proportional to the ultimate tensile strength. The picture of cyclic hardening implies that materials with steep initial hardening rates show low saturation stresses; cyclic hardening curves always cross. This is in agreement with observation. Objections raised by other authors are analysed briefly. The existence of internal stress in the structures, as deduced by Mughrabi in neutron irradiated copper, can be re-interpreted on the basis of the normally assumed variation of dislocation line tension with character. The picture of cross-slip which emerges, implies that cross-slip occurs at all stages in the stress-strain curve, but at the onset of stage III, every screw dislocation cross-slips to annihilation - no screw dipoles are possible. This seems consistent with observation. © 2000 Elsevier Science S.A.","Cyclic plasticity; Screw dislocation; Slip bands","Ductility; Durability; Plastic flow; Plasticity; Saturation (materials composition); Strain; Stress analysis; Cyclic plasticity; Screw dislocations; Slip bands; Dislocations (crystals)","Article","Final","","Scopus","2-s2.0-0002841838"
"Ouyang Y.; Liu F.; Lu T.; Tao X.; Du Y.; He Y.","Ouyang, Yifang (7102623649); Liu, Fenglian (56133261500); Lu, Tong (55427906100); Tao, Xiaoma (57752112700); Du, Yong (56420946500); He, Yuehui (7404941883)","7102623649; 56133261500; 55427906100; 57752112700; 56420946500; 7404941883","First-principles investigation of the mechanical, electronic and thermophysical properties of Q-phase in Al-Mg-Si-Cu alloys","2013","Computational Materials Science","67","","","334","340","18","10.1016/j.commatsci.2012.09.030","https://www.scopus.com/pages/publications/84867829196?origin=resultslist","The mechanical, electronic and thermodynamic properties of Q-phase in Al-Mg-Si-Cu alloys have been studied by using first-principles calculations based on density functional theory (DFT). The calculated lattice constants and formation enthalpies are in good agreement with the available experimental and theoretical results. The elastic constants, bulk modulus, shear modulus, Young's modulus, and Poisson's ratio of Q-phase have been calculated in the present work. The ductility and plasticity, and elastic anisotropy are also discussed. Using Debye model, the Debye sound velocities, Debye temperatures, Grüneisen constants, heat capacities and coefficients of thermal expansion of Q-phase are obtained. Finally, the electronic structure indicates that the bonds of Al-Mg-Si-Cu are of the mixtures of metallic, covalent, and ionic properties. © 2011 Elsevier B.V. All rights reserved.","Electronic structure; First-principles; Mechanical properties; Thermodynamic properties","Calculations; Copper alloys; Debye temperature; Density functional theory; Elastic moduli; Electronic structure; Mechanical properties; Silicon; Thermal expansion; Thermodynamic properties; Al-Mg-Si-Cu alloys; Coefficients of thermal expansions; Debye models; Density functional theories (DFT); Elastic anisotropy; First-principles; First-principles calculation; First-principles investigations; Formation enthalpy; Ionic properties; Poisson's ratio; Q-phase; Theoretical result; Young's Modulus; Aluminum","Article","Final","","Scopus","2-s2.0-84867829196"
"Arab F.; Ali Sahraoui F.; Haddadi K.; Louail L.","Arab, F. (56721283900); Ali Sahraoui, F. (9636760300); Haddadi, K. (24075744000); Louail, L. (6603556449)","56721283900; 9636760300; 24075744000; 6603556449","Ab initio investigations of structural, elastic and electronic properties of ZnSiP 2: Pressure effect","2012","Computational Materials Science","65","","","520","527","34","10.1016/j.commatsci.2012.08.012","https://www.scopus.com/pages/publications/84867850023?origin=resultslist","In this work, we present ab initio investigations of the pressure effect on the structural, elastic and electronic properties of ZnSiP 2 by employing the plane wave pseudo-potential method (PP-PW) within the generalized gradient approximation (GGA-PW91). The calculated equilibrium structural parameters are in excellent agreement with available experimental and theoretical results. We have found that ZnSiP 2 undergoes a structural phase transition under pressure from chalcopyrite to rocksalt type structure at 35 GPa. Single-crystal and polycrystalline elastic constants and some related properties under pressure effect in both chalcopyrite and rocksalt phases have been predicted. The analysis of the bulk modulus to shear modulus (B/G) ratio shows that ZnSiP 2 must be classified as brittle material. Electronic properties and chemical bonding nature have been studied throughout the band structure, density of states and charge distribution analyses. It is found that the studied compound is a direct band gap (Γ-Γ) semiconductor (E g = 1.34 eV) in chalcopyrite structure, and is a conductor in the rock-salt structure. The chemical bonding of ZnSiP 2 has a mixture of ionic-covalent and ionic-covalent-metallic character, respectively in chalcopyrite and rocksalt type structure. © 2012 Elsevier B.V. All rights reserved.","Density functional theory; Elastic properties; Electronic properties; Phase transition; Pressure effect","Chemical bonds; Copper compounds; Density functional theory; Elastic moduli; Phase transitions; Pressure effects; Ab initio investigation; Chalcopyrite structures; Chemical bondings; Density of state; Direct band gap; Distribution analysis; Elastic properties; Generalized gradient approximations; Plane wave; Polycrystalline; Rock salt; Rock-salt structure; Rocksalt-type structure; Structural parameter; Structural phase transition; Theoretical result; Electronic properties","Article","Final","","Scopus","2-s2.0-84867850023"
"Chen D.-N.; Fan C.-L.; Hu J.-W.; Wu S.-X.; Wang H.-R.; Tan H.; Yu Y.-Y.","Chen, Da-Nian (55928678600); Fan, Chun-Lei (56295281600); Hu, Jin-Wei (55499409100); Wu, Shan-Xing (7407184963); Wang, Huan-Ran (12789906200); Tan, Hua (7403011558); Yu, Yu-Ying (8268247100)","55928678600; 56295281600; 55499409100; 7407184963; 12789906200; 7403011558; 8268247100","Mechanical yielding and strength behaviour of OFHC copper in planar shock waves","2007","Chinese Physics Letters","24","3","055","786","789","2","10.1088/0256-307X/24/3/055","https://www.scopus.com/pages/publications/34247264963?origin=resultslist","It is necessary to study the validation of strength models under planar shock loading in view of the fact that strength models for metals obtained at moderate strain rates are often used in the numerical simulations of shock wave phenomena. The variations of longitudinal stress, transverse stress and yield strength of oxygen-free high conductance (OFHC) copper with time under planar shock loading are obtained by using the manganin stress gauges and compared with the predicted results by the constructed seven constitutive models based on Y/G=constant and on G/B=constant (Y the yield strength, G the shear modulus, B the bulk modulus), respectively. It seems that the pressure, density, temperature and plastic strain dependence of the yield strength for OFHC copper under planar shock loading is essential to the constitutive description. ©2007 Chinese Physical Society and IOP Publishing Ltd.","","Copper; Elastic moduli; Loading; Shock problems; Shock waves; Strain rate; Stress analysis; Mechanical; Moderate strain rates; Planar shock waves; Planar shocks; Shock loadings; Shock-waves; Strength behavior; Strength models; Wave phenomena; Yielding behavior; Yield stress","Article","Final","","Scopus","2-s2.0-34247264963"
"Sivananthan S.; Gnanasekaran S.; Samuel J.S.C.","Sivananthan, S. (56180498200); Gnanasekaran, S. (7801629489); Samuel, Jerold Samson C. (57198802331)","56180498200; 7801629489; 57198802331","Preparation and characterization of aluminium nanocomposites based on MWCNT","2014","Applied Mechanics and Materials","550","","","30","38","5","10.4028/www.scientific.net/AMM.550.30","https://www.scopus.com/pages/publications/84901391839?origin=resultslist","Metal Matrix Composites (MMC) has wide range of engineering applications such as high strength, temperature, stiffness, yield strength and modulus of rigidity. Among the metals, aluminium is widely used due to its light weight. However, the electrical conductivity of aluminium is low when compared with copper. This paper deals with the development of aluminium nanocomposites based on Multi Walled Carbon Nanotubes (MWCNT) in order to enhance the electrical resistivity of aluminium. Morphology and electrical properties of the nanocomposites has been analyzed and compared with aluminium. © (2014) Trans Tech Publications, Switzerland.","Metal matrix; Multiwalled Carbon Nanotube; Nanocomposites","Aluminum; Electric conductivity; Multiwalled carbon nanotubes (MWCN); Nanocomposites; Electrical conductivity; Engineering applications; High strength; Light weight; Metal matrices; Modulus of rigidities; Metallic matrix composites","Conference paper","Final","All Open Access; Hybrid Gold Open Access","Scopus","2-s2.0-84901391839"
"Zhuravlev Y.N.; Korabel'nikov D.V.","Zhuravlev, Yu.N. (7005285146); Korabel'nikov, D.V. (35753567000)","7005285146; 35753567000","Research of cation dependences of structural and elastic properties of metal carbonates series by density functional theory calculations","2021","Materials Today Communications","28","","102509","","","12","10.1016/j.mtcomm.2021.102509","https://www.scopus.com/pages/publications/85107670647?origin=resultslist","Using the density functional theory methods with the PBE gradient functional, and taking into account the van der Waals interaction in the basis of localized atomic orbitals, using the CRYSTAL 17 program code, calculations of the structure and elastic constants for MgCO3, ZnCO3, CdCO3 CaCO3 in the calcite structure, CdMg(CO3)2, CaMg(CO3)2, CaZn(CO3)2 in the dolomite structure, BaMg(CO3)2 – norsethite, and CaCO3, SrCO3, PbCO3, BaCO3 in the aragonite structure are calculated. It is shown that the lattice constants, interatomic distances linearly depend on the cation radius RM, and the band gap, atomic charges, overlap populations of electron shells, and crystal density depend on cation electronegativity χM. Elastic compression constants and linear elastic moduli along the c axis are also described by RM. For polycrystalline bulk modulus BH, shear modulus GH, and Young's modulus EH, linear dependences with a good correlation coefficient were obtained: BH (GPa) = 175.95−84.89·RM, GH (GPa) = 87.57−46.05·RM, EH (GPa) = 224.36−103.59·RM. Similar dependences are established for the longitudinal and transverse speeds of sound, the Debye temperature and the coefficient of minimum thermal lattice conductivity. These results can be used to predict the elastic and mechanical characteristics of carbonates with the chemical formula MCO3 and solid solutions based on them. © 2021 Elsevier Ltd","Anisotropy; Aragonite; Calcite; Density functional theory; Dolomite; Elastic constants; Electronegativity; Ionic radius; Speed of sound","Anisotropy; Atoms; Barium compounds; Cadmium compounds; Calcium carbonate; Chemical bonds; Copper compounds; Density functional theory; Elastic constants; Elastic moduli; Electronegativity; Energy gap; Lattice constants; Lead compounds; Positive ions; Strontium compounds; Van der Waals forces; Zinc compounds; Density functional theory methods; Density-functional theory calculations; Density-functional-theory; Dolomite; Elastic properties; Ionic radius; Localized atomic orbitals; Metal carbonates; Speeds of sound; Van Der Waals interactions; Calcite","Article","Final","","Scopus","2-s2.0-85107670647"
"Plummer J.D.; Goodall R.; Figueroa I.A.; Todd I.","Plummer, J.D. (35845682000); Goodall, R. (55197179100); Figueroa, I.A. (57202128080); Todd, I. (57899505100)","35845682000; 55197179100; 57202128080; 57899505100","A study of mechanical homogeneity in as-cast bulk metallic glass by nanoindentation","2011","Journal of Non-Crystalline Solids","357","3","","814","819","15","10.1016/j.jnoncrysol.2010.11.002","https://www.scopus.com/pages/publications/79251600453?origin=resultslist","A surface softening effect induced during copper-mould suction casting of bulk metallic glass is investigated as a function of rod diameter and glass fragility index, m, by nanoindentation. A reduction in hardness and reduced modulus at the rod surface is found to be favoured in small diameter castings and in fragile systems, respectively resulting from limited in-situ annealing and from a greater diversity of metastable atomic environments in the potential energy landscape of fragile glasses. Enhanced propensity for shear transformation zone nucleation in the low moduli surface is explained in terms of reduced atomic connectivity arising from a reduction in local co-ordination number and a lowering of the shear modulus. Finally, the structure and mechanical diversity that is possible in as-cast bulk metallic glass rods is explored through a relative quantification of shear modulus and plastic zone size across the whole as-cast state and in a single rod. These findings illustrate the sensitivity of bulk metallic glass to preparation, especially in respect of thermal history, potentially making replication of mechanical data between researchers problematic. © 2010 Elsevier B.V. All rights reserved.","Fragility; Metallic glass; Nanoindentation; Plasticity","Casting; Elastic moduli; Glass; Nanoindentation; Plasticity; Potential energy; As-cast; Atomic connectivity; Atomic environment; Bulk metallic glass; Coordination number; Fragile glass; Fragility; Fragility index; In-situ annealing; Low modulus; Plastic zone size; Potential energy landscapes; Reduced modulus; Relative quantification; Shear modulus; Shear transformation zones; Small-diameter; Suction casting; Surface softening; Thermal history; Metallic glass","Article","Final","","Scopus","2-s2.0-79251600453"
"Peng J.; Jing F.; Li D.; Wang L.","Peng, Jianxiang (8342261900); Jing, Fuqian (7103298920); Li, Dahong (59071513700); Wang, Lili (7409175273)","8342261900; 7103298920; 59071513700; 7409175273","Pressure and temperature dependence of shear modulus and yield strength for aluminum, copper, and tungsten under shock compression","2005","Journal of Applied Physics","98","1","013508","","","31","10.1063/1.1943510","https://www.scopus.com/pages/publications/22944470095?origin=resultslist","Experimental data for the shear modulus and yield strength of shocked aluminum, copper, and tungsten were systematically analyzed. Comparisons between these data and calculations using the Steinberg-Cochran-Guinan (SCG) constitutive model [D. J. Steinberg, S. G. Cochran, and M. W. Guinan, J. Appl. Phys. 51, 1498 (1980)] indicate that the yield strength has the same dependence on pressure and temperature as the shear modulus for aluminum for shock pressures up to 50 GPa, for copper to 100 GPa, and for tungsten to 200 GPa. Therefore, the assumption of Yp′ Y0 = Gp′ G0, YT′ Y0 = GT′ G0 is basically acceptable for these materials, and the SCG model can be used to describe the shear modulus and yield strength of the shocked material at high pressure and temperature. © 2005 American Institute of Physics.","","Compaction; Copper; Elastic moduli; Mathematical models; Mathematical techniques; Pressure effects; Temperature measurement; Tungsten; Yield stress; Pressure shocks; Shock compression; Temperature dependence; Wave compression; Aluminum","Article","Final","","Scopus","2-s2.0-22944470095"
"Zheng X.; Yi M.","Zheng, Xinghai (60024580500); Yi, Min (49865154100)","60024580500; 49865154100","An Electro-thermo-mechanically Coupled Crystal Plasticity Model for Electroplasticity","2026","Acta Mechanica Solida Sinica","39","3","","279","290","5","10.1007/s10338-025-00630-8","https://www.scopus.com/pages/publications/105012278317?origin=resultslist","This study establishes an electro-thermo-mechanically coupled crystal plasticity framework incorporating electroplastic effect to elucidate the fundamental mechanisms of current-assisted deformation in pure copper. In this framework, the thermal and athermal effects of electric current are independently described by the crystal plasticity constitutive model in terms of temperature and current density, respectively. The temperature field and current density distribution are obtained by solving the coupled heat conduction equation and current continuity equation. The model parameters are calibrated using experimental stress-strain responses of polycrystalline copper at different temperatures and current densities. Numerical simulations reveal that the thermal effects of electric current primarily manifest as shear modulus softening and enhanced thermal activation of dislocations, which have a relatively minor impact on flow stress. In contrast, the athermal effect significantly reduces both yield stress and hardening modulus by weakening the short-range and long-range resistances, leading to notable differences in flow stress during the work-hardening stage. Microstructural analysis shows that electric current alleviates stress concentrations caused by grain orientation differences and promotes more uniform distributions of dislocation density and slip deformation during plastic deformation. The proposed framework bridges the mesoscale dislocation slip and evolution with macroscale mechanical responses, providing critical insights for optimizing electrically-assisted forming processes through controlled electroplastic deformation. © The Chinese Society of Theoretical and Applied Mechanics 2025.","Crystal plasticity; Dislocation evolution; Electric current; Electro-thermo-mechanical coupling; Electroplasticity","Copper; Current density; Dislocations (crystals); Elastic moduli; Plastic deformation; Plasticity; Slip forming; Stress-strain curves; Superconducting materials; 'current; Crystal plasticity; Crystal plasticity models; Dislocation evolution; Dislocation slip; Electro-thermo-mechanical coupling; Electroplastic effect; Electroplasticity; Thermal; Thermo - mechanical couplings; Strain hardening","Article","Final","","Scopus","2-s2.0-105012278317"
"Huang S.; Vida Á.; Heczel A.; Holmström E.; Vitos L.","Huang, Shuo (55972459300); Vida, Ádám (55241846000); Heczel, Anita (56798380800); Holmström, Erik (7004753888); Vitos, Levente (7004135704)","55972459300; 55241846000; 56798380800; 7004753888; 7004135704","Thermal Expansion, Elastic and Magnetic Properties of FeCoNiCu-Based High-Entropy Alloys Using First-Principle Theory","2017","JOM","69","11","","2107","2112","57","10.1007/s11837-017-2565-6","https://www.scopus.com/pages/publications/85028756402?origin=resultslist","The effects of V, Cr, and Mn on the magnetic, elastic, and thermal properties of FeCoNiCu high-entropy alloy are studied by using the exact muffin-tin orbitals method in combination with the coherent potential approximation. The calculated lattice parameters and Curie temperatures in the face-centered-cubic structure are in line with the available experimental and theoretical data. A significant change in the magnetic behavior is revealed when adding equimolar V, Cr, and Mn to the host composition. The three independent single-crystal elastic constants are computed using a finite strain technique, and the polycrystalline elasticity parameters including shear modulus, Young’s modulus, Pugh ratio, Poisson’s ratio, and elastic anisotropy are derived and discussed. The effects of temperature on the structural parameters are determined by making use of the Debye–Grüneisen model. It is found that FeCoNiCuCr possesses a slightly larger thermal expansion coefficient than do the other alloys considered here. © 2017, The Minerals, Metals & Materials Society.","","Chromium alloys; Cobalt alloys; Copper alloys; Entropy; Iron alloys; Magnetism; Manganese; Single crystals; Coherent potential approximation; Effects of temperature; Elasticity parameters; Exact muffin-tin orbitals methods; Face centered cubic structure; First-principle theory; Single crystal elastic constants; Thermal expansion coefficients; Thermal expansion","Article","Final","All Open Access; Green Open Access; Hybrid Gold Open Access","Scopus","2-s2.0-85028756402"
"Cho H.-J.; Kim S.-H.; Cho Y.; Kim S.-J.","Cho, Hyung-Jun (57223220018); Kim, Sung-Ho (57203773160); Cho, Yeonggeun (57223930303); Kim, Sung-Joon (56021263800)","57223220018; 57203773160; 57223930303; 56021263800","Effect of copper addition on tensile behavior in Fe-Cr-Ni stable austenitic stainless steel","2022","Materials Characterization","190","","112052","","","24","10.1016/j.matchar.2022.112052","https://www.scopus.com/pages/publications/85132232530?origin=resultslist","Effects of Cu on tensile properties and deformation mechanisms were investigated in the stable Fe-Cr-Ni austenitic stainless steel with different wt% of Cu. Addition of Cu slightly decreased the yield strength and negligibly affected the ultimate tensile strength, while it induced a considerably large reduction of fracture elongation. Deformation twins were generated during the tensile deformation, and fraction of deformation twins decreased with increasing Cu content. However, degree of twinning was similar, regardless of Cu content, at the same tensile strain, which indicated that development of twins was interfered by earlier fracture triggered by Cu addition and hardly contributed to different hardening behavior at the early stage of deformation. Cu significantly altered the motion of dislocations. The low-Cu-containing alloy mainly developed tangled dislocations and cellular structures, whereas the high-Cu-containing alloy did planar slip and high density of dislocation walls. Although the addition of Cu decreased the shear modulus and increased the stacking fault energy, dislocation substructure changed from tangled to planar slip with increasing Cu content. This indicated that slip planarity of high-Cu-containing alloys might be originated from the formation of short-range ordering or clustering, thereby leading to the local stress concentration and reduction of the elongation. © 2022 Elsevier Inc.","Austenitic stainless steel; Crystallographic orientation; Cu addition; Deformation mode; Stacking fault energy; Strain hardening","Austenitic stainless steel; Chromium alloys; Chromium steel; Copper alloys; Deformation; Nickel steel; Stacking faults; Tensile strain; Tensile strength; Ternary alloys; Crystallographic orientations; Cu addition; Cu content; Deformation modes; Deformation twin; Effect of coppers; Fault energy; Planar slip; Stacking fault energy; Tensile deformation; Strain hardening","Article","Final","","Scopus","2-s2.0-85132232530"
"Zhang Z.; Shi L.","Zhang, Zhichao (57203857440); Shi, Lifan (57877202200)","57203857440; 57877202200","Elastic–Plastic Mechanical Behavior Analysis of a Nb3Sn Superconducting Strand with Initial Thermal Damage","2022","Applied Sciences (Switzerland)","12","16","8313","","","5","10.3390/app12168313","https://www.scopus.com/pages/publications/85137349596?origin=resultslist","It is well known that the parameters of Nb3Sn superconducting strands are strain sensitive, and the internal brittle Nb3Sn filament can easily break under deformations. A temperature difference from the preparation temperature of about 1000 K to the cryogenic working environment of 4.2 K damages brittle Nb3Sn fibers before working. Based on the Curtin–Zhou model, the damage theory for fiber-reinforced composites is utilized to study the influence of filament fractures caused by thermal stress. According to the typical multi-scale geometric of the EAS-Nb3Sn strand (European Advanced Superconductor, EAS), an efficient hierarchical homogenized calculation model considering filament fracture and matrix plasticity was established. In this work, we took the filament fracture caused by both thermal stresses and mechanical loads into consideration using the secant modulus and simultaneously had the impact of the plastic constitutive of the bronze matrix and the copper protective layer. Mechanical parameters, such as the homogenized secant modulus, shear modulus, and Poisson’s ratio in different directions of level scale, were predicted at various temperatures. The elastoplastic mechanical behavior of the strands subjected to axial load was analyzed, and the results were in good agreement with the experiment. The initial thermal fiber fracture has non-negligible effects on the mechanical properties of the EAS-Nb3Sn superconducting strand and play the role in accelerating the increase in fiber breakage. © 2022 by the authors.","EAS-Nb<sub>3</sub>Sn strand wire; effective modulus; elastoplastic analysis; filament fracture; initial thermal damage","","Article","Final","All Open Access; Gold Open Access; Green Open Access","Scopus","2-s2.0-85137349596"
"Al-Zoubi N.","Al-Zoubi, N. (36182197900)","36182197900","First-principles study of the phase stability and elastic properties of TiVNbMoM (M = Al, Sc, Ni and Cu) high entropy alloys","2023","Physica Scripta","98","9","095941","","","6","10.1088/1402-4896/acf07e","https://www.scopus.com/pages/publications/85169592445?origin=resultslist","The ab initio exact muffin-tin orbitals (EMTO) method in combination with the coherent potential approximation (CPA) were used to study the influence of alloying elements M = Al, Sc, Ni and Cu on the phase stability, lattice constants, elastic constants, polycrystalline elastic moduli and electronic structure of equiatomic and non-equiatomic TiVNbMoM refractory high entropy alloys. The agreement between our results and the available experimental and theoretical data is quite good. It was found that the equiatomic systems are stable in the body-centered cubic (bcc) structure. Alloying elements decrease the stability of the bcc against the face-centered cubic (fcc) and the hexagonal close-packed (hcp) structures. Scandium enlarges the lattice constants of equiatomic and non-equiatomic systems significantly. According to the calculated bulk modulus to shear modulus, Poisson's ratio and Vickers hardness, all studied equiatomic and non-equiaomic systems are found to be ductile. However, alloying elements Al, Ni and Cu reduce the ductility and improve the hardness of equiatomic and non-equiatomic TiVNbMoM systems, while the ductility (hardness) of non-equiatomic systems enhances (reduces) by substitution with Sc element. The present theoretical results provide insight for the design and improvement of high entropy alloys and complete information on the alloying effects. © 2023 IOP Publishing Ltd.","elastic properties; first-principles calculations; mechanical properties; phase stability; refractory high-entropy alloys","Alloying; Copper alloys; Ductility; Elastic moduli; Elasticity; Electronic structure; Entropy; High strength alloys; High-entropy alloys; Lattice constants; Nickel; Nickel alloys; Phase stability; Titanium alloys; Vickers hardness; Ab initio; Body-centred cubic; Coherent-potential approximation; Elastic properties; Exact muffin-tin orbitals methods; First principle calculations; First-principle study; High entropy alloys; Refractory high-entropy alloy; Stability properties; Alloying elements","Article","Final","All Open Access; Hybrid Gold Open Access","Scopus","2-s2.0-85169592445"
"Heino P.; Ristolainen E.","Heino, P. (7004938755); Ristolainen, E. (7003593931)","7004938755; 7003593931","Strength of nanoscale polycrystalline copper under shear","2001","Philosophical Magazine A: Physics of Condensed Matter, Structure, Defects and Mechanical Properties","81","4","","957","970","10","10.1080/01418610108214329","https://www.scopus.com/pages/publications/0035297864?origin=resultslist","The strengths and shear moduli of several polycrystalline copper systems have been calculated with the molecular dynamics method and effective-medium potential. The grain size varied between 2 and 10nm, and systems were sheared beyond the yield point at room temperature. An inverse Hall-Petch behaviour was seen: the strength decreased with decreasing grain size. Similar behaviour was seen for the shear modulus. These were caused by the grain boundaries, which allow grain-boundary sliding and have low elastic constants. Results were compared with the tensile strength, and the Von Mises failure criterion did hold quite well even on these very small scales. Details of the potential model are discussed in the appendix. © 2001 Taylor & Francis Group, LLC.","","Copper; Elastic moduli; Grain boundaries; Grain size and shape; Molecular dynamics; Nanostructured materials; Shear strength; Tensile strength; Polycrystalline copper; Polycrystalline materials","Article","Final","","Scopus","2-s2.0-0035297864"
"Hu Q.-K.; Hou Y.-M.; Wu Q.-H.; Qin S.-H.; Wang L.-B.; Zhou A.-G.","Hu, Qian-Ku (7403214548); Hou, Yi-Ming (57197822025); Wu, Qing-Hua (16067736000); Qin, Shuang-Hong (57210142308); Wang, Li-Bo (47861562900); Zhou, Ai-Guo (7202762980)","7403214548; 57197822025; 16067736000; 57210142308; 47861562900; 7202762980","Theoretical calculations of stabilities and properties of transition metal borocarbides TM3B3C and TM4B3C2 compound; [过渡金属硼碳化物TM3B3C和TM4B3C2 稳定性和性能的理论计算]","2019","Wuli Xuebao/Acta Physica Sinica","68","9","096201","","","2","10.7498/aps.68.20190158","https://www.scopus.com/pages/publications/85069627852?origin=resultslist","To search new hard or superhard materials in transition-metal light-element compounds is a current research focus. Most of the past researches focused on binary phases such as transition metal borides, carbides and nitrides, while the researches on ternary phases were relatively rare. The single crystals Nb3B3C and Nb4B3C2 were synthesized recently by using Al-Cu alloys as auxiliary metals and their structures were determined by Hillebrechtand Gebhardt. In the present paper, 29 TM3B3C and 29 TM4B3C2 configurations are constructed by TM atoms (TM = Sc to Zn, Y to Cd, Hf to Hg) replacing Nb atoms in the known Nb3B3C and Nb4B3C2 configuration. By calculating the formation energy from first-principles density functional theories, only 13 TM3B3C and 11 TM4B3C2 phases are stable compared with the three elemental substances of TM, boron and carbon. However compared with the most competing phases, only Ta3B3C, Nb3B3C and Nb4B3C2 phases are stable thermodynamically. The metastable Ta4B3C2 phase at 0 K becomes stable when temperature is higher than 250 K. Thus two new phases of Ta3B3C and Ta4B3C2 are uncovered to be stable thermodynamically. Global structure searches conducted by the popular USPEX and CALYPSO softwares prove the Ta3B3C and Ta4B3C2 phases to be the most favorable energetically. By calculating the phonon dispersion curves of the Ta3B3C and Ta4B3C2 phase, no imaginary phonon frequencies are observed in the whole Brillouin zone, which demonstrates the dynamical stability of the Ta3B3C and Ta4B3C2 phase. The calculated elastic constant of the Ta3B3C and Ta4B3C2 phases satisfy the criteria of mechanical stability, showing that the Ta3B3C and Ta4B3C2 phase are stable mechanically. The calculations of band structure and density of state show that the Ta3B3C and Ta4B3C2 phases are both conducting, which mainly arises from the d electrons of Ta atoms. The calculated bulk modulus and shear modulus of the Ta3B3C and Ta4B3C2 phases show their brittle nature. The hardness of Ta3B3C and Ta4B3C2 phase are nearly the same and calculated to be about 26 GPa by Chen's and Tian's models, which illuminates that the two phases are hard but not superhard. © 2019 Chinese Physical Society.","First-principles calculations; Hard materials; Hardness; Stability","Aluminum alloys; Atoms; Binary alloys; Calculations; Carbides; Convergence of numerical methods; Copper alloys; Crystal atomic structure; Density functional theory; Elastic moduli; Hardness; Mechanical stability; Mercury compounds; Metastable phases; Phonons; Single crystals; Stability criteria; Transition metals; Dynamical stability; First-principles calculation; First-principles density functional theory; Hard material; Phonon dispersion curves; Phonon frequencies; Superhard material; Theoretical calculations; Tantalum compounds","Article","Final","All Open Access; Gold Open Access","Scopus","2-s2.0-85069627852"
"Wang J.; Wang L.; Guan S.; Zhu S.; Li R.; Zhang T.","Wang, Jianfeng (60703105100); Wang, Liguo (55991462900); Guan, Shaokang (7101750456); Zhu, Shijie (57198937418); Li, Ran (8725736700); Zhang, Tao (55547106365)","60703105100; 55991462900; 7101750456; 57198937418; 8725736700; 55547106365","Effects of boron content on the glass-forming ability and mechanical properties of Co-B-Ta glassy alloys","2014","Journal of Alloys and Compounds","617","","","7","11","24","10.1016/j.jallcom.2014.07.187","https://www.scopus.com/pages/publications/84906082758?origin=resultslist","The effects of boron content on the glass-forming ability, mechanical and elastic properties in Co92-xB xTa8 (at.%, x = 30, 32.5, 35, and 37.5) bulk glassy alloys were investigated. Among these alloys studied, the Co59.5B 32.5Ta8 alloy exhibits the highest glass-forming ability, which could form a glassy rod at least 3 mm in diameter by the copper mold casting method. It is found that the plasticity of those glassy alloys increases with decreasing boron content. The plastic strains for the Co 59.5B32.5Ta8 and Co62B 30Ta8 BMGs are up to ∼2.1% and ∼2.5%, respectively. The decrease of shear modulus with decreasing boron content results in the increase of Poisson's ratio, which is responsible for the improved plasticity. In addition, the strength of the ductile glassy alloys remains very high at above 5000 MPa, although enhancing plasticity is accompanied by the loss of some strength. The present results show that Co-B-Ta bulk metallic glass with good glass-forming ability and significant plasticity as well as ultrahigh strength can be synthesized by adjusting alloy composition. © 2014 Elsevier B.V. All rights reserved.","Cobalt alloys; Elastic properties; Mechanical properties; Metallic glasses","Alloys; Boron; Cobalt alloys; Elasticity; Mechanical properties; Metallic glass; Plasticity; Tantalum; Mechanical properties; Metallic glass; Alloy compositions; Bulk glassy alloy; Bulk metallic glass; Copper mold casting methods; Elastic properties; Glass forming ability; Poisson's ratio; Ultrahigh strength; Boron content; Glassy alloys; Glass; Cobalt alloys","Article","Final","","Scopus","2-s2.0-84906082758"
"Plummer J.D.; Figueroa I.A.; Todd I.","Plummer, J.D. (35845682000); Figueroa, I.A. (57202128080); Todd, I. (57899505100)","35845682000; 57202128080; 57899505100","Phase stability, microstructure and mechanical properties of Li containing Mg-based bulk metallic glass composites","2012","Materials Science and Engineering: A","546","","","103","110","5","10.1016/j.msea.2012.03.034","https://www.scopus.com/pages/publications/84860184565?origin=resultslist","5-15at.% Li was substituted into a glass forming Mg-Cu-Gd alloy and the effect on glass forming ability, phase development and mechanical properties were studied. Li was found to have a negative impact on glass forming ability, evident from a reduction in the critical diameter. This resulted from a strong tendency to precipitate the body centered cubic (bcc) Mg7Li3 phase. The substitution of Li in amounts less than or equal to 9at.% promoted a two phase glass matrix-bcc crystal composite. Yielding and work hardening were enhanced by raising the amount of Li, causing a maximum plastic strain of approximately 1.6% for 15at.% Li, attributed to the presence of the bcc crystals. Deformation response is analyzed within the framework of: (1) a need to match microstructure length scales, and (2) a reduced shear modulus in the crystalline phase, as compared to the matrix. A particular focus of this study was thus to consider both the length scale and modulus mismatch ideas applied to composite bulk metallic glasses by Hofmann et al. (Nat. Lett., 2008, 451, 1085-1089) and whether they can explain the large plasticity that Li containing Mg-based alloys have previously displayed. While a comparison of the alloys reported here with those in the literature suggests that the first of these constraints may be being met, deformation is concentrated within the crystalline phase rather than being shear band mediated. The activation energy for dislocation propagation within the ductile precipitates may be lower than for shear transformation zone nucleation in the matrix therefore, providing a constraint for the future design of tough glass matrix composites. © 2012 Elsevier B.V.","Bulk amorphous alloys; Composites; Mechanical characterization; Nanoindentation","Activation energy; Binary alloys; Copper alloys; Crystalline materials; Deformation; Dislocations (crystals); Gadolinium alloys; Glass; Linear transformations; Lithium alloys; Metallic glass; Microstructure; Strain hardening; Body-centered cubic crystals; Bulk amorphous alloys; Bulk metallic glass composites; Crystalline phasis; Glass-forming ability; Length scale; matrix; Mechanical characterizations; Microstructures and mechanical properties; Nano indentation; Magnesium alloys","Article","Final","","Scopus","2-s2.0-84860184565"
"Dayev Z.; Kairlapov M.","Dayev, Zhanat (55596988100); Kairlapov, Medet (60635871600)","55596988100; 60635871600","Study of the influence of material properties on the orifice plate edge in flow rate measurement systems for liquids and gases","2026","Instrumentation Science and Technology","","","","","","0","10.1080/10739149.2026.2671009","https://www.scopus.com/pages/publications/105038928679?origin=resultslist","This study addresses the problem of inlet edge rounding of orifice plates during operation which leads to systematic errors in flow rate measurements. A dimensionless model is developed to predict the rounding radius as a function of the material’s mechanical properties. The proposed approach combines dimensional analysis (π-theorem) with finite element modeling, enabling the incorporation of key parameters, including ultimate tensile strength, yield strength, Young’s modulus, shear modulus, and Poisson’s ratio. The model establishes a quantitative relationship between edge geometry and material properties, allowing the influence of different materials on the rounding process to be evaluated under identical operating conditions. Numerical simulations were carried out for copper, carbon steel, and silicon nitride, representing materials with fundamentally different mechanical behavior. A quantitative comparison with a classical empirical model for carbon steel shows a high level of agreement, with relative errors not exceeding 5%, confirming the validity of the proposed formulation. The results demonstrate that the model can reliably reproduce the evolution of the rounding radius and predict edge degradation over time. The obtained relationships provide a basis for introducing correction factors to account for flow rate measurement errors caused by edge rounding and enable the assessment of material influence on measurement accuracy. The model can also be used for preliminary material selection to improve resistance to edge degradation. It should be noted that the proposed model primarily considers mechanical deformation effects and does not explicitly account for chemical corrosion or other multi-physical interactions, which may influence edge rounding under certain operating conditions. © 2026 Taylor & Francis Group, LLC.","differential pressure flowmeter; Discharge coefficient; orifice plate; orifice plate edge","Carbon steel; Corrosion; Elastic moduli; Flow measurement; Flow rate; Flowmeters; Orifices; Silicon nitride; Systematic errors; Differential pressure flowmeter; Differential pressures; Discharge coefficients; Edge rounding; Flow rate measurements; Orifice plate; Orifice plate edge; Plate edges; Property; Tensile strength","Article","Article in press","","Scopus","2-s2.0-105038928679"
"David E.C.; Jackson I.","David, Emmanuel C. (25645681200); Jackson, Ian (35601563500)","25645681200; 35601563500","High-temperature internal friction and dynamic moduli in copper","2018","Materials Science and Engineering: A","730","","","425","437","9","10.1016/j.msea.2018.05.093","https://www.scopus.com/pages/publications/85048577903?origin=resultslist","New measurements of dynamic shear and Young's moduli and their associated internal frictions were made with torsional and flexural forced-oscillation methods, respectively, on three polycrystalline specimens of pure copper. The tests spanned the 1–1000 s range of oscillation periods, at temperatures ranging from those of annealing close to the melting point (1050 °C) down to room temperature. A broad internal friction peak, found at temperatures around 700 °C (at 1 Hz) for samples annealed at 1050 °C, is superimposed on a monotonic relaxation background. Non-linear viscoelastic behaviour is observed above strains around 5×10−6. The period- and temperature-dependence of both shear modulus and internal friction is adequately captured by an extended “background plus peak” Burgers model for viscoelastic rheology. Activation energies are found to be around 200 kJ mol−1 for both the high-temperature peak and monotonic damping background, consistent with common diffusional control of both the dissipation background and superimposed peak, plausibly involving stress-induced migration of dislocations. Complementary torsional microcreep tests at selected temperatures reveal that most of the inelastic strain is anelastic (viscous) for loading durations less (greater) than 1000 s. Such linear viscous deformation, observed at low stress in coarse-grained polycrystalline copper, involves much higher strain rates than expected from published rheology, plausibly attributable to the Harper-Dorn mechanism. © 2018","Burgers rheology; Dislocation migration; Fcc metals; Harper-Dorn creep; High-temperature peak; Internal friction","Coarse-grained modeling; Copper; Elastic moduli; Elasticity; Internal friction; Strain rate; Temperature distribution; Viscoelasticity; Burger rheology; Dislocation migration; Dynamic moduli; FCC metals; Harper-Dorn creep; High temperature internal friction; High temperature peaks; Internal dynamics; Measurements of; Monotonics; Activation energy","Article","Final","","Scopus","2-s2.0-85048577903"
"Ledbetter H.M.; Naimon E.R.","Ledbetter, H.M. (7005466056); Naimon, E.R. (6602954233)","7005466056; 6602954233","Elastic Properties of Metals and Alloys. II. Copper","1974","Journal of Physical and Chemical Reference Data","3","4","","897","935","264","10.1063/1.3253150","https://www.scopus.com/pages/publications/84953659347?origin=resultslist","The elastic properties of copper have been compiled and reviewed. Polycrystalline elastic constants included are: Young's modulus, the shear modulus, the bulk modulus, and Poisson's ratio. Single crystal constants of second, third, and fourth order are included. Over 200 references to the experimental literature are given. A few theoretical numbers are included. When sufficient data exist, best values are recommended together with their standard errors. Effects on the elastic constants of temperature, pressure, and mechanical (plastic) deformation are included. The Cauchy (central force) relationships and the single crystalpolycrystal relationship are also discussed. © 1974, The U. S. Secretary of Commerce on behalf of the United States. All rights reserved.","bulk modulus; compressibility; copper; elastic constants; poisson's ratio; shear modulus; single crystal elastic coefficients; young's modulus","","Article","Final","","Scopus","2-s2.0-84953659347"
"Cui S.; Xiao X.; Hu H.; Lv Z.; Zhang G.; Gong Z.","Cui, Shouxin (16480187700); Xiao, Xiaoguang (14042718900); Hu, Haiquan (8072986300); Lv, Zengtao (35727173900); Zhang, Guiqing (55738877400); Gong, Zizheng (8977529200)","16480187700; 14042718900; 8072986300; 35727173900; 55738877400; 8977529200","First-principles study of structural, electronic and elastic properties of single crystal CuZr","2011","Physica B: Condensed Matter","406","18","","3389","3391","10","10.1016/j.physb.2011.06.004","https://www.scopus.com/pages/publications/79960169776?origin=resultslist","Investigations into the structural, electronic and elastic properties of intermetallic CuZr compound had been conducted by the plane-wave pseudopotential method. The calculated lattice constant was consistent well with the experimental value. The absence of band gap and finite value of the density of states (DOS) at the Fermi level reveal the metallic behavior of CuZr crystal, and Zr 4d states give rise to the electrical conductivity. The calculated elastic constants for single crystal CuZr at zero pressure obey the cubic mechanical stability condition, which indicates that the cubic CuZr crystal is mechanical stable at zero pressure. By analyzing the ratio between the bulk and shear moduli, we conclude that CuZr crystal is ductile in nature. The present theoretical investigations might give prediction to polycrystalline CuZr system. © 2011 Elsevier B.V. All rights reserved.","Ab initio; Elasticity; Electronic structure; Metals","Bulk Density; Copper alloys; Shear strain; Zinc alloys; Zirconium alloys; Zirconium compounds; Ab initio; Densities of state; Elastic properties; Electronic.structure; Experimental values; First-principle study; Mechanical; Metallic behaviors; Plane-wave pseudopotential method; Zero pressure; Lattice constants","Article","Final","","Scopus","2-s2.0-79960169776"
"Radjai M.; Bouhemadou A.","Radjai, M. (57211275590); Bouhemadou, A. (8378870500)","57211275590; 8378870500","Physical properties of BaRu2X2 (X = P, As) superconducting compound sunder pressure effects: Ab initio study","2023","Physica C: Superconductivity and its Applications","604","","1354176","","","9","10.1016/j.physc.2022.1354176","https://www.scopus.com/pages/publications/85142886785?origin=resultslist","We report the results of a detailed ab initio investigation of the pressure effects up to 18 GPa on the structural, elastic and thermodynamic properties of the superconducting compounds BaRu2P2 and BaRu2As2. The exchange-correlation effects were modeled through the PBEsol version of the generalized gradient approximation. The calculated equilibrium lattice parameters are in good agreement with the available experimental counterparts. The lattice parameter c decreases with increasing pressure faster than the lattice parameter a. The computed single-crystal elastic constants (Cij) show that both BaRu2P2 and BaRu2As2 are mechanically stable under pressure effect up to 18 GPa. Pressure dependence of the single-crystal and polycrystalline elastic moduli, and related physical parameters, namely Cij, Young's modulus, shear modulus, bulk modulus, Poisson's ratio, average sound velocity, Debye temperature (θD), minimum thermal conductivity (Kmin), melting temperature (Tm) and Vickers hardness (HV), were successfully calculated for the pressure range 0-18 GPa. The quasi-harmonic Debye model was successfully used to explore the temperature and pressure dependencies of the unit cell volume, bulk modulus, isochoric and isobar heat capacities, volume thermal expansion coefficient and Debye temperature. The good agreement between the results obtained using the quasi-harmonic Debye model and those corresponding deduced from the elastic constants constitutes proof of the reliability of the results obtained. © 2022","Ab initio study; Elastic moduli; Pressure and temperature effects; Ternary intermetallic; Thermodynamic properties","Arsenic compounds; Copper compounds; Debye temperature; Elastic constants; Gallium compounds; Intermetallics; Lattice constants; Phonons; Pressure effects; Shear flow; Shear waves; Single crystals; Specific heat; Temperature; Thermal conductivity; Thermal expansion; Vickers hardness; Ab initio investigation; Ab initio study; Correlation effect; Elastic properties; Exchange correlations; Pressure and temperature; Quasi-harmonic Debye model; Superconducting compounds; Ternary intermetallics; Thermodynamics property; Elastic moduli","Article","Final","","Scopus","2-s2.0-85142886785"
"Cheng Y.Q.; Cao A.J.; Ma E.","Cheng, Y.Q. (55729863500); Cao, A.J. (15519440000); Ma, E. (57202535674)","55729863500; 15519440000; 57202535674","Correlation between the elastic modulus and the intrinsic plastic behavior of metallic glasses: The roles of atomic configuration and alloy composition","2009","Acta Materialia","57","11","","3253","3267","384","10.1016/j.actamat.2009.03.027","https://www.scopus.com/pages/publications/65649154108?origin=resultslist","Recent reports suggest that Poisson's ratio (ν), or the related ratio of shear modulus G to bulk modulus B, indicates the potential of metallic glasses (MGs) to sustain plastic strain. Using molecular dynamics simulations of the Cu64Zr36 MG as a representative, we demonstrate why and how these elastic and plastic properties are correlated, in terms of the common structural origin underlying these mechanical behaviors in MGs. The full icosahedral ordering has been identified as the key structural feature in the Cu-Zr MGs that controls not only the G and the G/B (or ν), but also the initiation of shear localization and the intrinsic plasticity. Additional analysis of the Cu-Zr MGs of different compositions and MGs in different alloy systems reveals a general correlation of the plasticity with the G/B ratio, as the latter is able to represent and couple the effects of both the atomic configuration and the alloy composition. © 2009 Acta Materialia Inc.","Mechanical property; Metallic glass; Plasticity; Structure","Alloying; Alloys; Atoms; Chemical analysis; Copper alloys; Dynamics; Elastic moduli; Glass; Liquid metals; Mechanical properties; Molecular dynamics; Plasticity; Plastics; Poisson ratio; Zirconium; Alloy compositions; Alloy system; Atomic configuration; Bulk modulus; Intrinsic plasticity; Mechanical behavior; Molecular dynamics simulations; Plastic behavior; Plastic property; Plastic strain; Poisson's ratio; Shear localizations; Shear modulus; Structural feature; Structural origin; Structure; Metallic glass","Article","Final","","Scopus","2-s2.0-65649154108"
"Tananka K.; Tanaka S.; Hirao K.; Soga N.","Tananka, K. (6504625826); Tanaka, S. (57080713400); Hirao, K. (35429411100); Soga, N. (7101960865)","6504625826; 57080713400; 35429411100; 7101960865","Elastic properties of polycrystalline (La, Sr)2CuO4 and YBa2Cu3O7-δ doped with iron","1992","Journal of Materials Science","27","12","","3365","3371","1","10.1007/BF01116038","https://www.scopus.com/pages/publications/34249833281?origin=resultslist","The elastic modulus of polycrystalline (La, Sr)2CuO4 and YBa2Cu3O7-δ with copper replaced by iron has been measured in the temperature range from room temperature to 4.2 K using the cube resonance method. For the former system, 0.5% Cu is displaced by iron and the content of strontium is varied. The incorporation of iron gives rise to an apparent coexistence of magnetic order and superconducting order in samples La2-xSrx(Cu, Fe)O4 with x=0.15 and 0.3, which is reflected in the temperature dependence of Young's modulus. For samples with x=0 and 0.05, an anomalous behaviour of Young's modulus, which is thought to correspond to orthorhombic-monoclinic transition, is observed. For the YBa2(Cu1-γFeγ)3O7-δ system, softening and a thermal hysteresis loop are observed in the temperature dependence of shear modulus of the sample with γ=0. The softening also appears in the temperature variation of Young's modulus. The degree of softening becomes smaller as the iron content which displaces copper is increased. These phenomena are discussed on the basis of the microstructure of the samples and the change of crystal structure with the iron content. © 1992 Chapman & Hall.","","","Article","Final","","Scopus","2-s2.0-34249833281"
"Al'tshuler L.V.; Brazhnik M.I.; Telegin G.S.","Al'tshuler, L.V. (6701866862); Brazhnik, M.I. (16516279500); Telegin, G.S. (16511816700)","6701866862; 16516279500; 16511816700","Strength and elasticity of iron and copper at high shock-wave compression pressures","1971","Journal of Applied Mechanics and Technical Physics","12","6","","921","926","16","10.1007/BF00850467","https://www.scopus.com/pages/publications/34250418738?origin=resultslist","The elastic and strength parameters of iron and copper were determined experimentally at high shock-wave compression pressures of 1-2 Mbar. The attenuation of shock waves created by the impact of thin plates in blocks of the investigated materials was recorded in the experiments. The Poisson ratios, bulk moduli, shear moduli, and yield strength Y for iron at 1.11 and 1.85 Mbar and for copper at 1.22 Mbar were determined from the experimentally observed amplitudes and velocites of the unloading shock waves. The shape of the curve of the change of the yield strength of copper with an increase of pressures to states of shock-wave compression causing melting was determined on the basis of the results obtained and data of other investigators. The curve has a maximum at P∼ 800 kbar corresponding to Y =280 kg/mm2. The yield strengths for iron are located on the ascending branch of the curve Y(P) and are numerically equal to 110 kg/mm2 at 1.11 Mbar and 270 kg/mm2 at 1.85 Mbar. The measured values of Y exceed the yield strengths of uncompressed metals by a factor of 5-7. The authors also recorded a substantial increase of Poisson's ratios with increase of pressures in the investigated metals. © 1974 Consultants Bureau.","","","Article","Final","","Scopus","2-s2.0-34250418738"
"Shen Y.; Xu J.","Shen, Yong (55270543800); Xu, Jian (56995363200)","55270543800; 56995363200","Improving plasticity and toughness of Cu-Zr-Y-Al bulk metallic glasses via compositional tuning towards the CuZr","2010","Journal of Materials Research","25","2","","375","382","31","10.1557/jmr.2010.0031","https://www.scopus.com/pages/publications/77957949258?origin=resultslist","In this work, we propose a simple approach for designing plastic bulk metallic glasses (BMGs) by exploiting the ductility of intermetallic compounds involved in the BMGforming system. Its validity was examined by investigating a series of quaternary CuZr-Y-Al alloys along the composition tie-line between Cu42Zr44.4Y3.6Al10 (Y1) and the B2 CuZr phase, expressed as (Cu0.5Zr0.5)x(M) 100-x (M = Zr0.15Y0.225Al0.625, 84≤x≤93). When tuning the composition towards the CuZr, the glass-forming ability of alloys is dramatically degraded, showing a reduction of critical diameter Dc for BMG formation from 16 mm at x = 84 (Yl) to 2 mm at x = 93. As the composition of BMGs shifts to the CuZr terminal, the shear modulus μ of the BMGs decreases, whereas the Poisson's ratio v increases. With respect to the Yl BMG, compressive plasticity and toughness of the Y2 BMG (x = 92, Dc = 4 mm) with a higher concentration of the CuZr are improved, which is consistent with its lower μ and higher ν values. © 2010 Materials Research Society.","","Aluminum; Copper alloys; Glass; Intermetallics; Plasticity; Poisson ratio; Tuning; Zirconium; Al alloys; Bulk metallic glass; Compositional tuning; Compressive plasticity; Critical diameter; Glass forming ability; Intermetallic compounds; Poisson's ratio; Shear modulus; Simple approach; Tie-line; Metallic glass","Conference paper","Final","","Scopus","2-s2.0-77957949258"
"Wang J.; Qin H.; Chen J.; Yang D.; Zhang G.","Wang, Jian (57316035200); Qin, Hongbo (36659667300); Chen, Junfu (57218373529); Yang, Daoguo (14032413400); Zhang, Guoqi (7405270940)","57316035200; 36659667300; 57218373529; 14032413400; 7405270940","First-Principles Study on the Elastic Mechanical Properties and Anisotropies of Gold–Copper Intermetallic Compounds","2022","Metals","12","6","959","","","19","10.3390/met12060959","https://www.scopus.com/pages/publications/85137220189?origin=resultslist","In this study, first-principles calculations were utilized to investigate the lattice constants, elastic constants, and mechanical properties of gold–copper (Au–Cu) intermetallic compounds (IMCs), including AuCu3, AuCu, and Au3 Cu. We also verified the direction dependence of the Young’s modulus, shear modulus, and Poisson’s ratio of the compounds. The calculated lattice parameters agreed with the experimental data, and the single-crystal elastic constants, elastic modulus E, shear modulus G, bulk modulus B, and Poisson’s ratio ν were calculated. For the Young’s and shear moduli, AuCu3 showed the highest anisotropy, followed by AuCu and Au3 Cu. The Poisson’s ratios of AuCu3 and Au3 Cu crystals were isotropic on (100) and (111) crystal planes and anisotropic on the (110) crystal plane. However, the Poisson’s ratio of the AuCu crystal was anisotropic on (100) and (111) crystal planes and isotropic on the (110) crystal plane. © 2022 by the authors. Licensee MDPI, Basel, Switzerland.","anisotropy; Au–Cu intermetallic compounds; first-principles; mechanical properties","","Article","Final","All Open Access; Gold Open Access; Green Open Access","Scopus","2-s2.0-85137220189"
"Ravindran S.; Gandhi V.; Lovinger Z.; Mello M.; Ravichandran G.","Ravindran, Suraj (57203756759); Gandhi, Vatsa (57219469645); Lovinger, Zev (6503952765); Mello, Michael (7102957762); Ravichandran, Guruswami (7005779059)","57203756759; 57219469645; 6503952765; 7102957762; 7005779059","Dynamic Strength of Copper at High Pressures Using Pressure Shear Plate Experiments","2021","Journal of Dynamic Behavior of Materials","7","2","","248","261","20","10.1007/s40870-020-00287-z","https://www.scopus.com/pages/publications/85099357050?origin=resultslist","Measurement of strength at high pressures is critical to understanding the behavior of materials subjected to extreme loading conditions. Recent developments have extended the pressure shear plate impact (PSPI) technique to the high-pressure regime. Such experiments provide a unique opportunity to extract the complete stress–strain behavior of materials at relatively high pressures. The modified technique includes a new fiber-optic heterodyne transverse velocity interferometer system and new analysis methods to account for the inelastic response of the anvil plates. In this study, PSPI experiments are conducted on oxygen-free high conductivity (OFHC) copper at pressures ranging from 10 to 43 GPa and at strain rates of ~ 105 s−1. Complete stress–strain curves of copper are obtained using a hybrid methodology that relies on numerical simulations and particle velocity records gathered in these experiments. Experiments are conducted at similar pressures and strain rates using two types of anvils that undergo different levels of plastic strains: tool steel and tungsten carbide, to check the robustness of the hybrid method. The behavior of copper at these high pressures and strain rates is compared with previous literature data, and the effect of pressure and strain rate on the strength behavior of copper are discussed. It was observed that the rate of change in yield strength with pressure was 2.5 times the rate of change of shear modulus with pressure. The strength models that predict the response of copper at these extreme conditions are also examined and validated. © 2021, Society for Experimental Mechanics, Inc.","OFHC copper; Pressure-shear plate impact; Shock compression; Strength","Copper; High pressure engineering; Tool steel; Tungsten carbide; Velocity control; Effect of pressure; Extreme conditions; Hybrid methodologies; Inelastic response; Oxygen free high conductivity copper; Particle velocities; Strength behavior; Transverse velocity; Strain rate","Article","Final","All Open Access; Green Open Access","Scopus","2-s2.0-85099357050"
"Russell K.C.; Brown L.M.","Russell, Kathryn C (24582047900); Brown, L.M (25955122900)","24582047900; 25955122900","A dispersion strengthening model based on differing elastic moduli applied to the iron-copper system","1972","Acta Metallurgica","20","7","","969","974","466","10.1016/0001-6160(72)90091-0","https://www.scopus.com/pages/publications/49649142466?origin=resultslist","A model is presented for the interaction between a matrix slip dislocation and a second phase particle of lower shear modulus than the matrix. From this model the minimum included angle reached by the arms of a dislocation while cutting the precipitate can be calculated as a function of the energy of the dislocation on either side of the precipitate/matrix interface. This angle is used to calculate the yield stress as a function of interparticle spacing. The model is tested using data from the iron-copper system. Experimental results relating the maximum yield strength to volume fraction of precipitate and the overaged yield stress to interparticle spacing show good agreement with the theoretical predictions. The low work-hardening rates observed in the iron-copper system are consistent with the predictions of the model. © 1972.","","","Article","Final","","Scopus","2-s2.0-49649142466"
"Neun C.; Petermüller B.; Haussühl E.; Bayarjargal L.; Wurst K.; Götsch T.; Penner S.; Morgenroth W.; Becerril-Juarez I.G.; Avalos-Borja M.; Huppertz H.; Winkler B.","Neun, Christopher (57202130282); Petermüller, Benedikt (56460215200); Haussühl, Eiken (55880818000); Bayarjargal, Lkhamsuren (15924983400); Wurst, Klaus (7005695824); Götsch, Thomas (56319241900); Penner, Simon (12647476600); Morgenroth, Wolfgang (6603805607); Becerril-Juarez, Ignacio Guadalupe (55338361600); Avalos-Borja, Miguel (7003869469); Huppertz, Hubert (24607027000); Winkler, Björn (7103174669)","57202130282; 56460215200; 55880818000; 15924983400; 7005695824; 56319241900; 12647476600; 6603805607; 55338361600; 7003869469; 24607027000; 7103174669","Elastic and thermal properties of W7Re13B and synthesis of a new ternary phase W1.3Re2.7B2","2020","Solid State Sciences","105","","106211","","","1","10.1016/j.solidstatesciences.2020.106211","https://www.scopus.com/pages/publications/85138615126?origin=resultslist","We synthesized phase pure samples of W7Re13B via arc-melting and subsequent annealing and a new compound W1.3(2)Re2.7(2)B2, which crystallizes in the Mg2Cu structure type. Based on pressure-dependent synchrotron X-ray diffraction (XRD), the bulk modulus of W7Re13B is B0,X−ray = 333(6) GPa. Resonant ultrasound spectroscopy was used to determine the elastic stiffness coefficients c11 = 507(3) GPa and c12 = 283(2) GPa and to derive B0,RUS = 358(2) GPa, c44 = 112(2) GPa, Young's modulus E = 672(7) GPa, shear modulus G = 112(2) GPa, a Poisson ration ν = 0.19 and a Debye temperature θD,elastic = 182(2) K. The linear coefficient of thermal expansion is α93K−773K = 5.5(2) 10−6 K−1 and was determined by dilatometry. Microhardness measurements at varying loads were employed to obtain the hardness, which is HV (W7Re13B) ≈ 19 GPa at high loads. Microcalorimetry gave Cp,298 (W7Re13B) = 517(10) J/mol, ΔH2980 (W7Re13B) = 109(2) kJ/mol, S2980 (W7Re13B) = 766(8) J/mol K and θD,298 (W7Re13B) = 259(3) K. The structure of W1.3Re2.7B2 was solved and refined by single-crystal X-ray diffraction. W1.3Re2.7B2 crystallizes in the orthorhombic space group Fddd with a = 4.5286(3) Å, b = 7.9660(5) Å, c = 15.632(2) Å and Z = 8. X-ray photoelectron spectroscopy and energy dispersive X-ray spectroscopy were employed to constrain the chemical composition. Microcalorimetry gave Cp,298 (W1.3Re2.7B2) = 132(1) J/mol, ΔH2980 (W1.3Re2.7B2) = 24.74(20) kJ/mol, S2980 (W1.3Re2.7B2) = 160(2) J/mol K and θD,298 (W1.3Re2.7B2) = 317(3) K. The bulk modulus of this phase from pressure-dependent diffraction studies up to 42 GPa is B0,X−ray (W1.3Re2.7B2) = 335(5) GPa. The data obtained here were used to evaluate models for predicting the hardness of materials, and we show that, for the compounds studied here, often used approaches are unsatisfactory. © 2020 Elsevier Masson SAS","","Binary alloys; Calorimeters; Copper alloys; Crystal structure; Differential scanning calorimetry; Elastic moduli; Energy dispersive spectroscopy; Magnesium alloys; Single crystals; Ternary alloys; X ray diffraction; X ray photoelectron spectroscopy; Arc-melting; Elastic stiffness coefficients; Micro-calorimetry; Phase pure; Pressure dependent; Resonant Ultrasound Spectroscopy; Structure type; Synthesised; Ternary phasis; X- ray diffractions; Thermal expansion","Article","Final","","Scopus","2-s2.0-85138615126"
"Yeh Y.-K.; Hwu C.","Yeh, Yu-Kuei (56019283000); Hwu, Chyanbin (35607393700)","56019283000; 35607393700","Molecular-continuum model for the prediction of stiffness, strength and toughness of nanomaterials","2019","Acta Mechanica","230","4","","1451","1467","5","10.1007/s00707-017-2014-1","https://www.scopus.com/pages/publications/85033468868?origin=resultslist","A semi-analytical method called molecular-continuum model is proposed to estimate the stiffness, strength and fracture toughness of nanomaterials. This model is developed by combining the concept of molecular dynamics and continuum mechanics, in which the potential energy describing the interactions of atoms is not restricted to the harmonic potential function, and hence its deriving stress–strain relation is not restricted to being linear. The estimated properties can therefore be the ones defined based upon the initial linear region such as stiffness, or the ones occur at the later period of the materials such as strength and toughness. By using this model, several mechanical properties of nanomaterials such as Young’s modulus, Poisson’s ratio, shear modulus, yield strength, ultimate strength, mode I and mode II fracture toughness can be predicted. For the purpose of illustration and verification, some examples of one-dimensional nanomaterials, such as carbon nanotubes and single crystal copper nanowires, and two-dimensional nanomaterials, such as graphene and single crystal copper nanofilms, are presented in this paper. © 2017, Springer-Verlag GmbH Austria.","","Continuum mechanics; Copper; Fracture; Molecular dynamics; Nanostructured materials; Potential energy; Single crystals; Stiffness; Yarn; Continuum Modeling; Harmonic potential function; Mode-II fracture toughness; One-dimensional nanomaterials; Semi-analytical methods; Single crystal copper; Strength and toughness; Ultimate strength; Fracture toughness","Article","Final","","Scopus","2-s2.0-85033468868"
"Saravanan K.; Sharma V.M.J.; Asraff A.K.; Ramesh Narayanan P.; Sharma S.C.; George K.M.","Saravanan, K. (57217999871); Sharma, V.M.J. (55463057600); Asraff, A.K. (6505642627); Ramesh Narayanan, P. (11539064300); Sharma, S.C. (60378324200); George, Koshy M. (56883877400)","57217999871; 55463057600; 6505642627; 11539064300; 60378324200; 56883877400","Studies on Dynamic Elastic and Internal Friction Properties of Cu-Cr-Zr-Ti Alloy Between 25 and 650 °C","2015","Journal of Materials Engineering and Performance","24","12","","4721","4727","7","10.1007/s11665-015-1778-5","https://www.scopus.com/pages/publications/84949104877?origin=resultslist","In the present study, dynamic elastic constants namely Young’s modulus, shear modulus, Poisson’s ratio, and internal friction properties for polycrystalline Cu-0.68Cr-0.04Zr-0.03Ti-0.015Fe (wt.%) alloy have been evaluated from 25 to 650 °C temperature in argon environment. These properties were determined using resonance-based high-temperature impulse excitation technique. The temperature-dependent elastic constants are very vital for the thermo-structural analysis to predict the performance of the component/structure. The test results revealed that, the alloy exhibits linear reduction in Young’s modulus and shear modulus with increasing temperature. On the other hand, the calculated Poisson’s ratio showed minor increase with temperature. It was shown that, the variation in the internal friction is attributed to in situ aging in the temperature range studied. Overaging beyond 500 °C has led to drastic increase of internal friction. This has been supported by hardness measurement, tensile test, differential scanning calorimetry test, and transmission electron microscopy examination. © 2015, ASM International.","Cu-Cr-Zr-Ti alloy; impulse excitation technique; Poisson’s ratio internal friction; shear modulus and Young’s modulus","Copper alloys; Differential scanning calorimetry; Elastic constants; Elastic moduli; Friction; High resolution transmission electron microscopy; Internal friction; Nondestructive examination; Scanning electron microscopy; Shear strain; Tensile testing; Transmission electron microscopy; Tribology; Friction properties; Hardness measurement; Impulse excitation technique; Increasing temperatures; S ratio; Temperature dependent; Thermo-structural analysis; Ti alloys; Titanium alloys","Article","Final","","Scopus","2-s2.0-84949104877"
"Johnson R.M.; Block R.J.","Johnson, R.M (55718367600); Block, R.J (24545107900)","55718367600; 24545107900","The relation between surface damage and film strengthening effects","1968","Acta Metallurgica","16","6","","831","843","26","10.1016/0001-6160(68)90103-X","https://www.scopus.com/pages/publications/25444447539?origin=resultslist","The strengthening effects produced by various metallic coatings on copper single crystals were studied. There was no relation between the magnitude of the strengthening produced and the mechanical strength of the various coatings. On this basis, a mechanism involving the operation of the coating as a simple barrier to dislocation egress from the crystal was considered inappropriate. Likewise, there was no relation between the relative shear moduli of coating and substrate and the strengthening produced. Thus, the elastic repulsion of dislocations from the coating-substrate interface was also considered to be unimportant as a mechanism. None of the results suggested that the suppression of surface Frank-Read sources or coating-substrate incompatibility made an important contribution to the strengthening effect. Significant film strengthening effects were always accompanied by cracking of the coating either prior to or during deformation. Associated with film cracking was an increase in dislocation density at the substrate surface. This surface damage which resulted from residual stresses in the coating is believed to be the critical factor in producing the film strengthening effects which were observed. © 1968.","","","Article","Final","All Open Access; Green Open Access","Scopus","2-s2.0-25444447539"
"Feltham P.; Meakin J.D.","Feltham, P. (7003936695); Meakin, J.D. (16665919200)","7003936695; 16665919200","On the mechanism of work hardening in face-centred cubic metals, with special reference to polycrystalline copper","1957","Philosophical Magazine","2","13","","105","112","61","10.1080/14786435708231728","https://www.scopus.com/pages/publications/84996163730?origin=resultslist","Tensile specimens of oxygen-free polycrystalline copper (99.9911%) were annealed for various periods in vacuo, in the range 500–700°C so as to obtain variations in the grain sizes and yield points. The initial rate of work hardening of all specimens was linear up to strains of about 1.5%, and independent of the magnitude of the yield stress. This hardening appeared to be of the type responsible for the linear hardening which follows easy-glide in single crystals, the theory of which has recently been developed by Friedel. At higher strains parabolic hardening occurred. In this stage the coefficient of work hardening, χp, defined as the ratio d[sgrave]2/dε, where [sgrave] and ε are the tensile stress and strain respectively, was found to obey the relation χp≃G[sgrave]Y/π, i.e. it was proportional to the product of the shear modulus G, and the tensile yield stress [sgrave]Y. This equation is derivable from Mott's theory, in which parabolic hardening is regarded as resulting from the action of the long range stress fields of piled up dislocation arrays on Frank-Read sources in the grains. © 1957 Taylor & Francis Group, LLC.","","","Article","Final","","Scopus","2-s2.0-84996163730"
"Li S.; Yu Y.; Branicio P.S.; Sha Z.-D.","Li, Shan (59059742700); Yu, Yue (58247954400); Branicio, Paulo S. (6602380275); Sha, Zhen-Dong (8914506100)","59059742700; 58247954400; 6602380275; 8914506100","Effects of rejuvenation modes on the microstructures and mechanical properties of metallic glasses","2023","Materials Today Communications","36","","106493","","","6","10.1016/j.mtcomm.2023.106493","https://www.scopus.com/pages/publications/85163808949?origin=resultslist","This study systematically investigates the effects of three rejuvenation modes, namely biaxial loading, thermal pressure loading, and cryogenic thermal cycling, on the microstructures and mechanical properties of Cu64Zr36 metallic glasses (MGs) using molecular dynamics (MD) simulations. The simulation results demonstrate that biaxial tension application during loading results in a rejuvenated glassy state with high strength. Specifically, we find that the yield stress, Young's modulus, and shear modulus of the rejuvenated glass obtained by biaxial tensile loading decreased by 2.8%, 2.1%, and 2.7%, respectively, compared to an as-cast MG reference. We also find that MGs achieve the greatest degree of rejuvenation, at the expense of strength, with the use of thermal pressure loading. Interestingly, the application of cryogenic thermal cycling results in a rejuvenated state with a lower strength drop compared to thermal pressure loading. Furthermore, analysis of the potential energy and medium-range-order (MRO) size indicates that the microstructures of MGs achieves a high-energy ordered glass state after thermal pressure loading, but a high-energy disordered glass state after biaxial tensile loading and cryogenic thermal cycling. These findings provide meaningful insights into the effect of rejuvenation modes on the microstructures and mechanical properties of MGs, as well as useful guidelines for designing MGs with high strength and superior plasticity for prospective applications in industry. © 2023 Elsevier Ltd","Amorphous microstructures; Mechanical property; Metallic glass; Rejuvenation method","Binary alloys; Copper alloys; Elastic moduli; Endocrinology; Glass; Metallic glass; Molecular dynamics; Potential energy; Stress analysis; Tensile stress; Thermal cycling; Yield stress; Zircaloy; (metallic) glass; Amorphous microstructure; Biaxial tensile; High-strength; Microstructures and mechanical properties; Pressure loading; Rejuvenation method; Tensile loading; Thermal pressure; Thermal-cycling; Microstructure","Article","Final","All Open Access; Green Open Access","Scopus","2-s2.0-85163808949"
