"Authors","Author full names","Author(s) ID","Title","Year","Source title","Volume","Issue","Art. No.","Page start","Page end","Cited by","DOI","Link","Abstract","Author Keywords","Index Keywords","Document Type","Publication Stage","Open Access","Source","EID"
"Li J.; Mei J.; Ni Y.; Lu H.; Jiang W.","Li, Junwan (21739759500); Mei, Jifa (35180158300); Ni, Yushan (7402909812); Lu, Huaibao (36537579700); Jiang, Wugui (8311185400)","21739759500; 35180158300; 7402909812; 36537579700; 8311185400","Two-dimensional quasicontinuum analysis of the strengthening and weakening effect of Cu/Ag interface on nanoindentation","2010","Journal of Applied Physics","108","5","054309","","","14","10.1063/1.3452350","https://www.scopus.com/pages/publications/77956845093?origin=resultslist","Multiscale simulations using the two-dimensional quasicontinuum method are performed to understand the nature of strengthening and weakening effect of Cu/Ag interface on nanoindentation at zero temperature. The investigation shows that the upper Cu film strengthens distinctly the lower Ag substrate. The nucleation and emission for first dislocation in Cu film is postponed obviously due to the effect of interface. Combined with the dislocation theory, a dislocation model of the interaction between the nucleated dislocation and the misfit dislocation is introduced to systematically evaluate the strengthening and weakening effects of interface on the Cu/Ag bilayer film system. It is found that the strengthening effect of interface on nanoindentation is governed by the resistance to the nucleated dislocation transmission, such as image force, lattice friction, and the repulsive force of the misfit dislocation. The bigger resistance will lead to the stronger strengthening effect. The weakening effect is mainly produced by the stress concentration and local misfit strain in the core region of the misfit dislocations due to the nucleation and propagation of misfit dislocations along the interface. The multiscale simulation results are in good agreement with the experimental results and dislocation theory model. © 2010 American Institute of Physics.","","Copper; Heterojunctions; Lanthanum compounds; Metallic films; Nanoindentation; Nucleation; Silver; Strengthening (metal); Stress concentration; Two dimensional; Ag substrate; Bi-layer films; Core region; Cu films; Dislocation models; Dislocation theory; Image force; Lattice friction; Misfit dislocations; Misfit strains; Multi-scale simulation; Nucleated dislocation; Propagation of misfit dislocations; Quasi-continuum analysis; Quasicontinuum method; Repulsive forces; Strengthening effect; Weakening effect; Zero temperatures; Carbon fiber reinforced plastics","Article","Final","","Scopus","2-s2.0-77956845093"
"Takahashi A.; Ghoniem N.M.","Takahashi, Akiyuki (7402799686); Ghoniem, Nasr M. (7005587839)","7402799686; 7005587839","Structure of self-interstitial atom clusters in iron and copper","2009","Physical Review B - Condensed Matter and Materials Physics","80","17","174104","","","7","10.1103/PhysRevB.80.174104","https://www.scopus.com/pages/publications/72849137609?origin=resultslist","The dislocation core structure of self-interstitial atom (SIA) clusters in bcc iron and fcc copper is determined using the hybrid ab initio continuum method of Banerjee [Philos. Mag. 87, 4131 (2007)]. To reduce reliance on empirical potentials and to facilitate predictions of the effects of local chemistry and stress on the structure of defects, we present here a hybrid extension of the Peierls-Nabarro continuum model, with lattice resistance to slip determined separately from ab initio calculations. A method is developed to reconstruct atomic arrangements and geometry of SIA clusters from the hybrid model. The results are shown to compare well with molecular-dynamics simulations. In iron, the core structure does not show dependence on the size of the self-interstitial cluster, and is nearly identical to that of a straight edge dislocation. However, the core structure of SIA clusters in Cu is shown to depend strongly on the cluster size. Small SIA clusters are found to have nondissociated compact dislocation cores, with a strong merging of Shockley partial dislocations and a relatively narrow stacking fault (SF) region. The compact nature of the SIA core in copper is attributed to the strong dependence of the self-energy on the cluster size. As the number of atoms in the SIA cluster increases, Shockley partial dislocations separate and the SF region widens, rendering the SIA core structure to that of an edge dislocation. The separation distance between the two partials widens as the cluster size increases, and tends to the value of a straight edge dislocation for cluster sizes above 400 atoms. The local stress is found to have a significant effect on the atomic arrangements within SIA clusters in copper and the width of the stacking faults. An applied external shear can delocalize the core of an SIA cluster in copper, with positive shear defined to be on the (111) plane along the [1̄ 1̄ 2] direction. For an SIA cluster containing 1600 atoms, a positive 1 GPa shear stress delocalizes the cluster and expands the SF to 30b, while a negative shear stress of 2 GPa contracts the core to less than 5b, where b is the Burgers vector magnitude. © 2009 The American Physical Society.","","","Article","Final","","Scopus","2-s2.0-72849137609"
"Yu C.; Okita T.; Kawabata T.; Uranaka S.; Li X.","Yu, Chenjun (58776544800); Okita, Taira (7101868879); Kawabata, Tomoya (26643269000); Uranaka, Shohei (57220005710); Li, Xixian (59649624200)","58776544800; 7101868879; 26643269000; 57220005710; 59649624200","The effects of alloying elements on hydrogen-affected generalized stacking fault energy and dislocation behavior in nickel-based alloys","2025","Materials Chemistry and Physics","341","","130907","","","12","10.1016/j.matchemphys.2025.130907","https://www.scopus.com/pages/publications/105002911061?origin=resultslist","Nickel-based alloys are widely used in applications requiring high toughness and ductility. However, the susceptibility of these alloys to hydrogen embrittlement (HE) presents a significant challenge. In this study, first-principles calculations were employed to investigate the generalized stacking fault energy (GSFE) in nickel doped with various alloying elements, including Al, Cr, Cu, Fe, Mn, Mo, Nb, Ti, and W. The semi-discrete variational Peierls-Nabarro model was used to explore the effects of hydrogen and alloying elements on dislocation core width, Peierls stress, and homogeneous dislocation nucleation stress. This research has revealed that the doping of all alloying elements reduces the intrinsic stacking fault energy of Ni, which promotes coplanar slip of dislocations and increases the risk of HE. However, doping also alters the interaction between dislocations and hydrogen. The majority of alloying elements can weaken the binding energy between hydrogen and dislocations and increase the Peierls stress for dislocation slip, thereby inhibiting hydrogen migration through dislocations and hydrogen-induced plastic flow. Notably, Fe, Cr, and Mn exhibit an inhibitory effect on dislocation nucleation at the presence of hydrogen. We have also discovered that the stress required for dislocation nucleation is significantly influenced by the width of the dislocation core, while it is less affected by the stacking fault energy. Previous computational and experimental studies have predominantly emphasized the influence of intrinsic stacking fault energy on HE. This research elucidates that alloying elements can enhance the material's resistance to HE by modifying the properties of dislocations. These findings provide a deeper understanding of the complex mechanisms behind HE in nickel-based alloys and offer insights for designing materials with improved resistance to hydrogen-induced degradation. © 2025 The Authors","First-principles; Hydrogen enhanced localized plasticity; Nickel; Peierls-Nabarro model; Stacking fault energy","Chromium alloys; Copper alloys; Dislocations (crystals); Iron alloys; Manganese alloys; Molybdenum alloys; Neodymium alloys; Nickel alloys; Niobium alloys; Sodium alloys; Stacking faults; Titanium alloys; Dislocation core; Dislocation nucleation; Fault energy; First principles; Generalized stacking fault energies; Hydrogen-enhanced localized plasticities; Nickel based alloy; Peierls-Nabarro model; Stacking fault energy; Stackings; Hydrogen embrittlement","Article","Final","All Open Access; Hybrid Gold Open Access","Scopus","2-s2.0-105002911061"
"Hillel G.; Meshi L.; Shimon S.; Kalabukhov S.; Frage N.; Zaretsky E.B.","Hillel, G. (57214793253); Meshi, L. (6506814598); Shimon, S. (57404909200); Kalabukhov, S. (23110877800); Frage, N. (7003488102); Zaretsky, E.B. (7005189644)","57214793253; 6506814598; 57404909200; 23110877800; 7003488102; 7005189644","Shock wave study of precipitation hardening of beryllium copper","2022","Materials Science and Engineering: A","834","","142599","","","13","10.1016/j.msea.2022.142599","https://www.scopus.com/pages/publications/85122503599?origin=resultslist","Based on three series of planar impact tests performed on beryllium copper samples, having thickness 0.25–6 mm, individual contributions of beryllium clusters (in the as quenched supersaturated solid solution), Guinier-Preston zones (GP, formed following ageing at 300°C for 26 min) and metastable γ"" precipitates (crystallizing after 400 min ageing at 300°C) to the strength of alloy were quantified along with corresponding activation volumes. These data being coupled with Transmission Electron Microscopy evaluation of geometry and statistics of GP and γ"" precipitates, made determination of the resistance τp to dislocation motion (Peierls stress) of the lattices of these particles possible. The great difference between values measured in these two cases, namely 3.7 GPa for GP and 1.4 GPa for the γ"" precipitates may be considered as an additional confirmation of the fact that in these two cases the strengthening occurs due to different phases. © 2022 Elsevier B.V.","Beryllium bronze; Planar impact testing; Precipitate strength; TEM","Beryllium; Copper; Hardening; Hardness; High resolution transmission electron microscopy; Impact testing; Shock testing; Activation volume; Beryllium bronze; Dislocation motion; Guinier-Preston zones; Metastables; Planar impact testing; Precipitate strength; Shock-waves; TEM; γ' precipitates; Bronze","Article","Final","","Scopus","2-s2.0-85122503599"
"Wang Z.; Laird C.","Wang, Zhirui (57202267926); Laird, Campbell (7102971263)","57202267926; 7102971263","Relationship between loading process and Masing behavior in cyclic deformation","1988","Materials Science and Engineering A","101","C","","L1","L5","27","10.1016/0921-5093(88)90072-X","https://www.scopus.com/pages/publications/0024012144?origin=resultslist","Masing behavior was investigated based upon the observed shapes of hysteresis loops in polycrystalline copper cycled with different loading methods. It was found that ramp-loaded specimens showed strong Masing behavior, whereas specimens tested in load control behaved much less in this aspect. To understand the above results, an elastic-perfect plastic multiphase model was given and friction stress and back stress analyses were carried out in support. The mechanism and results given in this letter are consistent with other results on cyclic deformation which contribute to understanding Masing behavior. © 1988.","","METALS AND ALLOYS - Plasticity; METALS TESTING - Elasticity; CYCLIC DEFORMATION; ELASTIC-PERFECT PLASTIC MULTIPHASE MODEL; LOADING PROCESS; MASING BEHAVIOR; COPPER AND ALLOYS","Article","Final","All Open Access; Hybrid Gold Open Access","Scopus","2-s2.0-0024012144"
"Liu X.; Zhou X.; Kuang F.; Zuo H.; Huang J.","Liu, Xueshen (57216369898); Zhou, Xincong (7410092127); Kuang, Fuming (57196390698); Zuo, Houxiu (57222871818); Huang, Jian (57196372490)","57216369898; 7410092127; 57196390698; 57222871818; 57196372490","Mechanical and Tribological Properties of Nitrile Rubber Reinforced by Nano-SiO2: Molecular Dynamics Simulation","2021","Tribology Letters","69","2","54","","","54","10.1007/s11249-021-01427-9","https://www.scopus.com/pages/publications/85104125016?origin=resultslist","This paper investigated the mechanism of enhancing the mechanical and tribological properties of nitrile rubber (NBR) via the addition of nano-SiO2 on the molecular scale. Molecular dynamics (MD) simulations were performed on molecular structure models of pure NBR, NBR/SiO2, and three-layer friction pairs. The results showed that the hydrogen bonds and interfacial interaction between nano-SiO2 and NBR molecular chains decreased the fractional free volume of NBR nanocomposites and increased the shear modulus of NBR by 25% compared with that of pure NBR. During the friction process, nano-SiO2 decreased the radius of gyration of NBR molecular chains and effectively lowered the peak atomic velocity, the peak temperature, and the peak friction stress at the interface between NBR and copper atoms. The average friction stress on NBR/SiO2 was 34% lower than that on NBR, which meant the tribological properties of NBR were significantly improved by nano-SiO2. The mechanism of nano-SiO2-reinforcing NBR on a molecular scale can lay a theoretical foundation for the design of water-lubricated rubber bearings. © 2021, The Author(s), under exclusive licence to Springer Science+Business Media, LLC, part of Springer Nature.","Mechanical and tribological properties; Molecular dynamics simulation; Nano-SiO<sub>2</sub>; Nitrile rubber","Cyanides; Friction; Hydrogen bonds; Molecules; Nonmetallic bearings; Reinforcement; Rubber; Silica; Silicon; SiO2 nanoparticles; Tribology; Fractional free volume; Interfacial interaction; Mechanical and tribological properties; Molecular dynamics simulations; Molecular structure models; Theoretical foundations; Tribological properties; Water lubricated rubber bearings; Molecular dynamics","Article","Final","","Scopus","2-s2.0-85104125016"
"Shan X.; Qi H.; Wang L.; Xie T.","Shan, Xiaobiao (15127770200); Qi, Haiqun (7202348855); Wang, Lili (57211868566); Xie, Tao (35220721300)","15127770200; 7202348855; 57211868566; 35220721300","A new model of the antifriction effect on wiredrawing with ultrasound","2012","International Journal of Advanced Manufacturing Technology","63","9-12","","1047","1056","16","10.1007/s00170-012-3976-8","https://www.scopus.com/pages/publications/84870062869?origin=resultslist","Abstract This paper presents a new mathematical model of wiredrawing with ultrasonic vibration based on the nonlocal friction theorem for overcoming the inadequacy in describing the friction effect by the conventional classical Coulomb friction model. The friction stress distribution, the contact pressure distribution, and the drawing force were obtained by employing Taylor's series, von Mises yield criterion, the velocity field theorem, power balance analysis, and a numerical solution method developed in MATLAB®. The ultrasonic antifriction effects of three different wires, including a copper wire, a stainless steel wire, and a titanium wire, were evaluated. The results point out that the antifriction effect of ultrasound on the titanium wire is the most obvious and then followed by the stainless steel wire and the copper wire; the ultrasonic amplitude has observable effects on the drawing force reduction, while the drawing speed has no visible effect on the drawing force. The experimental system of wiredrawing with ultrasound was designed. The experimental results verify the validity of the modeling and the theoretical analysis. The present work provides a new methodology to predict the contact mechanics and tribology property of wiredrawing with ultrasound for metals, especially for difficult-to-draw materials. ©Springer-Verlag London Limited 2012.","Antifriction effect; Difficult-to-draw material; Nonlocal friction; Ultrasonic wiredrawing; Velocity field","Deformation; Friction; Stress concentration; Titanium; Tribology; Ultrasonics; Velocity; Wire drawing; Antifriction effect; Contact Mechanics; Contact pressure distribution; Copper wires; Coulomb friction models; Drawing force; Drawing speed; Experimental system; Friction effect; Friction stress; New mathematical model; Non-local friction; Numerical solution method; Power balance; Stainless steel wires; Taylor's series; Titanium wires; Tribology properties; Ultrasonic amplitude; Ultrasonic vibration; Velocity field; Von Mises yield criterion; Wire","Article","Final","","Scopus","2-s2.0-84870062869"
"Mughrabi H.","Mughrabi, Hael (7005610832)","7005610832","Implications of linear relationships between local and macroscopic flow stresses in the composite model","2006","International Journal of Materials Research","97","5","","594","596","5","10.3139/146.101276","https://www.scopus.com/pages/publications/33745598182?origin=resultslist","Earlier results obtained by X-ray diffraction studies on tensile-deformed [001]-orientated copper single crystals have recently been re-assessed with respect to the evolution of the long-range internal stresses and the local flow stresses of the dislocation cell walls and the cell interiors. It was noted that the magnitudes of the long-range internal stresses and of the local flow stresses increase in good approximation linearly with the applied macroscopic flow stress. In the present work, the results of a similar analysis of earlier published X-ray data, which were obtained on tensile-de-formed [001]-orientated Cu-Mn single crystals, are reported. When the friction stress of the alloy is taken into account, similar linear relationships to the case of deformed [001]-orientated copper single crystals were obtained. The implications of these results are analyzed in the framework of the composite model of crystal plasticity. It is shown that linear relationships of the type considered imply, in terms of the composite model, that the ratio between the local dislocation densities in the dislocation cell walls and the cell interiors must remain constant during deformation. This result is discussed with respect to the experimentally obtained data on local dislocation densities.","Composite model; Local flow stresses; Long-range internal stresses; Plastic deformation","Composite materials; Copper; Friction; Plastic deformation; Plastic flow; Residual stresses; Single crystals; X ray diffraction; Composite models; Local flow stresses; Long-range internal stresses; Macroscopic flow stresses; Stress analysis","Article","Final","","Scopus","2-s2.0-33745598182"
"Lloyd S.J.; Castellero A.; Giuliani F.; Long Y.; Mclaughlin K.K.; Molina-Aldareguia J.M.; Stelmashenko N.A.; Vandeperre L.J.; Clegg W.J.","Lloyd, S.J. (55727789600); Castellero, A. (6602583489); Giuliani, F. (7006179892); Long, Y. (25825186300); Mclaughlin, K.K. (12753985400); Molina-Aldareguia, J.M. (6602977547); Stelmashenko, N.A. (6602744573); Vandeperre, L.J. (7004491122); Clegg, W.J. (7101872664)","55727789600; 6602583489; 7006179892; 25825186300; 12753985400; 6602977547; 6602744573; 7004491122; 7101872664","Observations of nanoindents via cross-sectional transmission electron microscopy: A survey of deformation mechanisms","2005","Proceedings of the Royal Society A: Mathematical, Physical and Engineering Sciences","461","2060","","2521","2543","80","10.1098/rspa.2005.1470","https://www.scopus.com/pages/publications/33644536187?origin=resultslist","Examination of cross-sections of nanoindents with the transmission electron microscope has recently become feasible owing to the development of focused ion beam milling of site-specific electron transparent foils. Here, we discuss the development of this technique for the examination of nanoindents and survey the deformation behaviour in a range of single crystal materials with differing resistances to dislocation flow. The principal deformation modes we discuss, in addition to dislocation flow, are phase transformation (silicon and germanium), twinning (gallium arsenide and germanium at 400 8C), lattice rotations (spinel), shear (spinel), lattice rotations (copper) and lattice rotations and densification (TiN/NbN multilayers). The magnitude of the lattice rotation, about the normal to the foil, was measured at different positions under the indents. Indents in a partially recrystallized metallic glass Mg 66Ni20Nd14 were also examined. In this case a low-density porous region was formed at the indent tip and evidence of shear bands was also found. Further understanding of indentation deformation will be possible with threedimensional characterization coupled with modelling which takes account of the variety of competing deformation mechanisms that can occur in addition to dislocation glide. Mapping the lattice rotations will be a particularly useful way to evaluate models of the deformation process. © 2005 The Royal Society.","Focused ion beam; Lattice rotations; Nanoindentation; Peierls stress; Shear bands; Transmission electron microscope","Arsenic compounds; Crystal lattices; Deformation; Dislocations (crystals); Electrons; Focused ion beams; Gallium alloys; Gallium compounds; Germanium; Ions; Liquid metals; Metallic glass; Nanoindentation; Rotation; Semiconducting gallium; Semiconductor quantum wires; Shear bands; Single crystals; Surveys; Transmission electron microscopy; Cross sectional transmission electron microscopy; Deformation behaviour; Deformation mechanism; Deformation modes; Deformation process; Dislocation flow; Dislocation glide; Focused ion beam milling; Gallium arsenide; Indentation deformation; Lattice rotations; Nanoindents; Peierls stress; Phase transformation; Single-crystal materials; Site-specific; Transmission electron microscope; Electron microscopes","Article","Final","","Scopus","2-s2.0-33644536187"
"Nagarjuna S.; Srinivas M.; Balasubramanian K.; Sarma D.S.","Nagarjuna, S. (6701685502); Srinivas, M. (59633544000); Balasubramanian, K. (57819246600); Sarma, D.S. (16430798300)","6701685502; 59633544000; 57819246600; 16430798300","Influence of polycrystalline grain size on yield and flow stress in Cu-1.5wt% Ti alloy","1994","Scripta Metallurgica et Materiala","30","12","","1593","1597","25","10.1016/0956-716X(94)90314-X","https://www.scopus.com/pages/publications/0028457114?origin=resultslist","[No abstract available]","","Composition; Cooling; Copper alloys; Dislocations (crystals); Grain boundaries; Hardening; Quenching; Strain; Strengthening (metal); Stresses; Titanium alloys; Dislocation density; Flow stress; Friction stress; Hall-Petch equation; Polycrystalline grain size; Grain size and shape","Article","Final","","Scopus","2-s2.0-0028457114"
"Hughes E.J.; Rutherford J.L.","Hughes, E.J. (7203072717); Rutherford, J.L. (35894805500)","7203072717; 35894805500","Microstrain in continuously reinforced tungsten-copper composites","1969","ASTM Special Technical Publication","STP 460","","","562","572","2","10.1520/STP49842S","https://www.scopus.com/pages/publications/84967009831?origin=resultslist","The microstrain characteristics of continuously reinforced tungsten-copper composites have been studied as a function of volume fraction of fibers and prestrain. In the unstrained condition, the dislocation friction stress of all of the specimens studied had a value of approximately 0.28 kgf/mm2 (400 psi). The initial microyield stress, however, was dependent on the volume fraction of fibers, and a linear relationship was observed. Both the friction stress and microyield stress were prestrain dependent. The rate of increase of both of these quantities was dependent on the volume fraction of fibers. The results are discussed qualitatively in terms of high dislocation density regions in the copper matrix surrounding the fibers, which arise from stresses in the matrix as a result of the differential contraction between the tungsten and copper during fabrication. © 1969 by ASTM International.","Copper; Evaluation; Fiber composites; Fiber spacing; Mechanical properties; Strains; Stresses; Tests; Tungsten","Copper; Elasticity; Fibers; Friction; Metallic matrix composites; Reinforced plastics; Structural design; Volume fraction; Continuously reinforced; Evaluation; Fiber spacing; Fibre composites; Friction stress; Micro-strain; Micro-yield stress; Pre-strain; Test; Tungsten-copper composites; Tungsten","Conference paper","Final","","Scopus","2-s2.0-84967009831"
"Meng Q.; Chang M.","Meng, Qinghua (55507488700); Chang, Mengzhou (57193550126)","55507488700; 57193550126","Interfacial crack propagation between a rigid fiber and a hyperelastic elastomer: Experiments and modeling","2020","International Journal of Solids and Structures","188-189","","","141","154","23","10.1016/j.ijsolstr.2019.10.006","https://www.scopus.com/pages/publications/85073820722?origin=resultslist","The interfacial adhesion between a metal fiber and an elastomer plays a key role in maintaining the structural integrity of stretchable interconnect composites under large strains, but their interfacial adhesion mechanisms have remained elusive. To this end, the interfacial debonding behavior and physical mechanisms between a rigid metal fiber and hyperelastic elastomer matrix are investigated by means of fiber pullout tests and numerical modeling. An improved cylindrical specimen is adopted for a copper fiber pulling out from polydimethylsiloxane (PDMS). A numerical model is developed to simulate the interfacial cracking using the Yeoh hyperelastic model and cohesive damage model. We report a first-of-its-kind experimental observation on the pullout process of a rigid fiber from elastomers. The results demonstrate that there exist three stages in the fiber pullout process: elastic deformation, interfacial debonding and interfacial friction. The interfacial shear strength between the rigid fiber and the PDMS is proportional to the reciprocal of the mixing ratio of the PDMS, and the interfacial friction stress varies inversely with the 1.25 power of the mixing ratio. Enhancing the mixing ratio of the PDMS decreases the strength of both the PDMS and the interface between the PDMS and the metallic materials while increasing their ultimate stretch due to a decrease of chemical crosslinking degree within the PDMS and at the interface between the PDMS and the metallic materials. The results obtained from the numerical model agree well with the experimental data. This work can aid in the design of advanced stretchable interconnect composites. © 2019 Elsevier Ltd","Elastomer; Fiber pullout test; Interfacial debonding; Rigid fiber; Yeoh hyperelastic model","Adhesion; Cracks; Crosslinking; Debonding; Elasticity; Elastomers; Fibers; Friction; Melt spinning; Metals; Microchannels; Mixing; Plastics; Polydimethylsiloxane; Silicones; Chemical cross-linking; Fiber pull-out test; Hyperelastic models; Interfacial crack propagation; Interfacial debonding; Interfacial shear strength; Polydimethylsiloxane PDMS; Rigid fibers; Numerical models","Article","Final","","Scopus","2-s2.0-85073820722"
"Duesbery M.S.","Duesbery, M.S. (7003638706)","7003638706","Dislocation motion, constriction and cross-slip in fcc metals","1998","Modelling and Simulation in Materials Science and Engineering","6","1","","35","49","76","10.1088/0965-0393/6/1/005","https://www.scopus.com/pages/publications/0031707637?origin=resultslist","A Finnis/Sinclair-type interatomic potential for copper is used to examine the properties of dissociated screw dislocations in the face-centred cubic lattice. The critical stress for dislocation motion is found to be a sensitive function of the partial dislocation separation, with a lower limit at least 85% smaller than the Peierls stress. The constriction of Heidenreich-Shockley partials is modelled using an applied stress which interacts only with the edge Burgers vectors; recombination is not observed, but there is a critical separation below which the potential energy of the dislocation rises very rapidly. The classical model of cross-slip, in which the dislocation cannot leave its slip plane unless it is fully constricted, is found to be incorrect. Instead, cross-slip is possible at all partial separations, provided the driving stress is large enough. Finally, a new mechanism for cross-slip nucleation is described.","","Crystal lattices; Dislocations (crystals); Mathematical models; Nucleation; Stress analysis; Vectors; Burgers vectors; Cross slip nucleation; Face centered cubic (FCC) metals; Finnis/Sinclair interatomic potential; Heidenreich-Schockley partial dislocations; Copper","Article","Final","All Open Access; Bronze Open Access","Scopus","2-s2.0-0031707637"
"Yoo M.H.; Takasugi T.; Hanada S.; Izumi O.","Yoo, M.H. (23370610100); Takasugi, T. (16220871600); Hanada, S. (7203001898); Izumi, O. (7006853634)","23370610100; 16220871600; 7203001898; 7006853634","Slip Modes in B2-Type Intermetallic Alloys","1990","Materials Transactions, JIM","31","6","","435","442","127","10.2320/matertrans1989.31.435","https://www.scopus.com/pages/publications/0025439852?origin=resultslist","The slip systems reported in B2-type ordered intermetallic alloys are overviewed on the basis of energetic and kinetic aspects of dislocation motion. The large elastic shear anisotropy in most B2 alloys and its increase with increasing hypostoichiometry and decreasing temperature are indicative of a lattice instability, which leads to a {110}<110) displacive transformation, not slip deformation. The orientation dependence of the yield stress for <111> slip directions at low temperatures can be explained by the Peierls-Nabarro model modified by the anisotropic coupling effect of nonglide stress. Some other thermally activated mechanism must be responsible, however, for the yield behavior of B2 alloys at elevated temperatures. The <001> slip directions observed in NiAl and CoTi are best rationalized in terms of the APB energy concept. The importance of mobile dislocation density and dislocation multiplication mechanisms is emphasized. The reason why NiAl does not show the anomalous temperature dependence of yield strength while CoTi does is not clear, and further research efforts in this area are recommended. © 1990, The Japan Institute of Metals. All rights reserved.","APB energy; B2-type intermetallic alloy; dislocation motion; elastic anisotropy; lattice instability; Peierls stress; slip system","Cobalt Titanium Alloys - Microstructure; Copper Zinc Alloys - Microstructure; Metallography - Lattice Defects; Nickel Aluminum Alloys - Microstructure; Silver Magnesium Alloys - Microstructure; Antiphase Boundary Energy; Dislocation Density; Dislocation Mobility; Elastic Constant; Nickel Aluminide; Superdislocations; Intermetallics","Article","Final","All Open Access; Gold Open Access","Scopus","2-s2.0-0025439852"
"Tsuzuki K.; Ide N.; Asano S.","Tsuzuki, Kazuma (7103367978); Ide, Naoki (56150215800); Asano, Shigeru (7202329164)","7103367978; 56150215800; 7202329164","Computer simulation of the elementary process of solid solution hardening in copper alloys","2002","Nippon Kinzoku Gakkaishi/Journal of the Japan Institute of Metals","66","7","","728","734","1","10.2320/jinstmet1952.66.7_728","https://www.scopus.com/pages/publications/0036630723?origin=resultslist","The elementary process of solid solution hardening is the dislocation motion overcoming solute atoms in a crystal. The motion of an extended dislocation in Cu-Au solid solution alloy has been investigated by molecular dynamics simulation using Morse-type potential. Firstly, the equilibrium core structure of an extended dislocation is constructed in a pure Cu crystal. The spacing of partial dislocations is 5.2 nm for the edge dislocation and 1.8 nm for the screw dislocation. These results are consistent with experimental observations. The Peierls stress is 12 × 10-4 G for the edge dislocation and 20 × 10-4 G for the screw dislocation, where G is the shear modulus. Substitutional solute Au atoms are inserted into the region adjacent to the slip plane in front of the extended dislocation, and shear stress is applied to the crystal. The stress required to make the dislocation pass over Au atoms is 123-146 × 10-4 G for the edge dislocation and 112-126 × 10-4 G for the screw dislocation. The stress to move the screw dislocation is comparable to that to move the edge dislocation on condition of the same solute content. Thus, not only the edge dislocations but also the screw dislocations contribute to the initial stage of slip deformation in Cu-Au solid solution alloys.","Computer simulation; Copper alloys; Dislocation core; Extended dislocation; Face centered cubic structure; Molecular dynamics; Peierls stress; Solid solution hardening","Gold; Hardening; Molecular dynamics; Shear stress; Solid solutions; Face centered cubic structures; Copper alloys","Article","Final","All Open Access; Bronze Open Access","Scopus","2-s2.0-0036630723"
"Whang S.H.; Feng Q.; Gao Y.-Q.","Whang, S.H. (7006161803); Feng, Q. (59585181500); Gao, Y.-Q. (59807198800)","7006161803; 59585181500; 59807198800","Ordering, deformation and microstructure in L10 type FePt","1998","Acta Materialia","46","18","","6485","6495","90","10.1016/S1359-6454(98)00311-5","https://www.scopus.com/pages/publications/0032204936?origin=resultslist","The long-range order (LRO) parameters for L10 FePt have been determined by the X-ray diffraction method from powder specimens as functions of time and temperature from 773 K to near 1573 K. By and large, the ordering takes place rapidly below Tc and reaches as high as 0.85 even at 773 K in the first 30 min. The LRO value is about 0.81 near Tc (1573 K) before it drops abruptly to zero at 1573 K. As a result, the order-disorder transformation in FePt is concluded to be a first-order phase transformation. Deformation behavior in an L10 type FePt alloy was investigated through both compressive and tensile deformation from room temperature (RT) to 1073 K. The negative temperature dependence of yield stress in this alloy contrasts with the positive dependence in L10 type TiAl. The elongation increases exponentially with temperature and reaches ∼6% at 873 K. The strain rate sensitivity parameter against temperature is similar to those found in silver and copper, where the non-zero minimum is centered in a broad basin. This indicates that the temperature-dependent deformation in the range of RT to 1073 K is analogous to that of some face-centered cubic metals, but significantly different from that of L10 TiAl. The deformation structure investigated by TEM shows that slip and twinning are the two major deformation mechanisms. The identified slip systems include 1/2[110]{111}; 〈101]{111} and 1/2〈112]{111}. The 112〈112]{111} slip system, however, is only active at very low temperatures, e.g. 77 K. The twin system was identified as {111}〈112] type. No pseudo-twinning was found in this alloy. The deformation below RT is mainly carried out by both superdislocations and ordinary dislocations, while above 673 K, it is carried out mainly by ordinary dislocations. The morphology of these dislocations in the entire temperature range indicates that the dislocations do not experience a high Peierls stress contrary to that observed in TiAl. No self-dissociation of superdislocations or APB cross-slip onto cube planes was observed under weak beam conditions. © 1998 Acta Metallurgica Inc. Published by Elsevier Science Ltd. All rights reserved.","","Crystal microstructure; Deformation; Dislocations (crystals); High temperature effects; Morphology; Order disorder transitions; Strain rate; Transmission electron microscopy; X ray diffraction analysis; Yield stress; Long-range order (LRO) parameters; Iron alloys","Article","Final","All Open Access; Hybrid Gold Open Access","Scopus","2-s2.0-0032204936"
"Zhong Y.; Sakaguchi T.; Yin F.","Zhong, Yong (56264476600); Sakaguchi, Takuya (7202935614); Yin, Fuxing (7202679517)","56264476600; 7202935614; 7202679517","Effects of transformation twin on Hall-Petch relationship in MnCu alloy","2008","Materials Science and Engineering: A","492","1-2","","419","427","43","10.1016/j.msea.2008.04.035","https://www.scopus.com/pages/publications/47249114907?origin=resultslist","MnCu high damping alloys bear the transforms from face centred cubic (FCC) phase to face centred tetragonal (FCT) phase with formation of the {1 0 1} twin boundaries. In the present work, a commercial M2052 (Mn-20Cu-5Ni-2Fe) high damping alloy was adopted, in order to characterize the features of transformation twins in the specimens with different grain sizes. For this purpose, the yield strengths, the phase transformation points (Tp) and the axes ratio (c/a) of M2052 with different grain sizes were determined by tensile tests, dynamic mechanical analysis (DMA) and X-ray diffraction (XRD), respectively. The results indicated that the effects of twinning structure on the yield strength of the MnCu alloy can be divided into two terms; a grain-size-independent term and a grain-size-dependent term. The grain-size-independent term influences the nominal friction stress (σ∞) and the grain-size-dependent term influences the Hall-Petch (HP) slope (k) of the specimens significantly. Analysis of the experimental data shows that the formation of twins in M2052 is affected by not only aging treatment prior to phase transformation, but also the grain size of the FCC phase. Higher nominal friction stress observed in the specimens with longer time aging treatment would be due to the higher twin density, and the decrease of HP slope would be due to the grain-size dependence of twin density and axes ratio. It indicated that even under the same aging condition, the twin densities in larger grain-sized specimens would be higher than those in smaller grain-sized specimens. © 2008 Elsevier B.V. All rights reserved.","Aging; Electron backscatter diffraction (EBSD); Hall-Petch (HP) relationship; MnCu alloy; Transformation twin","Binary alloys; Copper alloys; Damping; Dynamic mechanical analysis; Friction; Grain size and shape; Iron alloys; Manganese alloys; Metadata; Tensile testing; X ray diffraction; Axis ratio; Electron back scatter diffraction; Electron backscatter diffraction; Face-centered cubic phasis; Grainsize; Hall Petch relationship; High damping alloys; MnCu alloy; Transformation twin; Yield stress","Article","Final","","Scopus","2-s2.0-47249114907"
"Zolotorevsky N.Yu.; Solonin A.N.; Churyumov A.Yu.; Zolotorevsky V.S.","Zolotorevsky, N.Yu. (6603004288); Solonin, A.N. (7004902848); Churyumov, A.Yu. (23990391200); Zolotorevsky, V.S. (6507159681)","6603004288; 7004902848; 23990391200; 6507159681","Study of work hardening of quenched and naturally aged Al-Mg and Al-Cu alloys","2009","Materials Science and Engineering: A","502","1-2","","111","117","120","10.1016/j.msea.2008.10.010","https://www.scopus.com/pages/publications/58849139137?origin=resultslist","A comparative study on the work hardening of Al-Mg and Al-Cu alloys was carried out using a Kocks-Mecking-Estrin type analysis of stress-strain curves obtained in tension tests at constant loading rate. As a result of the analysis, dependencies of forest dislocation storage and dynamic recovery rates on the Mg and Cu concentration have been derived. The work hardening behavior and the microstructure formation in the Al-Mg and Al-Cu alloys were shown to be similar despite the opposite effects of Cu and Mg on stacking fault energy as well as the differences in solute atom size and friction stress. The influence of alloying on the work hardening peculiarities and the dislocation substructure evolution was discussed in connection with the effects of solute-dislocation interaction. © 2008 Elsevier B.V. All rights reserved.","Al-Cu alloys; Al-Mg alloys; Flow stress; Modeling; Work hardening","Binary alloys; Copper alloys; Magnesium alloys; Strain hardening; Stress-strain curves; Tensile testing; Comparatives studies; Constant loading; Dynamic recovery; Loading rate; Modeling; Naturally aged; Storage recoveries; Stress/strain curves; Tension tests; Type analysis; Aluminum alloys","Article","Final","","Scopus","2-s2.0-58849139137"
"Lagergren J.; Wanhelm T.; Precz W.; Henningsen P.; Arentoft M.; Jonsson N.-G.","Lagergren, Jonas (7005124004); Wanhelm, Terras (14029316800); Precz, Woljtech (14029204500); Henningsen, Poul (16229911500); Arentoft, Mogens (6602562968); Jonsson, Nlis-Göran (55405213000)","7005124004; 14029316800; 14029204500; 16229911500; 6602562968; 55405213000","A new transducer for local load measurements of friction and roll pressure in cold flat rolling","2006","Steel Research International","77","6","","430","438","5","10.1002/srin.200606410","https://www.scopus.com/pages/publications/33745616090?origin=resultslist","The only way to establish the true rolling pressure and the true friction condition in cold rolling is to conduct measurements in the roll bite. A new transducer design is therefore proposed, in order to overcome problems in previous measurements In the past 70 years. The new idea Is to increase the contact surface of the transducer, to be larger than the arc of contact. This Is in contrast to the smaller and smaller contact pin design that has been prevailing. The measurements were conducted during cold dry rolling of both copper strips and stainless steel strips In a pilot mill. The recordings were selected from a steady state with no disturbance from the material flow. The transducer was able to simultaneously measure both the normal pressure and the friction stress. An estimation of the coefficient of friction was accordingly performed. The new transducer works very well, it was seen to be robust and able to avoid signal disturbance. The pressure and friction stress distribution results was as expected by the authors and showed good reproducibility, together with a proven agreement between recorded and simulated signals.","Cold flat rolling of metals; Friction stress; Normal pressure distribution; Roll bite measurements","Cold rolling; Computer simulation; Friction; Robustness (control systems); Stainless steel; Strip metal; Cold flat rolling of metals; Friction stress; Normal pressure distribution; Roll bite measurements; Transducers","Article","Final","","Scopus","2-s2.0-33745616090"
"Shen Z.; Qiu N.; Liang Z.; Zuo X.","Shen, Zhuang (57320548300); Qiu, Nianshuang (57219220900); Liang, Zhiyuan (55623240400); Zuo, Xiaowei (16481698600)","57320548300; 57219220900; 55623240400; 16481698600","Control of deformation mechanisms in high-manganese austenitic steel through cryogenic treatment and Aging: Effects of stacking fault energy and nanoprecipitates","2025","Journal of Materials Research and Technology","38","","","6304","6314","8","10.1016/j.jmrt.2025.09.080","https://www.scopus.com/pages/publications/105025648071?origin=resultslist","This study investigates the effects of deep cryogenic treatment (DCT) followed by aging on the microstructure, deformation mechanisms, and mechanical properties of a metastable Fe–14.5Mn–0.6C-0.9Cu austenitic steel. Such heat treatment leads to austenite grain refinement, enhanced carbon partitioning and promoted formation of the FCC-type Cu-containing nanoprecipitates. These microstructural modifications collectively stabilize austenite by increasing the stacking fault energy (SFE). Thermodynamic modeling and transmission electron microscopy based measurements reveal that the SFE increases from ∼14.0 mJ/m2 in the as-received condition to ∼17.5–24.9 mJ/m2 after DCT and aging. This SFE elevation suppresses strain-induced martensitic transformation and promotes deformation twinning, thereby shifting the dominant deformation mechanism from TRIP to a synergistic TRIP + TWIP regime. Furthermore, Cu-containing nanoprecipitates increase the friction stress for dislocation slip, raising the critical shear stress for stacking fault formation and further promoting twinning over martensitic transformation. The enhanced strain-hardening behavior and improved strength–ductility balance are attributed to the combined effects of increased SFE and dislocation mechanism regulation. This work provides new insights into the design of high-performance high-Mn steels through precise control of phase stability and deformation mode via thermomechanical and precipitation engineering. © 2025 The Authors.","Austenitic steel; Heat treatment; Nanoprecipitate; Transformation-induced plasticity; Twinning-induced plasticity","Austenite; Austenitic transformations; Copper alloys; Cryogenics; Grain refinement; Manganese alloys; Manganese steel; Plasticity; Precipitation (chemical); Stacking faults; Strain hardening; Transformation Induced Plasticity steel; Transmission electron microscopy; Twinning; Austenitic; Deep cryogenic treatment; Deformation mechanism; Fault energy; High-manganese austenitic steels; Nanoprecipitate; Stackings; Transformation induced plasticity; Treatment effects; Twinning-induced plasticities; Heat treatment; Martensitic transformations","Article","Final","All Open Access; Gold Open Access; Green Open Access","Scopus","2-s2.0-105025648071"
"Shehadeh M.A.; Lu G.; Banerjee S.; Kioussis N.; Ghoniem N.","Shehadeh, M.A. (9332857800); Lu, G. (35269681100); Banerjee, S. (7404545711); Kioussis, N. (7003279811); Ghoniem, N. (7005587839)","9332857800; 35269681100; 7404545711; 7003279811; 7005587839","Dislocation transmission across the Cu/Ni interface: A hybrid atomistic-continuum study","2007","Philosophical Magazine","87","10","","1513","1529","27","10.1080/14786430601055379","https://www.scopus.com/pages/publications/33847196814?origin=resultslist","The strengthening mechanisms in bimetallic Cu/Ni thin layers are investigated using a hybrid approach that links the parametric dislocation dynamics method with ab initio calculations. The hybrid approach is an extension of the Peierls-Nabarro (PN) model to bimaterials, where the dislocation spreading over the interface is explicitly accounted for. The model takes into account all three components of atomic displacements of the dislocation and utilizes the entire generalized stacking fault energy surface (GSFS) to capture the essential features of dislocation core structure. Both coherent and incoherent interfaces are considered and the lattice resistance of dislocation motion is estimated through the ab initio-determined GSFS. The effects of the mismatch in the elastic properties, GSFS and lattice parameters on the spreading of the dislocation onto the interface and the transmission across the interface are studied in detail. The hybrid model shows that the dislocation dissociates into partials in both Cu and Ni, and the dislocation core is squeezed near the interface facilitating the spreading process, and leaving an interfacial ledge. The competition of dislocation spreading and transmission depends on the characteristics of the GSFS of the interface. The strength of the bimaterial can be greatly enhanced by the spreading of the glide dislocation, and also increased by the pre-existence of misfit dislocations. In contrast to other available PN models, dislocation core spreading in the two dissimilar materials and on their common interface must be simultaneously considered because of the significant effects on the transmission stress.","","Copper; Grain boundaries; Lattice constants; Mathematical models; Nickel; Stacking faults; Ab initio calculations; Bimaterials; Dislocation transmission; Generalized stacking fault energy surface (GSFS); Dislocations (crystals)","Article","Final","","Scopus","2-s2.0-33847196814"
"Barik R.K.; Biswal S.; Dutta A.; Chakrabarti D.; Ghosh A.","Barik, Rakesh Kumar (57210284607); Biswal, Sankalp (57224210539); Dutta, Amlan (59511792800); Chakrabarti, Debalay (12792743400); Ghosh, Abhijit (35596116900)","57210284607; 57224210539; 59511792800; 12792743400; 35596116900","Effect of solute distribution on the screw dislocation motion in bcc Fe-based systems","2023","Computational Materials Science","226","","112211","","","14","10.1016/j.commatsci.2023.112211","https://www.scopus.com/pages/publications/85153241930?origin=resultslist","Screw dislocation motion in bcc Fe plays an important role in establishing the strong temperature and strain rate sensitivity of flow stress, which in turn promotes the ductile to brittle transition phenomenon in steel. Addition of solute atoms, possessing attractive interaction with screw dislocations, is believed to reduce the flow stress sensitivity of Fe. The present work intends to study the effect of Ni and Cu solute atom distribution on the screw dislocation motion in bcc Fe using molecular statics (MS) and molecular dynamics (MD) simulations. MS simulation results predict that the local distribution of Ni atoms around the screw dislocation greatly influences the Peierls stress of Fe at 0 K temperature, while Cu atom distribution has marginal effect. Moreover, the presence of Ni/Cu atoms ahead of the dislocation line helps to reduce the Peierls stress due to the dislocation-solute attractive interaction. MD simulation was performed on random Fe-Ni and Fe-Cu alloys to determine the effect of solute concentration on the temperature sensitivity of flow stress of Fe. The results showed that addition of Ni/Cu reduces the flow stress sensitivity of Fe by inducing solid solution softening effect at low temperature regime. Ni was found to be more effective than Cu in reducing the flow stress temperature sensitivity of Fe. The rationale behind the softening action of Ni and Cu is discussed in terms of changing the differential displacement plot and unstable stacking fault energy of Fe. © 2023 Elsevier B.V.","Core structure; Dislocation-solute interaction; Flow stress sensitivity; Iron alloys; Screw dislocation","Atoms; Binary alloys; Copper alloys; Crystal structure; Iron alloys; Molecular dynamics; Nickel alloys; Plastic flow; Screws; Strain rate; Temperature; Atom distribution; Attractive interactions; Core structure; Dislocation motion; Dislocation-solute interaction; Effect of solutes; Flow stress sensitivity; Solute atoms; Solute interaction; Stress sensitivity; Screw dislocations","Article","Final","","Scopus","2-s2.0-85153241930"
"Mei X.; Xu Y.; Zhu Y.; Zhao L.; Li Z.; Huang M.","Mei, Xin (57765333700); Xu, Yuzhao (57200519448); Zhu, Yaxin (55589491400); Zhao, Lv (57806693300); Li, Zhenhuan (36606407700); Huang, Minsheng (55725715700)","57765333700; 57200519448; 55589491400; 57806693300; 36606407700; 55725715700","The statistic and fluctuant phenomena of interaction between edge extended dislocation and microvoid in FCC CoCrFeCuNi high entropy alloy","2022","Journal of Nuclear Materials","568","","153884","","","15","10.1016/j.jnucmat.2022.153884","https://www.scopus.com/pages/publications/85132847696?origin=resultslist","Irradiation induced microvoids in nuclear-service materials can act as obstacles for dislocation glide and thus change the mechanical behavior of irradiated materials. High entropy alloy (HEA) is a kind of promising irradiation tolerant material suitable for nuclear application. Obviously, the influence of irradiated microvoids in such material is of scientific significance. For this, the edge extended dislocation-microvoid interaction has been investigated in the present work by atomistic simulations for the FCC CoCrFeCuNi HEA. The emphasis is on the high entropy effect granted by multiple principal elements on the physical parameters, dislocation properties and critical resolved shear stress (CRSS) for dislocation bypassing microvoids. The simulation results illustrate that the stacking fault energy, friction stress and critical resolved shear stress of CoCrFeCuNi are not constant but follow Gaussian distributions. Due to large lattice mismatch, the lattice friction stress for CoCrFeCuNi is two orders of magnitude higher than that for conventional pure metals, such as Cu and Ni. The edge extended dislocations in CoCrFeCuNi present quite tortuous and rugged shape owing to random distribution of multiple principal elements. The stacking fault (SF) width for CoCrFeCuNi is influenced by many factors, including the random friction stress, shear modulus and the stacking fault energy etc, which is different from the conventional metal. Different from conventional pure metals, the CRSS for CoCrFeCuNi may be not totally determined by the detachment of leading partial from the microvoid, the critical state may even occur just before such detachment. Based on the Bacon-Kocks-Scattergood (i.e. BKS) model, an modified CRSS formula for dislocation-microvoid interactions in CoCrFeCuNi has been proposed. The contributions from both the high-level friction stress and the random high-entropy effect have been considered. © 2022","Dislocation-microvoid interaction; High entropy alloy; Irradiation; Stacking fault energy; Statistical distribution","Cobalt alloys; Copper alloys; Critical current density (superconductivity); Entropy; Friction; High-entropy alloys; Iron alloys; Lattice mismatch; Shear flow; Shear stress; Stacking faults; Critical resolved shear stress; Dislocation-microvoid interaction; Entropy effects; Extended dislocations; Fault energy; Friction stress; High entropy alloys; Micro voids; Stacking fault energy; Statistical distribution; Irradiation","Article","Final","","Scopus","2-s2.0-85132847696"
"Zheng Z.; Wu S.; Chen J.; Yan S.; Yu P.; Tian P.; Wang H.; Cheng F.","Zheng, Zhendan (57324399000); Wu, Shaojie (57211928278); Chen, Jiaming (59241605400); Yan, Shuai (55157494800); Yu, Peng (59348733300); Tian, Pengfei (59541353900); Wang, Haijie (59541496100); Cheng, Fangjie (7202811246)","57324399000; 57211928278; 59241605400; 55157494800; 59348733300; 59541353900; 59541496100; 7202811246","Simultaneously improving strength and ductility by direct aging heat treatment in direct energy deposited Ti–Cu alloys with heterogeneous structure","2025","Journal of Materials Science","60","44","","22326","22347","0","10.1007/s10853-025-11668-x","https://www.scopus.com/pages/publications/105020418431?origin=resultslist","It is eternal pursuit to continually break through higher strength–ductility synergy by designing heterogeneous structure in the additively manufactured titanium alloys. In the present study, for the Ti–4Cu titanium alloys fabricated by gas metal arc welding-based direct energy deposition (GMAW-DED), the direct aging heat treatment (DAHT) is designed to optimize the heterogeneous structure comprising of martensite α (α′) and pearlite (P). The results indicate that, with the DAHT of 600 °C, both the yield strength and elongation have been improved, reaching values of 1022 MPa and 14.8%, respectively. The strength–ductility synergy is outstanding among the already reported Ti–Cu alloys with various alloy compositions and various manufacturing processes. The DAHT induces a more balanced α’-P phase ratio (45.7–54.3%) and a larger α′−P hardness difference (3.8 GPa). The strengthening behavior is owing to the increased hetero-deformation-induced (HDI) strengthening of 89 MPa and the increased precipitate strengthening of 44 MPa. The toughening behavior is owing to the increased HDI hardening as manifested by increased ΔρGNDs of 1.76 × 1015 m−2, and the increased forest hardening as manifested by decreased lattice resistance and increased deformation coordination. The present study offers a novel insight for designing heterogeneous structure while maintaining compositional plainification. © The Author(s), under exclusive licence to Springer Science+Business Media, LLC, part of Springer Nature 2025.","","Age hardening; Copper alloys; Strengthening (metal); Titanium; Titanium alloys; Aging heat treatment; Direct aging; Energy; Gas metal-arc welding; Heterogeneous structures; High-strength; Strength and ductilities; Strength-ductility synergies; Ti-Cu alloy; Titanium (alloys); Ductility","Article","Final","","Scopus","2-s2.0-105020418431"
"Bharti A.; Maharaja H.; Mishra S.; Sivaprasad S.; Bhattacharyya A.","Bharti, Adarsh (59543862200); Maharaja, Hitarth (57220813967); Mishra, Sushil (55845419499); Sivaprasad, S. (6602795640); Bhattacharyya, Abir (55875264700)","59543862200; 57220813967; 55845419499; 6602795640; 55875264700","Effect of strain amplitude on low-cycle fatigue behavior of an alpha Cu-Zn alloy","2025","Materials Today Communications","48","","113267","","","5","10.1016/j.mtcomm.2025.113267","https://www.scopus.com/pages/publications/105010413881?origin=resultslist","Low-cycle fatigue (LCF) tests were performed at ambient temperature on annealed single-phase Cu–30 wt% Zn (70/30 brass) at strain amplitudes of 0.4 %, 0.7 %, 1.0 %, and 1.2 % to investigate the effect of strain amplitude on the cyclic stress response. The cyclic stress response exhibits primary hardening, softening, and secondary hardening. The primary hardening and softening increases, while the secondary hardening decreases with increasing strain amplitude. Internal stresses determined from stress-strain hysteresis loops show that back-stress hardening and softening dominate the primary hardening and softening, whereas friction stress is almost constant, leading to Masing behavior. Electron backscatter diffraction (EBSD) analysis revealed that Kernel Average Misorientation (KAM) and low-angle grain boundary (LAGB) fraction increase with increasing strain amplitude, indicating an increase in geometrically necessary dislocation (GND) density and recovery of dislocation substructure with increasing strain amplitude. The recovered substructure determined by softening of back stress reveals the formation of planar slip bands, and the slip band intersection increases with increasing strain amplitude, indicating that Cu-Zn 70/30 is a purely planar slip alloy. During secondary hardening, friction stress increases, and unrecovered corduroy substructure forms. The back stress components were determined based on a modified Chaboche model for different strain amplitudes to calculate the intergranular and intragranular back stresses evolution with increasing cycles and increasing strain amplitudes, and correlated with microstructural evolution. There is competition between the evolution of intergranular and intragranular back stress due to heterogeneous dislocation distributions during cyclic softening. © 2025 Elsevier Ltd","Cu-Zn alloy; Cyclic plasticity; Dislocation substructure; Internal stress; Low cycle fatigue; Masing behavior","Binary alloys; Fatigue of materials; Friction; Hardening; Microstructural evolution; Residual stresses; Ternary alloys; Zinc alloys; Back stress; Cu-Zn alloy; Cyclic plasticity; Dislocation substructures; Effects of strains; Internal stress; Low cycle fatigues; Masing behavior; Secondary Hardening; Strain amplitude; Copper alloys","Article","Final","","Scopus","2-s2.0-105010413881"
"Chen Z.; Kioussis N.; Ghoniem N.; Hasebe T.","Chen, Zhengzheng (16202159500); Kioussis, Nicholas (7003279811); Ghoniem, Nasr (7005587839); Hasebe, Tadashi (7006126198)","16202159500; 7003279811; 7005587839; 7006126198","Lubricant effect of copper nanoclusters on the dislocation core in α-Fe","2008","Physical Review B - Condensed Matter and Materials Physics","77","1","014103","","","16","10.1103/PhysRevB.77.014103","https://www.scopus.com/pages/publications/38349106778?origin=resultslist","Ab initio based calculations reveal that Cu nanoclusters in α-Fe dramatically alter the core structure of a screw dislocation from nonpolarized in pure Fe to polarized. Complementary corroborative atomistic simulations using empirical interatomic potentials reveal that the Cu nanoprecipitate substantially enhances the edge component, which is in agreement with experiment. The core path under shear stress exhibits a stable→ metastable→stable transition. In contrast, Cr clusters do not change the core polarization and increase the Peierls stress, thus hardening Fe. The origin in electronic structure of the Cu lubricant effect in facilitating the shear of atomic rows and the contrasting effects of Cu and Cr is elucidated. © 2008 The American Physical Society.","","","Article","Final","","Scopus","2-s2.0-38349106778"
"Rong Z.; Osetsky Y.N.; Bacon D.J.","Rong, Z. (9332877200); Osetsky, Y.N. (35563491000); Bacon, D.J. (58425117800)","9332877200; 35563491000; 58425117800","A model for the dynamics of loop drag by a gliding dislocation","2005","Philosophical Magazine","85","14","","1473","1493","68","10.1080/14786430500036371","https://www.scopus.com/pages/publications/27944488334?origin=resultslist","Clusters of self-interstitial atoms are formed in metals by high-energy displacement cascades, often in the form of small dislocation loops with a perfect Burgers vector. In isolation, they are able to undergo fast, thermally activated glide in the direction of their Burgers vector, but do not move in response to a uniform stress field. The present work considers their ability to glide under the influence of the stress of a gliding dislocation. If loops can be dragged by a dislocation, it would have consequences for the effective cross-section for dislocation interaction with other defects near its glide plane. The lattice resistance to loop drag cannot be simulated accurately by the elasticity theory of dislocations, so here it is investigated in iron and copper by atomic-scale computer simulation. It is shown that a row of loops lying within a few nanometres of the dislocation slip plane can be dragged at very high speed. The drag coefficient associated with this process has been determined as a function of metal, temperature and loop size and spacing. A model for loop drag, based on the diffusivity of interstitial loops, is presented. It is tested against data obtained for the effects of drag on the stress to move a dislocation and the conditions under which a dislocation breaks away from a row of loops. © 2005 Taylor & Francis Group Ltd.","","Diffusion; Drag; Dynamics; Mathematical models; Stresses; Vectors; Burgers vector; Dislocation slip; Dislocations (crystals)","Article","Final","","Scopus","2-s2.0-27944488334"
"Aoyama S.; Urao R.","Aoyama, Seigi (7102730254); Urao, Ryouichi (6603777048)","7102730254; 6603777048","Effects of grain size and Sn concentration on bending fatigue life of Cu-Sn alloy","2010","Nippon Kinzoku Gakkaishi/Journal of the Japan Institute of Metals","74","1","","49","54","3","10.2320/jinstmet.74.49","https://www.scopus.com/pages/publications/77649162370?origin=resultslist","The effects of grain size and Sn concentration on the bending fatigue life of Cu-Sn alloy were studied. Both the bending fatigue test and tensile test were conducted by using a Cu-Sn alloy under 2.0 mass%Sn with grain size being controlled by annealing. We found that the smaller the grain size, the longer the bending fatigue life of the Cu-Sn alloy and the higher the Sn concentration in copper. A Long bending fatigue life for the Cu-Sn alloy obtained by increasing of 0.2%Proof Stress involves three stress-dependent factors: grain size, friction stress and Hall-Petch constant. Friction stress and the Hall-Petch constant are functions of the Sn concentration in copper. Dislocation structures were found in cell structures after the bending fatigue test observed in Oxygen-free, high-conductivity copper, while the Cu-Sn alloy revealed a uniform distribution structure of dislocation. © 2010 The Japan Institute of Metals.","Annealing; Bending fatigue life; Copper-tin alloy; Dislocation; Grain size; Micro structure","Alloys; Annealing; Bronze; Cerium alloys; Concentration (process); Copper; Fatigue of materials; Fatigue testing; Friction; Grain size and shape; Oxygen; Tensile testing; Titanium compounds; 0.2% Proof stress; Bending fatigue; Bending fatigue tests; Copper-tin alloy; Cu-Sn alloys; Dislocation structures; Friction stress; Grain size; Hall-petch; In-cell; Sn concentration; Stress-dependent; Tensile tests; Uniform distribution; Tin","Article","Final","All Open Access; Bronze Open Access","Scopus","2-s2.0-77649162370"
"Bharti A.; Maharaja H.; Sivaprasad S.; Mishra S.; Bhattacharyya A.","Bharti, Adarsh (59543862200); Maharaja, Hitarth (57220813967); Sivaprasad, S. (6602795640); Mishra, Sushil (55845419499); Bhattacharyya, Abir (55875264700)","59543862200; 57220813967; 6602795640; 55845419499; 55875264700","Effect of strain amplitude on low-cycle fatigue deformation behavior of a Cu-Ni alloy","2026","Materials Science and Engineering: A","949","","149401","","","5","10.1016/j.msea.2025.149401","https://www.scopus.com/pages/publications/105021020914?origin=resultslist","Uniaxial low-cycle fatigue (LCF) experiments were conducted at room temperature on an annealed 70 wt% Cu-30 wt% Ni alloy at different strain amplitudes varying between 0.4 % and 1.2 %. The material exhibits non-Masing behavior, and the cyclic stress responses (CSRs) show a cyclically non-stabilized nature. The CSRs reveal that the primary hardening and softening increase, and the secondary hardening decreases with increasing strain amplitude. Determination of internal stresses attributed the cyclic hardening and softening primarily to an increase in friction stress and a reduction in back stress, respectively. The non-Masing behavior is attributed to differences in both friction stress and back stress. The evolution of internal stress with strain amplitude was rationalized based on microstructural characterization using electron backscattered diffraction (EBSD) and transmission electron microscopy (TEM). EBSD analysis revealed that kernel average misorientation (KAM) and low-angle grain boundary (LAGB) fraction increase with increasing strain amplitude. Determination of back stress components based on cyclic plasticity theory revealed that dislocation annihilation dominates recovery behavior at lower strain amplitudes, whereas dislocation arrangement in the form of LAGBs and well-formed cells become predominant due to increasing activation of cross-slip at higher strain amplitudes, leading to the evolution of dislocation substructure from poorly formed cells to a clear cellular substructure with increasing strain amplitude. © 2025 Elsevier B.V.","Cu-Ni; Cyclic plasticity; Dislocation substructure; Internal stresses; Low cycle fatigue; Stacking fault energy","Binary alloys; Copper alloys; Fatigue of materials; Hardening; Microstructural evolution; Plasticity; Residual stresses; Ternary alloys; Transmission electron microscopy; Back stress; Cu-ni; Cyclic plasticity; Dislocation substructures; Fault energy; Internal stress; Low cycle fatigues; Stacking fault energy; Stackings; Strain amplitude; Friction","Article","Final","","Scopus","2-s2.0-105021020914"
"Hu X.; Huang M.; Li Z.","Hu, Xiangsheng (57199411097); Huang, Minsheng (55725715700); Li, Zhenhuan (36606407700)","57199411097; 55725715700; 36606407700","Improved Peierls-Nabarro model for asymmetric nonplanar 1/2<110]{111} screw dislocations in L10 alloys","2021","Intermetallics","129","","107031","","","4","10.1016/j.intermet.2020.107031","https://www.scopus.com/pages/publications/85097059399?origin=resultslist","The 1/2 < 11_0]{111} ordinary dislocations play an important role in the mechanical behaviors of L10 alloys. The core of this kind of dislocations has asymmetric four-fold nonplanar structure spreading onto two equivalent {111} planes, which makes the traditional planar core structure based Peierls-Nabarro (P–N) model inappropriate to describe the dislocation properties. Under this context, an improved Peierls-Nabarro (P–N) model is developed in the present work to investigate the dislocation width, stress field and Peierls stress of the ordinary 1/2 < 11_0]{111} screw dislocation in L10 alloys (TiAl, TiGa and CuAu). This extended P–N model considers the nonplanar core structure with physical information obtained by the density functional theory (DFT) simulations. By the variational method, the corresponding dislocation equation is solved. It is found that the dislocation width of the ordinary 1/2 < 11_0]{111} screw dislocation is as narrow as 0.5b. Compared to the results predicted for the planar core structure or the assumed Volterra dislocation, the long-range stress field induced by the real asymmetric four-fold core presents a clear rotation. When increasing the applied stress, the distribution of the Burgers vector along the four different core folds differs more and more from each other. When the applied stress attains a critical value (i.e., the Peierls stress), the dislocation core turns to be a planar structure and a fully discrete method is used to calculate the Peierls stress. Different from the original P–N model that underestimates the Peierls stress by several orders of magnitude, the Peierls stress predicted by the improved P–N model is well consistent with the previous DFT simulations. Apparently, when the long-range interaction between dislocations is taken into account for discrete dislocation simulations or theoretical analysis and when the Peierls stress is calculated for L10 alloys, the consideration of the asymmetric nonplanar core structure by the improved P–N model is necessary to have more accurate results. © 2020 Elsevier Ltd","L1<sub>0</sub> alloys; Long-range stress fields; Nonplanar core structure; Peierls stress; Peierls-nabarro model","Aluminum alloys; Binary alloys; Burgers vector; Copper alloys; Density functional theory; Gallium alloys; Gold alloys; Screws; Stresses; Titanium alloys; Discrete dislocation simulations; Dislocation equation; Dislocation properties; Long range interactions; Mechanical behavior; Non-planar structures; Peierls-Nabarro model; Physical information; Screw dislocations","Article","Final","","Scopus","2-s2.0-85097059399"
"Liu G.; Cheng X.; Wang J.; Chen K.; Shen Y.","Liu, Guisen (57188980269); Cheng, Xi (57199777909); Wang, Jian (57203774922); Chen, Kaiguo (35751130900); Shen, Yao (35328080200)","57188980269; 57199777909; 57203774922; 35751130900; 35328080200","Improvement of nonlocal Peierls-Nabarro models","2017","Computational Materials Science","131","","","69","77","23","10.1016/j.commatsci.2017.01.038","https://www.scopus.com/pages/publications/85012279030?origin=resultslist","We review the major efforts that improve the accuracy of Peierls-Nabarro (PN) model in predicting core structure and Peierls stress, and recognize that the nonlocal atomic interactions in the core region should be accounted for in calculating the dislocation energy. Although some efforts have been devoted to taking the nonlocal interaction into account, further improvement is needed to simplify the computational complexity and resolve the inconsistency between the continuum model and the discrete nature of the lattice. Here we developed a two-dimensional (2D) and a three-dimensional (3D) nonlocal semi-discrete variational Peierls-Nabarro (SVPN) models by incorporating the nonlocal atomic interactions into the semi-discrete variational Peierls framework. The nonlocal SVPN models are applied to dislocations with extended core in copper and compact core in iron. Molecular dynamics simulations are performed to validate the model predictions. We found that the nonlocal SVPN model (both 2D and 3D) significantly improves the prediction accuracy for dislocation core structure and Peierls stress. Moreover, the results show that the 2D and 3D models give similar predictions of the Peierls stress and dislocation core structure, when the atomic relaxation in the normal direction is allowed in the 2D model to describe the interatomic interactions in the slip plane. © 2017 Elsevier B.V.","Dislocation; Molecular dynamics; Nonlocality; Peierls stress; Peierls-Nabarro model","Atoms; Continuum mechanics; Dislocations (crystals); Forecasting; Dislocation core structure; Interatomic interactions; Molecular dynamics simulations; Non-local interactions; Nonlocalities; Peierls stress; Peierls-Nabarro model; Threedimensional (3-d); Molecular dynamics","Article","Final","","Scopus","2-s2.0-85012279030"
"Zhao Y.; Shi Z.; Feng L.; Zhang D.; Kou S.","Zhao, Yanchun (36638964100); Shi, Ziqiang (58632445000); Feng, Li (56999592000); Zhang, Dong (57212579692); Kou, Shengzhong (36787247000)","36638964100; 58632445000; 56999592000; 57212579692; 36787247000","Microstructure Control and Mechanical Properties Optimization of Dual Phase Medium Entropy Alloy by Microalloying; [微合金化对双相中熵合金组织与力学性能影响研究]","2024","Xiyou Jinshu/Chinese Journal of Rare Metals","48","3","","345","354","0","10.13373/j.cnki.cjrm.XY22050019","https://www.scopus.com/pages/publications/85195814294?origin=resultslist","The non-equiatomic ratio multiphase second-generation high entropy alloy developed from the first generation of high entropy alloy with equal atomic ratio. The number of atoms of each element is mixed in different proportions. The design freedom of the alloy is greater and the ""cocktail"" effect of performance is brought into full play. Due to the increase of principal component number and mixing entropy,high entropy effect is produced to inhibit the formation of intermetallic compounds and other ordered phases. The different sizes and binding forces between elements lead to lattice distortion and slow diffusion effect. Higher lattice distortion promotes the medium entropy alloy to overcome greater lattice resistance when dislocations move,resulting in better fine grain strengthening effect. To explore new type of high-performance medium and high entropy alloy with high strength and plastic toughness has attracted more and more attention in the field of metastable metal materials. Among them,face-centered cubic(fcc)medium entropy alloy is easy to slip along(111)plane,with large crystal plane spacing,weak atomic binding force,small hindrance to dislocation,and there are many slip systems on(111)plane,small solid solubility and weak solid solution strengthening effect. Improving the strength of fcc high entropy alloy has become an urgent problem to be solved. Microalloying is one of the most effective methods to improve the comprehensive mechanical properties of alloys. Microalloying elements can refine grains and improve the mechanical properties of medium entropy alloys. On the one hand,the dual phase fcc structure produces hard hexagonal closepacked(hcp)structure phase through martensitic transformation,and transition induced plasticity(TRIP)effect increases the strength and plasticity of the alloy. On the other hand,fcc structure without transformation is also particularly important to improve the mechanical properties of medium entropy alloys. In this paper,three alloy system,(Fe63.3Mn14Si9.1Cr9.8C3.8)100-xCux,(Fe63.3Mn14Si9.1Cr9.8C3.8)100-xAgx and(Fe63.3Mn14Si9.1Cr9.8C3.8)100-2xCuxAgx (x=0,0.5,1,1.5,2;atom fraction)were fabricated by the water-cooled copper crucible magnetic levitation melting and copper mold negative pressure suction casting. By adding the positive mixing enthalpy elements Cu and Ag to fcc medium entropy alloy matrix,and obtained a novel biphasic fcc medium entropy alloy system. And the stacking fault energy of entropy alloy in fcc was calculated by Olson Cohen thermodynamic model. After the addition of Cu,Ag and their mixture,the atomic size difference,electronegativity and valence electron concentration increased,which promoted the formation of solid solution structure. The stacking fault energy of entropy alloys in the three series decreased with the addition of Cu/Ag. The stacking fault energy of Fe63.3Mn14Si9.1Cr9.8C3.8 alloy was 9.69 mJ·m-2, while(Fe63.3Mn14Si9.1Cr9.8C3.8)98Cu2,(Fe63.3Mn14Si9.1Cr9.8C3.8)98Ag2 and(Fe63.3Mn14Si9.1Cr9.8C3.8)96Cu2Ag2 alloys were 7.72,7.63 and 7.23 mJ·m-2,respectively. For(Fe63.3Mn14Si9.1Cr9.8C3.8)100-xCux(x=0,0.5,1,1.5,2;atom fraction),when x=0,Fe63.3Mn14Si9.1Cr9.8C3.8 alloy showed the single fcc phase;when x<2,Cu could be dissolved in fcc lattice of the matrix,and the microstructure retains the single fcc solid solution. The mixing enthalpy between Cu,Ag and most other elements in the medium entropy alloy was positive and large,and relevant studies showed that the negative mixing enthalpy between elements led to the formation of intermetallic compounds,while the large positive mixing enthalpy between elements led to the phenomenon of phase separation. When x=2,there were two different fcc phases in the alloy,fcc1 was the poor Cu/Ag matrix phase,and fcc2 was the rich Cu/Ag second phase. The lattice constants of fcc1 and fcc2 were 0.36173 and 0.36468 nm in(Fe63.3Mn14Si9.1Cr9.8C3.8)98Cu2,0.36283 and 0.36598 nm in(Fe63.3Mn14Si9.1Cr9.8C3.8)98Ag2,and 0.36251 and 0.36574 nm in(Fe63.3Mn14Si9.1Cr9.8C3.8)96Cu2Ag2. After the compression fracture,X-ray diffraction(XRD)of the three alloys systems showed that when x<2,the diffraction peaks of the medium entropy alloy corresponded to fcc phase and hcp phase. When x=2,the diffraction peaks of the alloy correspond to fcc1+fcc2+hcp phase. Some of the poor Cu/Ag matrix phases underwent martensitic transformation under stress induction to induce the hard hcp phase. The strength of the alloy was further improved,and Cu/Ag rich fcc2 phase did not undergo transformation and remains in the post fracture samples. The compressive mechanical properties of medium entropy alloys first increased and then decreased with the addition of Cu/Ag elements. When x=1.5,the comprehensive mechanical properties of entropy alloys in the three series were the best. The compressive strength and plastic strain were 2539.26 MPa and 25.56% of(Fe63.3Mn14Si9.1Cr9.8C3.8)98.5Cu1.5,2468.61 MPa and 23.45% of(Fe63.3Mn14Si9.1Cr9.8C3.8)98.5Ag1.5,and 2604.32 MPa and 25.91% of(Fe63.3Mn14Si9.1Cr9.8C3.8)97Cu1.5Ag1.5,respectively. The reason for the strength and plasticity enhancement of medium entropy alloy lied in the strengthening effect of microalloying on the alloy and the hard hcp phase produced by martensitic transformation. The design of dual phase medium entropy alloy and the improvement of its comprehensive mechanical properties through microalloying could make it a wide range of potential applications as structural materials. © 2024 Editorial Office of Chinese Journal of Rare Metals. All rights reserved.","mechanical properties; medium entropy alloy; microalloying; phase separation","Alloying elements; Crystal atomic structure; Entropy; High strength alloys; High-entropy alloys; Martensitic transformations; Microalloying; Phase separation; Plasticity; Solid solutions; Strengthening (metal); Structural properties; Alloy system; Face-centered cubic phasis; Face-centred cubic; Fault energy; Hexagonal close-packed; High entropy alloys; Medium entropy; Medium entropy alloy; Mixing enthalpy; Strengthening effect; Atoms","Article","Final","","Scopus","2-s2.0-85195814294"
"Ustrzycka A.","Ustrzycka, Aneta (21744405400)","21744405400","Physical Mechanisms Based Constitutive Model of Creep in Irradiated and Unirradiated Metals at Cryogenic Temperatures","2021","Journal of Nuclear Materials","548","","152851","","","3","10.1016/j.jnucmat.2021.152851","https://www.scopus.com/pages/publications/85100449108?origin=resultslist","The present work describes the physical mechanisms of low temperature creep in irradiated and unirradiated metals. The slow inelastic deformations of solids under stress below the yield stress of the material are considered. For the problem of creep at cryogenic temperatures, the classical creep models are not enough. The purpose of this paper is to formulate a physically-based constitutive model of creep for irradiated materials at cryogenic temperatures (liquid nitrogen 77 K, liquid helium, 4.2 K) based on the idea that a dislocation held up by a potential barrier can pass through it owing to the quantum-mechanical tunnelling effect. The problem is novel in the context of recognition of physical mechanisms taking place at cryogenic temperatures leading to the evolution of radiation induced defects under mechanical loads. Creep produced by the expansion of irradiation induced dislocation loops is considered. The kinetic law for evolution of a dislocation loop is proposed using the mechanism of development of a dislocation line over Peierls stress hills. Also, creep produced by the elastic interaction of a radiation induced point defects with existing dislocations in materials is regarded. Predicted creep rate behaviour as a function of stresses and dpa are presented which would need to be validated with data in irradiated materials. Moreover, the new constitutive model of low temperature creep in unirradiated materials is formulated. The Glen-Mott quantum mechanical dislocation tunnelling effect allows extending the theory to the liquid helium temperature range. For this case of unirradiated materials, the creep curves validated experimentally for copper and stainless steel in cryogenic temperature are shown. © 2021","Creep in the proximity of absolute zero; Cryogenic temperatures; Irradiation creep; Low thermal energy; Peierls stress hills; Quantum-mechanical tunneling effect","Constitutive models; Cryogenics; Helium; Liquefied gases; Point defects; Quantum theory; Superfluid helium; Temperature; Thermoelectricity; Yield stress; Cryogenic temperatures; Inelastic deformation; Irradiation induced dislocation loop; Liquid helium temperature; Low temperature creep; Quantum mechanical tunnelling; Radiation induced defects; Unirradiated materials; Creep","Article","Final","","Scopus","2-s2.0-85100449108"
"Takahashi A.; Iino M.","Takahashi, Akihiko (36924312200); Iino, Makio (7103149967)","36924312200; 7103149967","Improvement of yield strength-transition temperature balance by microstructural refinement","1996","ISIJ International","36","3","","341","346","4","10.2355/isijinternational.36.341","https://www.scopus.com/pages/publications/0030358290?origin=resultslist","Grain-refinement simultaneously increases yield strength and toughness while the strengthening without the grain-refinement still deteriorates the toughness. It is worth assessing how the strengthening relates to the toughness to strengthen steels most appropriately. In this study, different mechanisms for strengthening are compared with respect to the relationship between yield strength and ductile-brittle fracture transition temperature. Considered are the grain-refinement by solute copper or thermo-mechanical control process (TMCP), the precipitation-hardening by copper, and the bainite-transformation hardening with alloying elements such as boron, molybdenum, and nickel. The transition temperature rises with strengthening by the precipitation-hardening and the transformation-hardening. In this case, the relationship is approximately linear with the gradient of 0.46°C/MPa In contrast, the transition temperature lowers in the case of the strengthening by the grain-refinement achieved by the solute copper and the TMCP. This study aims at relating the yield strength to the transition temperature on a dislocation crack model of brittle fracture. Considering the energy balance for brittle crack initiation and the temperature dependence of the friction stress for the Hall - Petch relationship gives the linear lowering of transition temperature with increasing yield strength by grain-refinement, of which gradient is estimated at approximately 0.80°C/MPa. The comparison of experimental results with this relationship indicates that the strengthening by solute copper effectively utilizes the grain-refinement.","Dislocation crack model; Ductile-brittle fracture transition temperature; Grain-refinement; Yield strength","Brittle fracture; Brittleness; Crack initiation; Dislocations (crystals); Ductility; Mathematical models; Phase transitions; Steel; Strengthening (metal); Temperature; Thermomechanical treatment; Yield stress; Dislocation crack model; Hall-Petch relationship; Microstructural refinement; Precipitation hardening; Solute copper; Transformation hardening; Transition temperature balance; Metallographic microstructure","Article","Final","All Open Access; Gold Open Access","Scopus","2-s2.0-0030358290"
"Takahashi A.; Aoki Y.; Kikuchi M.","Takahashi, Akiyuki (7402799686); Aoki, Yuji (58383374500); Kikuchi, Masanori (7403709338)","7402799686; 58383374500; 7403709338","Molecular dynamics simulation of interaction between screw dislocation and copper precipitate in iron","2008","Advanced Materials Research","33-37 PART 2","","","895","900","2","10.4028/www.scientific.net/amr.33-37.895","https://www.scopus.com/pages/publications/45749089360?origin=resultslist","This paper provides the results of the MD simulations of the interaction between a screw dislocation and a copper precipitate in iron. From the results, the screw dislocation has an attractive interaction with the copper precipitate. Also, the dependence of the Critical Resolved Shear Stress (CRSS) for the screw dislocation to break away from the copper precipitate on the size of the precipitate and temperature is studied. Finally, the CRSS obtained by the MD simulations is modeled statistically using a Russel-Brown model. Then we found that an addition of the Peierls stress, which is calculated by the MD simulations, to the Russel-Brown model gives a good prediction of the CRSS.","Critical resolved shear stress; Molecular dynamics; Precipitate; Screw dislocation; Statistical modeling","Copper; Fracture; Iron; Precipitates; Screw dislocations; Screws; Shear stress; Attractive interactions; Break-away; Copper precipitate; Critical resolved shear stress; MD simulation; Molecular dynamics simulations; Peierls stress; Statistical modeling; Molecular dynamics","Conference paper","Final","All Open Access; Hybrid Gold Open Access","Scopus","2-s2.0-45749089360"
"Mughrabi H.","Mughrabi, Hael (7005610832)","7005610832","Implications of linear relationships between local and macroscopic flow stresses in the composite model","2006","Zeitschrift fuer Metallkunde/Materials Research and Advanced Techniques","97","5","","594","596","0","10.3139/146.101276","https://www.scopus.com/pages/publications/85033407371?origin=resultslist","Earlier results obtained by X-ray diffraction studies on tensile-deformed [001]-orientated copper single crystals have recently been re-assessed with respect to the evolution of the long-range internal stresses and the local flow stresses of the dislocation cell walls and the cell interiors. It was noted that the magnitudes of the long-range internal stresses and of the local flow stresses increase in good approximation linearly with the applied macroscopic flow stress. In the present work, the results of a similar analysis of earlier published X-ray data, which were obtained on tensile-deformed [001]-orientated Cu-Mn single crystals, are reported. When the friction stress of the alloy is taken into account, similar linear relationships to the case of deformed [001]-orientated copper single crystals were obtained. The implications of these results are analyzed in the framework of the composite model of crystal plasticity. It is shown that linear relationships of the type considered imply, in terms of the composite model, that the ratio between the local dislocation densities in the dislocation cell walls and the cell interiors must remain constant during deformation. This result is discussed with respect to the experimentally obtained data on local dislocation densities.","Composite model; Local flow stresses; Longrange internal stresses; Plastic deformation","Binary alloys; Cells; Copper; Copper alloys; Cytology; Dislocations (crystals); Manganese; Manganese alloys; Plastic deformation; Plastic flow; X ray diffraction; Composite modeling; Copper single crystals; Crystal plasticity; Dislocation cell wall; Dislocation densities; Linear relationships; Macroscopic flow stress; X-ray diffraction studies; Single crystals","Article","Final","","Scopus","2-s2.0-85033407371"
"Morrison D.J.; Chopra V.","Morrison, D.J (7402118762); Chopra, V (7007153145)","7402118762; 7007153145","Cyclic stress-strain response of polycrystalline nickel","1994","Materials Science and Engineering A","177","1-2","","29","42","39","10.1016/0921-5093(94)90475-8","https://www.scopus.com/pages/publications/0028420145?origin=resultslist","Constant plastic strain amplitude fatigue experiments were conducted at room temperature on polycrystalline nickel (290 μm grain size) at plastic strain amplitudes from 2.5 × 10-5 to 2.5 × 10-3. Cyclic deformation behavior was characterized by analyzing the cyclic hardening response, evaluating the evolution of the shape of the hysteresis loop, and optical and transmission electron microscopy observations. The results indicate that the cyclic stress-strain (CSS) curve has a pronounced bulge or region of reduced slope extending from a plastic strain amplitude of approximately 2 × 10-4 to 8 × 10-4. This region of reduced slope is caused by the localization of plastic strain in persistent slip bands (PSBs). It is also shown that plastic strain amplitude has little influence on the friction stress of cyclically saturated nickel; however, the back stress increases with increasing plastic strain amplitude. A comparison of the cyclic deformation characteristics of polycrystalline nickel with those of copper indicates that these materials exhibit similar fundamental cyclic behavior on both a macroscopic and microscopic level. © 1994.","","Crystalline materials; Deformation; Fatigue of materials; Fatigue testing; Friction; Grain size and shape; Hardening; Hysteresis; Plasticity; Strain; Stress analysis; Transmission electron microscopy; Cyclic stress strain response; Persistent slip bands; Plastic strain amplitude; Polycrystalline nickel; Nickel","Article","Final","","Scopus","2-s2.0-0028420145"
"Gong B.; Wang Z.; Wang Z.","Gong, Bo (57200890258); Wang, Zhirui (57202267926); Wang, Zhongguang (7410036038)","57200890258; 57202267926; 7410036038","Cyclic hardening mechanisms in [001] copper single crystals","1998","Materials Science and Engineering: A","245","1","","55","63","8","10.1016/S0921-5093(97)00693-X","https://www.scopus.com/pages/publications/0032049306?origin=resultslist","Friction stress and back stress of [001] Cu single crystals during cyclic deformation were derived from cyclic stress-strain hysteresis loops by using the Cottrell method and the results are compared with those for single slip crystals. The cyclic hardening features of the [001] crystals are described in terms of the friction stress and back stress. Specific, detailed study was carried out on the sample cycled with a plastic strain amplitude of 1.8 × 10-3. It has been shown that both the 'true' friction stress, i.e. the cyclic yield stress, and the back stress in the [001] crystals increase much more rapidly than those in single slip crystals in the hardening stage. In the saturation stage, however, only the friction stress in the [001] crystal is higher than its correspondent in the single slip crystals, while the back stresses in these two types of crystals are close to each other. The higher friction stress in the [001] crystal is related to the higher density of jogs produced by the dislocation reactions between the primary and critical slip systems, and the existence of secondary dislocations in channels. The higher back stress in the hardening stage is attributed to the higher dislocation density in loop patches introduced by dislocation reactions in the first dozen of cycles. By modifying the Kulhlmann-Wilsdorf and Laird model, it is possible now to express quantitatively both the back stress and the shear stress in a cyclically deformed crystal with a particular orientation as functions of the applied strain amplitude as well as an orientation-dependent factor: the hardening coefficient for the first stage of unidirectional deformation. The predictions from these expressions for multiple slip crystals are in very good agreement with experimental data. © 1998 Elsevier Science S.A. All rights reserved.","Back stress; Friction stress; KW-L model; Multiple slip crystals","Crystal orientation; Dislocations (crystals); Friction; Hardening; Mathematical models; Metal forming; Shear stress; Single crystals; Strain hardening; Stress analysis; Back stresses; Cyclic hardening; Kulhlmann Wilsdorf Laird model; Copper","Article","Final","","Scopus","2-s2.0-0032049306"
"Legros M.; Jacques A.; George A.","Legros, Marc (7005472581); Jacques, Alain (55837537600); George, Amand (35556157500)","7005472581; 55837537600; 35556157500","Cyclic deformation of silicon single crystals: Mechanical behaviour and dislocation arrangements","2004","Materials Science and Engineering: A","387-389","1-2 SPEC. ISS.","","495","500","14","10.1016/j.msea.2004.01.122","https://www.scopus.com/pages/publications/10644272411?origin=resultslist","Fatigue testing of single crystalline Si was performed in a temperature and strain rate domain where lattice friction is still effective: 1073-1173 K and 3×10-4 s-1. Tension-compression loading was applied to samples oriented for single slip under plastic strain amplitude control. For plastic strain amplitudes ranging from 6×10-4 to 10-2, cyclic stress-strain curves exhibit two different stages of hardening and pass through a maximum before saturation is reached. At variance from what is observed in fcc metals, the maximum and saturation stresses decrease when the strain amplitude per cycle is increased. Surface observations suggest that strain localisation takes place near the maximum cyclic stress and beyond. TEM observations revealed several kinds of typical dislocation arrangements, which are rather different from those observed in copper. Before the maximum stress, thick rectilinear walls made of edge dislocation dipoles are the main feature. When observed perpendicularly, those walls form more or less corrugated arrangements. After the maximum stress has been reached, plastic strain seems to concentrate in much thinner walls, while in inactive areas, the dislocation structure anneals, converting the dipolar walls in rows of prismatic loops. Active areas are much broader than the persistent slip bands with the well-known ladder structure that are observed in copper. © 2004 Elsevier B.V. All rights reserved.","Dislocations; Fatigue; Mechanical properties; Silicon","Deformation; Copper; Deformation; Dislocations (crystals); Plasticity; Silicon; Strain; Transmission electron microscopy; Dislocation dipoles; Silicon single crystals; Strain amplitude; Tension-compressed loading; Single crystals","Article","Final","","Scopus","2-s2.0-10644272411"
"Liu Y.; Li G.","Liu, Yang (54948377500); Li, Guohui (56415214700)","54948377500; 56415214700","Investigations of gas–particle two-phase flow in swirling combustor by the particle stokes numbers","2021","Processes","9","6","951","","","8","10.3390/pr9060951","https://www.scopus.com/pages/publications/85107788408?origin=resultslist","Gas turbulence modulations and particle dispersions of swirling gas–particle two-phase flow in the combustor is investigated under the large spans of the particle Stokes numbers. To fully consider the preferential concentrations and anisotropic dispersions of a particle, a kinetic frictional stress model coupled with a second-order moment two-phase turbulent model and granular temperature equation is improved. The proposed modeling and simulations are in good agreement with the experimental validations. Results show turbulent modulations and particle dispersions exhibit strongly anisotropic characteristics, keeping a close relationship with flow structure. The axial gas velocity and RMS fluctuation velocity of 45.0-μm EGP was approximately 5.0 times and 3.0 times greater than 1000.0 μm Copper particles, and their axial particle velocity was 0.25 times and twice greater than those of 45.0 μm EGP. The degree of modulation in the axial–radial direction is larger than those of radial–tangential and axial–tangential direction. Particle dispersions are sensitive to particle diameter parameters and intensified by higher Stokes number. © 2021 by the authors. Licensee MDPI, Basel, Switzerland.","Gas turbulence modulations; Kinetic friction stress model; Modeling and simulation; Particle dispersions; Swirling gas–particle turbulent flow","","Article","Final","All Open Access; Gold Open Access","Scopus","2-s2.0-85107788408"
"Jiang J.; Cai Z.; Zhu M.; Niu Z.","Jiang, Jiyin (58143285800); Cai, Zhaozhen (35071020800); Zhu, Miaoyong (59669521600); Niu, Zhenyu (57206904355)","58143285800; 35071020800; 59669521600; 57206904355","Thermo-mechanical Behavior of Slab Mold Copper Plates During High-Speed Continuous Casting and Its Coating Layer Structure Optimization","2026","Metallurgical and Materials Transactions B: Process Metallurgy and Materials Processing Science","57","1","","315","334","4","10.1007/s11663-025-03851-x","https://www.scopus.com/pages/publications/105020933392?origin=resultslist","Thermo-mechanical failures of mold copper plates during high-speed continuous casting present a critical challenge to production efficiency and slab quality. This study integrates industrial failure analysis with a fully coupled 3D thermo-mechanical model incorporating dynamic slag film and air gap distributions, strand shrinkage, and fluid–structure interaction to investigate crack initiation and wear mechanisms. Validated against plant measurements, the model exhibits temperature deviations within 2 °C. Results show that the narrow face copper plate in Mold I endures considerably higher thermo-mechanical loads than the wide face, with peak temperatures reaching 371.7 °C and 322.0 °C, von Mises stresses of 382.4 and 355.7 MPa, and total deformations of 0.38 and 0.27 mm, respectively—all occurring 20 mm below the meniscus (located approximately 100 mm below the mold top). Analysis indicates that cracks within the region 100 to 140 mm below the mold top on the narrow face are caused by thermal stresses exceeding the material yield limit, while abrasive wear along the vertical edges corresponds to peak friction stresses reaching 22.11 kPa. A comparison of three narrow face copper plates coating layer structures (Molds I–III) reveals that the functionally graded coating design (Mold III) demonstrates optimal performance. It reduces the peak temperature by 47.2 °C (to 324.5 °C), decreases the von Mises stress by 38.2 MPa (to 344.2 MPa), and diminishes the total deformation by 0.05 mm (to 0.33 mm), while substantially enhancing wear resistance in critical regions. This work provides both a validated modeling framework and an effective coating optimization strategy for extending mold service life under high-speed casting conditions. © The Minerals, Metals & Materials Society and ASM International 2025.","","Air; Coatings; Continuous casting; Copper; Cracks; Failure (mechanical); Plates (structural components); Structural design; Structural optimization; Tribology; Wear of materials; Wear resistance; Coating layer; Continous casting; Critical challenges; High Speed; Layer structure optimization; Peak temperatures; Slab molds; Thermo mechanical failures; Thermo-mechanical behaviors; VonMises stress; Molds","Article","Final","","Scopus","2-s2.0-105020933392"
"Zhang Z.; Yang B.; Chen L.; Zhang Z.; Guo J.","Zhang, Zhidong (57907382800); Yang, Bin (57204625462); Chen, Longyu (58891500500); Zhang, Zaoli (15040837700); Guo, Jinming (55674231500)","57907382800; 57204625462; 58891500500; 15040837700; 55674231500","Oxygen vacancy-induced strengthening and toughening in (K,Na)NbO3-based piezoceramics revealed via nanoindentation","2025","Nature Communications ","16","1","7015","","","33","10.1038/s41467-025-62424-3","https://www.scopus.com/pages/publications/105012192354?origin=resultslist","Dislocations are emerging as a pivotal factor for tailoring ceramics’ functional and mechanical properties. The introduction of point defects, notably oxygen vacancies, is unavoidable during the conventional sintering process in polycrystalline ceramics. Understanding the interplay between dislocations and oxygen vacancies is necessary for its profound implications. This work implements an innovative approach to regulate the dislocation-based incipient plasticity and creep behavior in (K0.5Na0.5)NbO3-based ceramics through oxygen vacancy engineering via CuO “hard” doping. Nanoindentation pop-in tests reveal that increasing oxygen vacancy concentrations significantly promotes the nucleation and activation of dislocations. Theoretical calculations based on density functional theory further corroborate that oxygen vacancies contribute to a decrease in Peierls stress and total misfit energy, facilitating dislocation nucleation and activation. Nanoindentation hardness and creep behavior demonstrate that oxygen vacancy impedes dislocation mobility due to solute strengthening and pinning effects. The effect of oxygen vacancies is elucidated through diverse mechanisms related to the interaction between dislocations and oxygen vacancies at different stages. This oxygen vacancy-induced strengthening and toughening strategy displays a significant potential to improve the mechanical properties of piezoelectric ceramics, while still maintaining high electrical performance. © The Author(s) 2025.","","copper oxide; oxygen; copper oxide; ceramics; dislocation; hardness; mechanical property; nucleation; oxygen; solute; Article; comparative study; conceptual framework; controlled study; crystal structure; degree of freedom; density functional theory; diffusivity; electric potential; electron spin resonance; hardness; indentation hardness; morphology; periodicity; physical phenomena; plasticity; qualitative analysis; rat strain; room temperature; shear stress; solute; steady state; surface area; transmission electron microscopy; X ray photoemission spectroscopy; Young modulus; article; ceramics; major clinical study; pharmaceutics","Article","Final","All Open Access; Gold Open Access; Green Open Access","Scopus","2-s2.0-105012192354"
"Han J.; Nam S.; Choi Y.T.; Jang T.J.; Jung C.; Sohn S.S.; Kim H.S.; Choi H.","Han, Juyeon (58237341100); Nam, Seungjin (56351692300); Choi, Yeon Taek (57222740620); Jang, Tae Jin (57226577215); Jung, Chahee (58382969300); Sohn, Seok Su (57205249855); Kim, Hyoung Seop (55921490700); Choi, Hyunjoo (56812601000)","58237341100; 56351692300; 57222740620; 57226577215; 58382969300; 57205249855; 55921490700; 56812601000","Grain boundary strengthening in nanocrystalline Mo0.2CoNi medium-entropy alloys produced via high-pressure torsion","2024","International Journal of Refractory Metals and Hard Materials","119","","106535","","","6","10.1016/j.ijrmhm.2023.106535","https://www.scopus.com/pages/publications/85181771405?origin=resultslist","In this study, we produced nanocrystalline (NC) MoCoNi-based medium-entropy alloys (MEAs) with a single face-centered cubic (FCC) phase, which exhibit exceptional hardness through combining compositional and microstructural features of alloys. The alloys were prepared via powder metallurgy and high-pressure torsion, and the processing condition was optimized to achieve full densification and prevent grain growth in order to maximize the effect of grain boundary strengthening. Consequently, NC Mo0.2CoNi MEAs revealed the refined microstructures with a grain size of approximately 50 nm and outstanding hardness of 857 HV (corresponding to approximately 2.86 GPa in yield strength). This remarkable property, even compared to the single FCC phase alloys with similar grain size, is attributed to the existence of alloying elemental atoms of Mo with large atomic radius, which leads to severe lattice distortion allows to improve friction stress as well as the Hall-Petch coefficient. This study aims to discuss the potential of developing hard metallic materials by using grain boundary strengthening from alloys with large atomic size difference. © 2023 Elsevier Ltd","Grain boundary strengthening; Hall-Petch coefficient; Medium-entropy alloys; Nanocrystalline; Severe lattice distortion","Atoms; Cobalt alloys; Copper alloys; Entropy; Grain boundaries; Grain growth; Grain refinement; Grain size and shape; Hardness; High pressure effects; Nanocrystalline alloys; Powder metallurgy; Torsional stress; Face-centered cubic phasis; Grain boundary strengthening; Grainsize; Hall-Petch coefficient; High pressure torsions; Lattice distortions; Medium entropy; Medium-entropy alloy; Nanocrystallines; Severe lattice distortion; Nanocrystals","Article","Final","","Scopus","2-s2.0-85181771405"
"Zhong J.; Shuai H.; Ren L.","Zhong, Ji (35728879300); Shuai, Hou (35269929800); Ren, Liu (36451130800)","35728879300; 35269929800; 36451130800","Atomistic numerical simulation on nanoupsetting process of copper brick","2010","AIP Conference Proceedings","1252","","","624","629","0","10.1063/1.3457612","https://www.scopus.com/pages/publications/77956126253?origin=resultslist","Nanofabrication techniques such as nanoforging have been used to fabricate nanosize components in recent years. As a basic form of nanoforging process, nanoupsetting was studied in this paper via atomistic simulation. First a simplified computation model for upsetting process of single crystalline copper was created, and then the deformation mechanism was investigated at the atomic scale. The results show that the plastic deformation was initiated by the high-level strain at the corners of the brick; partial dislocations nucleated at the corners and propagated along the [101] and [011] directions in the (111) plane; after unloading, the defects did not disappear or move out to the surface due to lattice friction; the computed load during nanoupsetting agrees well with the theoretical value. At last, the FEM simulation results for this single crystal were also shown, but no load drop was found in its load-displacement curve, which indicates that atomistic simulation is more elaborate than crystal plasticity FEM for nanoscale forming problems. © 2010 American Institute of Physics.","Atomistic simulation; Copper; Nanofabrication; Nanoupsetting","","Conference paper","Final","","Scopus","2-s2.0-77956126253"
"Zhang P.; Bian J.-J.; Yang C.; Zhang J.-Y.; Liu G.; Weiss J.; Sun J.","Zhang, Peng (55547108881); Bian, Jian-Jun (37090395300); Yang, Chong (57210292012); Zhang, Jin-Yu (35321634400); Liu, Gang (57205480059); Weiss, Jérôme (7402740637); Sun, Jun (56195679900)","55547108881; 37090395300; 57210292012; 35321634400; 57205480059; 7402740637; 56195679900","Plate-like precipitate effects on plasticity of Al-Cu micro-pillar: {100}-interfacial slip","2019","Materialia","7","","100416","","","17","10.1016/j.mtla.2019.100416","https://www.scopus.com/pages/publications/85070188204?origin=resultslist","In this paper, we study the effects of θ′-Al2Cu plate-like precipitates on the plasticity of Al-Cu micro-pillars, with a sample size allowing the precipitates to cross the entire micro-pillar. {100}-slip traces are identified for the first time in Al and Al alloys at room temperature. We investigate the underlying mechanisms of this unusual {100}-slip, and show that it operates along the coherent θ′-Al2Cu precipitate/α-Al matrix interface. A combination of molecular dynamics simulations and stress analysis indicates that screw dislocations can cross-slip from the {111} plane onto the {100} θ′-Al2Cu/α-Al interface, then move on it through a kink-pair mechanism, providing a reasonable explanation to the observed {100}-slips. The roles of the θ′-Al2Cu precipitate/α-Al matrix interface on the properties of interfacial dislocations are studied within the Peierls–Nabarro framework, showing that the interface can stabilize the {100} screw dislocations from the spreading of the core, and increases the Peierls stress. These results improve our understanding of the mechanical behavior of Al-Cu micro-pillars at room temperature, and imply an enhanced role of interfacial slip in Al-Cu based alloys at elevated temperature in consideration of the underlying kink-pair mechanism. © 2019 Elsevier Ltd","Al-Cu alloys; Dislocation core; Interfacial slip","Binary alloys; Copper alloys; Molecular dynamics; Plasticity; Screw dislocations; Screws; Stress analysis; Al-Cu alloys; Dislocation core; Elevated temperature; Interfacial dislocations; Interfacial slip; Kink-pair mechanisms; Mechanical behavior; Molecular dynamics simulations; Aluminum alloys","Article","Final","All Open Access; Green Open Access","Scopus","2-s2.0-85070188204"
"Tang L.; Jiang F.; Liu H.; Kabra S.; Cai B.","Tang, Lei (56867973400); Jiang, Fuqing (57204040180); Liu, Huibin (57190372802); Kabra, Saurabh (25225533900); Cai, Biao (35090012600)","56867973400; 57204040180; 57190372802; 25225533900; 35090012600","In situ neutron diffraction reveals the effect of Cu micro-alloying on low-temperature tensile properties of TWIP steels","2022","Materials Science and Engineering: A","845","","143211","","","18","10.1016/j.msea.2022.143211","https://www.scopus.com/pages/publications/85130313437?origin=resultslist","High manganese steels are emerging as promising structural materials for cryogenic applications due to their low production cost and great potential in achieving excellent strength-ductility combinations. Micro-alloying serves as a desirable method in tailoring stacking fault energy (SFE) of the steels and thus tailoring the mechanical performance. In this study, we investigated the dedicate role of Cu addition played on the mechanical and microstructural responses of high manganese steels at the low-temperature range (293, 173, and 77 K) via in situ neutron diffraction and microscope characterizations. The addition of 1 wt%Cu to the steel not only effectively improved the yield strength (YS) and elongation but also increased the SFE thus postponing the martensite formation. For both high Mn steels, as deformation temperature decreased, the tensile strength was increased linearly, the formation of stacking faults and dislocation was promoted, and the SFE almost linearly decreased with a slope of about 0.06 mJm−2·K−1. The contributions to YS and flow stress from lattice friction, grain boundary, dislocation, deformation twins, and phase transformation were determined based on neutron diffraction results and previously validated models. The work revealed the critical roles of Cu micro-alloying in tailoring the SFE of TWIP steels and the resulting deformation mechanisms, paving the way in adapting new high manganese steels for cryogenic applications. © 2022 Elsevier B.V.","Cryogenic deformation; High manganese steel; Neutron diffraction; Stacking fault energy","Alloy steel; Copper alloys; Deformation; Grain boundaries; Manganese steel; Neutrons; Stacking faults; Temperature; Tensile strength; Cryogenic applications; Cryogenic deformation; Fault energy; High manganese steel; High-manganese steels; In-situ neutron diffraction; Lows-temperatures; Micro alloying; Stacking fault energy; TWIP steel; Neutron diffraction","Article","Final","All Open Access; Green Open Access","Scopus","2-s2.0-85130313437"
"Bonfield W.; Edwards B.C.","Bonfield, W. (16490765800); Edwards, B.C. (7202177293)","16490765800; 7202177293","Micro-yielding in a precipitation hardening Cu 1.81 wt % Be 0.28 wt % Co alloy","1975","Journal of Materials Science","10","3","","493","497","3","10.1007/BF00543694","https://www.scopus.com/pages/publications/0016484967?origin=resultslist","The microstrain characteristics of a polycrystalline Cu 1.81 wt % Be 0.28 wt % Co precipitation hardening alloy have been determined for various precipitate conditions. The friction stress derived from measurements of closed hysteresis loops was found to remain constant (∼ 3 MN m-2) for all the conditions investigated. In contrast, the microscopic yield stress (MYS) remained constant (18 to 24 MN m-2) for most ageing conditions, but increased significantly (to 48 to 64 MN m-2) for conditions associated with a high G.P. zone or γ′ precipitate density. © 1975 Chapman and Hall Ltd.","","COPPER AND ALLOYS","Article","Final","","Scopus","2-s2.0-0016484967"
"Feng X.; Huang Y.; Hwang K.-C.","Feng, Xue (7403046980); Huang, Yonggang (7501569901); Hwang, Keh-Chih (7402426543)","7403046980; 7501569901; 7402426543","Size effects in nanoindentation","2008","Micro and Nano Mechanical Testing of Materials and Devices","","","","48","68","2","10.1007/978-0-387-78701-5_2","https://www.scopus.com/pages/publications/84892062347?origin=resultslist","Microindentation hardness experiments have repeatedly shown that the indentation hardness increases with the decrease of indentation depth, i.e., the smaller the harder [3, 5, 9, 30, 31, 37, 43, 51]. On the basis of the Taylor dislocation model [48, 49] and a model of geometrically necessary dislocations (GND) underneath an indenter tip shown in the inset of Fig. 2.1, Nix and Gao established the relation between the microindentation hardness H and the indentation depth h (H/H0)2 =1+ h*/h, (2.1) where h* is a characteristic length on the order of micrometers that depends on the properties of indented material and the indenter angle, and H0 is the indentation hardness for a large indentation depth (e.g., h≫h*) [33]. The above relation predicts a linear relation between H2 and 1/h, which agrees well with the microindentation hardness data for single crystal and polycrystalline copper [31] as shown in Fig. 2.1, as well as for single crystal silver [30]. The nanoindentation hardness data, however, do not follow (2.1) [10, 12, 13, 15, 23, 28, 29, 45, 46]. Here nanoindentation and microindentation typically refer to the indentation depth below and above 100 nm, respectively. As shown in Fig. 2.2, Lim and Chaudhri's nanoindentation hardness data for annealed copper start to deviate from (2.1) (the dotted straight line of the Nix-Gao model for annealed copper (Figure presented) in Fig. 2.2) when the indentation depth h is on the order of 100 nm [28]. Even though the indentation hardness continues to increase as h decreases, the hardness data are significantly lower than the straight line predicted by [34]. Swadener et al. also showed that the nanoindentation hardness data for annealed iridium are smaller than that given by (2.1) when the indentation depth h becomes submicrometer (see the dotted straight line of the Nix-Gao model for iridium in Fig. 2.2) [45]. Recently, Feng and Nix and Elmustafa and Stone found that, once the indentation depth is less than 0.2 μm, (2.1) does not hold in MgO (see the dotted straight line of the Nix-Gao model for MgO in Fig. 2.2) and in annealed a-brass and aluminum, respectively [11, 15]. There are two main factors for the discrepancy between (2.1) and the nanoindentation hardness data. (i) Indenter tip radius. Equation (2.1) holds only for ""sharp,"" pyramid indenters since the effect of indenter tip radius (typically around 50 nm) has not been accounted for [23, 39]. Qu et al. studied pyramid indenters with spherical tips, and found that the finite tip radius indeed gives smaller indentation hardness than (2.1) [39]. Qu et al. also studied spherical indenters, and established an analytic relation between the indentation hardness and indentation depth that is very different from (2.1) [41]. On the basis of the maximum allowable GND density Huang et al. established a model for the effect of finite tip radius in nanoindentation [20, 21]. (ii) Storage volume for GNDs. Equation (2.1) assumes that all GNDs are stored in a hemisphere of radius a, where a is the contact radius of indentation. Such an assumption may not hold in nanoindentation. Swadener et al., Feng and Nix, and Durst et al. proposed to modify this storage volume for GNDs [10, 15, 45]. Huang et al. established a model of nanoindentation based on the maximum allowable GND density [20]. Other factors may also contribute to the discrepancy between (2.1) and nanoindentation hardness data, such as the intrinsic lattice resistance or friction stress [38], surface roughness [29, 52], and long-range stress associated with GNDs [13, 14]. The objective of this chapter is to review the analytic models based on the maximum allowable GND density to study the nanoindentation size effect, and validate them by comparing with the experiments. The analytical models give simple relations between the indentation hardness H and the indentation depth h or contact radius in nanoindentation. This chapter is outlined as follows. The Taylor dislocation model [48, 49], which has been widely used to explain the indentation size effect, is summarized in Sect. 2.2. The conventional theory of mechanism-based strain gradient plasticity established from the Taylor dislocation model is reviewed in Sect. 2.3. Sections 2.4 and 2.5 review the nanoindentation models for the sharp, conical indenters and for spherical indenters, respectively. © Springer Science+Business Media, LLC, 2008.","","","Book chapter","Final","","Scopus","2-s2.0-84892062347"
"Gao Y.-Q.; Wang Z.-M.; Whang S.H.","Gao, Yi-Qun (56163884100); Wang, Zhong-Min (55719723300); Whang, Sung H. (7006161803)","56163884100; 55719723300; 7006161803","Deformation behavior in L10-type FePt compound","1995","Materials Science and Engineering A","192-193","PART 1","","53","58","8","10.1016/0921-5093(94)03203-3","https://www.scopus.com/pages/publications/0029252124?origin=resultslist","Compressive deformation of L10-type FePt compound was performed from room temperature to 873 K in a protective atmosphere. The results show that the yield stress decreases monotonically with increasing temperature. The strain rate sensitivity parameter changes with temperature similarly to that of silver and copper, and does not exhibit a ""near-zero"" phenomenon. This indicates that the temperature-dependent deformation in the studied temperature range is similar to taht of f.c.c. metals, and very different from that of L10 TiAl. The deformation structure investigated by transmission electron microscopy shows that twinning and slip are the two major deformation mechanisms. The twin system was identified as {111}〈112] type. No pseudotwinning was found in this alloy as was the case in TiAl. Two different types of dislocations with Burgers' vectors of ( 1 2)〈110] and 〈101] were identified. The morphology of these dislocations indicates that the dislocations do not experience a high Peierls' stress as seen in TiAl. No self-dissociation of super-dislocations or antiphase boundary cross-slip onto cube planes was observed under weak beam conditions. © 1995.","Deformation; Iron; Platinum","Deformation; Dislocations (crystals); Iron; Metallographic microstructure; Morphology; Platinum; Strain; Thermal effects; Transmission electron microscopy; Twinning; Yield stress; Burger vectors; Compressive deformation; Face centered cubic metals; Iron alloys","Article","Final","","Scopus","2-s2.0-0029252124"
"Giacometti E.; Guyot P.; Baluc N.; Bonneville J.","Giacometti, E. (6601982094); Guyot, P. (59569642600); Baluc, N. (7003758619); Bonneville, J. (7102564567)","6601982094; 59569642600; 7003758619; 7102564567","Plastic behaviour of icosahedral Al-Cu-Fe quasicrystals: Experiment and modelling","2001","Materials Science and Engineering: A","319-321","","","429","433","14","10.1016/S0921-5093(01)01084-X","https://www.scopus.com/pages/publications/0035705513?origin=resultslist","Constant strain-rate and creep tests have been performed on poly-quasicrystalline specimens of the icosahedral Al-Cu-Fe system. Three temperatures (870, 960 and 1000 K) have been investigated by creep for samples predeformed at constant strain-rate before and beyond the upper yield stress, over the stress range 30-320 MPa. The influence of the creep stress level and plastic strain amount on the stress-strain curve has also been studied when the samples are deformed again at constant strain rate. Depending on temperature, stress and initial predeformation states, single or two-stage creep curves have been observed. When performed before the upper yield stress, in the high work-hardening portion of the stress-strain curve, only a primary stage of continuous decreasing creep rate is observed. At higher stresses, close to the upper yield stress, the primary stage is followed by a second stage of work-softening leading to an increasing strain-rate. The shape of the constant strain-rate and creep curves, as well as the transients observed when creep is switched-back to constant strain-rate conditions, are in fair agreement with the predictions of the dislocation model recently proposed by Guyot and Canova on the basis of an irreversible strain dependent friction stress [P. Guyol, G. Canova, Phil. Mag. A 79 (1999) 2815]. © 2001 Elsevier Science B.V. All rights reserved.","Creep; Icosahedral quasicrystals; Mechanical properties; Modelling","Aluminum; Copper; Creep; crystal; Iron; mechanical property; Plasticity; Aluminum compounds; Creep testing; Friction; Plastic deformation; Strain hardening; Strain rate; Thermal effects; Yield stress; Stress-strain curves; Quasicrystals","Article","Final","All Open Access; Green Open Access","Scopus","2-s2.0-0035705513"
"Armstrong Ronald W.; Douthwaite R.Michael","Armstrong, Ronald W. (8045960800); Douthwaite, R.Michael (24572806000)","8045960800; 24572806000","Hall-Petch basis for assessing alloy strengthening","1995","Materials Research Society Symposium - Proceedings","362","","","41","47","28","","https://www.scopus.com/pages/publications/0029223467?origin=resultslist","The Hall-Petch relation σ = σo + kℓ- 1/2 , provides for the separate consideration of friction stress strengthening within the polycrystal grain volumes through σo and grain boundary strengthening through the product of the microstructural stress intensity k and the reciprocal square root of the grain diameter ℓ. Smaller grain diameters are normally obtained at higher alloy contents as illustrated for yield strength results reported for different face-centered-cubic Al-Mg alloys. Results on Al-Li alloy give an interesting example of substantial grain boundary strengthening that is associated with reduced ductility of the material. More complete results reported for the Cu-Al system, allow an evaluation of the strengthening component dependencies on alloy composition, in particular, connecting with a predicted square root of grain boundary obstacle stress in k. The much studied Cu-Zn alloys bring out subtle changes in σo and k.","","Alloys; Dislocations (crystals); Ductility; Friction; Grain boundaries; Grain size and shape; Microstructure; Polycrystals; Stress concentration; Stress intensity factors; Stresses; Yield stress; Alloy strengthening; Aluminum lithium alloys; Aluminum magnesium alloys; Copper aluminum system; Copper zinc alloys; Friction stress strengthening; Grain diameter; Grain volumes; Hall-Petch basis; Reciprocal square root; Strengthening (metal)","Conference paper","Final","","Scopus","2-s2.0-0029223467"
"Liu S.; Zhang H.; Zhao L.; Li G.; Zhang C.; Zhang J.; Sun T.","Liu, Shiquan (58209060700); Zhang, Haijun (57188960586); Zhao, Liang (57190255649); Li, Guo (55634104500); Zhang, Chunyu (57193117339); Zhang, Junjie (56005693300); Sun, Tao (56555691800)","58209060700; 57188960586; 57190255649; 55634104500; 57193117339; 56005693300; 56555691800","Coupled thermo-mechanical sticking-sliding friction model along tool-chip interface in diamond cutting of copper","2021","Journal of Manufacturing Processes","70","","","578","592","26","10.1016/j.jmapro.2021.09.012","https://www.scopus.com/pages/publications/85114954987?origin=resultslist","Dynamic evolution of cutting temperature in the ongoing ultra-precision diamond cutting process with ultra-small material removal depth possesses a strong impact on the tool-chip friction states. In the present work, we propose an improved sticking-sliding friction model for diamond cutting of copper with the consideration of coupling thermo-mechanical dynamic evolution of frictional stress at tool-chip interface. Specifically, analytical investigation is performed to derive the correlation of activation conditions of sticking and sliding friction states with not only the evolution of coupled thermal-mechanical friction stress at tool-chip interface, but also the evolution of cutting temperature caused by tool-chip gap-induced heat loss. Subsequently, the effectiveness of improved sticking-sliding friction model is evaluated by finite element simulations and corresponding cutting experiments incorporated with high speed camera monitoring. Furthermore, the effects of depth of cut and rake angle of cutting tool on the tool-chip friction states in diamond cutting of copper are evaluated. Current findings provide insights for understanding and tailoring the tool-chip friction in small-scale metal cutting. © 2021 The Society of Manufacturing Engineers","Copper; Diamond cutting; Finite element simulation; Sticking-sliding friction model; Tool-chip friction","Copper; Cutting tools; Diamonds; Friction; High speed cameras; Interface states; Metal cutting; Coupled thermo-mechanical; Cutting temperature; Diamond cutting; Dynamic evolution; Finite elements simulation; Friction modeling; Sliding friction; Sticking-sliding friction model; Tool-chip friction; Tool/chip interface; Finite element method","Article","Final","","Scopus","2-s2.0-85114954987"
"He T.; Ji Y.; Qi Y.; Chen L.-Q.; Feng M.","He, Tengwu (57191613632); Ji, Yanzhou (56192922700); Qi, Yuming (57208530308); Chen, Long-Qing (54790583500); Feng, Miaolin (10045779900)","57191613632; 56192922700; 57208530308; 54790583500; 10045779900","Stress-dependence of dislocation dissociation, nucleation and annihilation in elastically anisotropic Cu","2021","International Journal of Plasticity","138","","102927","","","15","10.1016/j.ijplas.2021.102927","https://www.scopus.com/pages/publications/85101270537?origin=resultslist","Dislocation dynamics under external stresses are an important manifestation of plastic behaviors of materials. In this study, based on the work of Shen et al. (2014), an improved microscopic phase field (MPF) model incorporating gradient energy term into the energy functional is developed to thoroughly investigate the stress dependence of whole dislocation evolution processes, including dislocation dissociation, nucleation, and annihilation in Cu with prominent elastic anisotropy. Necessary physical parameters such as elastic constants, lattice energy and gradient energy coefficients are all determined by atomistic molecular statics (MS) simulations. The residue theorem is utilized to accurately solve the anisotropic stress kernels as pre-factors characterizing the long-range elastic interaction produced by edge and screw components of mixed dislocations in anisotropic Cu. The Peierls stress of screw dislocations and stacking fault width under applied stress are evaluated by the MPF model and compared with those assessed by the semi-discrete variational Peierls-Nabarro (SVPN) model and MS simulations. The MPF model is then applied to screw dislocation dipoles and dislocation loops to examine possible dislocation evolution paths under different stress states. Through systematic simulations, we find the dislocation evolution regimes are closely related with the applied stress, and can be distinguished by three important critical stresses, i.e., critical stress, singular stress, and nucleation stress. Specifically, when the applied stress is less than the critical stress, the dislocation loops always collapse in the end, and do not depend on the final states of Shockley partials, which may exist or have annihilated. Furthermore, when the applied stress exceeds the nucleation stress, partial dislocations will spontaneously nucleate within stacking fault (SF) area, followed by a series of dislocation reactions until partial dislocations bρ1 and bρ3 are left in the end. Besides, the shear stress components perpendicular to the Escaig stress in slip plane are found to suppress the nucleation of partial dislocations in SF area. © 2021 Elsevier Ltd.","Anisotropic stress kernels; Atomistic simulations; Dislocation loop; Peierls stress; Phase field; Stacking fault","Anisotropy; Copper metallography; Dissociation; Elastoplasticity; Lattice constants; Nucleation; Screw dislocations; Screws; Shear stress; Stacking faults; Dislocation evolution; Dislocation reactions; Elastic interactions; Gradient energy coefficients; Microscopic phase field; Partial dislocations; Shear stress component; Systematic simulation; Crystallization","Article","Final","All Open Access; Green Open Access","Scopus","2-s2.0-85101270537"
"Ji C.; Shi J.; Liu Z.; Wang Y.","Ji, Chunhui (57221035533); Shi, Jing (55485966800); Liu, Zhanqiang (24077795900); Wang, Yachao (54781891700)","57221035533; 55485966800; 24077795900; 54781891700","Comparison of tool-chip stress distributions in nano-machining of monocrystalline silicon and copper","2013","International Journal of Mechanical Sciences","77","","","30","39","28","10.1016/j.ijmecsci.2013.09.024","https://www.scopus.com/pages/publications/84886557913?origin=resultslist","Tool-chip interface is a critical zone for machining processes, and the interaction between work material and tool governs chip formation and affects cutting performances. To investigate the tool-chip stress distribution and friction phenomena in nano-machining of monocrystalline silicon and copper materials, a molecular dynamics simulation approach is adopted. The Tersoff potential function is employed to model the interatomic force among silicon atoms, and an EAM potential function is used to model the interatomic force between copper atoms. Twelve cases of 3D orthogonal machining with various cutting conditions are simulated. The stress distributions along the tool-chip interface in copper and silicon machining are investigated and compared at various cutting speeds (10-400 m/s) and with two tool rake angles (-15 and -30). Also the effect of depth of cut on the friction behaviors in silicon machining is investigated at three levels of depth of cut. The results show that the main deformation mechanism of silicon machining is the amorphous phase transformation, while the machining process of copper is dominated by the plastic deformation involving the generation and propagation of dislocations. Under the same machining parameters, the contact lengths of tool-chip interface are close for the cases of silicon and copper machining at the initial stage, but they are constantly longer for copper machining beyond the initial stage. Along the tool-chip interface, the normal and friction stress distributions are more complex in silicon machining than those in copper machining, and the material flow near tool edge could be downwards instead of upwards. The patterns of stress distributions in copper machining are not influenced significantly by the cutting speed and tool rake angle, but those in silicon machining show significant variations and thus are less conclusive. The results also indicate that the well-established friction models for conventional machining may not work for nano-machining. © 2013 Elsevier Ltd.","Copper; Friction; Molecular dynamics simulation; Nano-machining; Silicon; Stress distribution","Copper; Copper compounds; Cutting; Friction; Interfaces (materials); Machining; Machining centers; Molecular dynamics; Monocrystalline silicon; Silicon; Stress concentration; Tools; Tribology; Conventional machining; Cutting performance; Deformation mechanism; Interatomic forces; Machining parameters; Molecular dynamics simulations; Nanomachining; Tool-chip interface; Amorphous silicon","Article","Final","","Scopus","2-s2.0-84886557913"
